{
  "name": "Valentine Funk",
  "addresses": [
    {
      "type": "home",
      "address": "7216 Dawn Lodge",
      "city": "Los Angeles",
      "country": "United States"
    }
  ],
  "driving_licence": "e68bc98d-8678-58b2-8e83-55de7d71994b",
  "passport": "3da53e59-5d9d-5202-88a8-22dfd12cb4cc",
  "preferred_email": "valentinefunk@beg.et",
  "preferred_phone": "(209) 318-3899",
  "preferred_airline": "inventory.airline.airline_315",
  "preferred_airport": "inventory.airport.airport_3484",
  "credit_cards": [
    {
      "type": "Mastercard",
      "number": "5171512079803462",
      "expiration": "2021-09"
    },
    {
      "type": "American Express",
      "number": "348192124538048",
      "expiration": "2021-12"
    }
  ],
  "created": "2020-12-29",
  "updated": "2021-02-19"
}