{"id":272,"type":"route","airline":"3F","airlineid":"airline_16262","sourceairport":"CGA","destinationairport":"KTN","stops":0,"equipment":"DHP","schedule":[{"day":0,"utc":"12:27:00","flight":"3F323"},{"day":0,"utc":"12:45:00","flight":"3F225"},{"day":0,"utc":"11:39:00","flight":"3F039"},{"day":0,"utc":"13:30:00","flight":"3F818"},{"day":0,"utc":"03:08:00","flight":"3F149"},{"day":1,"utc":"12:42:00","flight":"3F793"},{"day":1,"utc":"03:20:00","flight":"3F990"},{"day":1,"utc":"07:38:00","flight":"3F069"},{"day":1,"utc":"04:21:00","flight":"3F444"},{"day":2,"utc":"21:03:00","flight":"3F057"},{"day":2,"utc":"02:16:00","flight":"3F701"},{"day":2,"utc":"22:02:00","flight":"3F123"},{"day":2,"utc":"21:16:00","flight":"3F129"},{"day":2,"utc":"04:56:00","flight":"3F900"},{"day":3,"utc":"18:18:00","flight":"3F533"},{"day":3,"utc":"13:44:00","flight":"3F070"},{"day":3,"utc":"17:41:00","flight":"3F388"},{"day":3,"utc":"17:50:00","flight":"3F917"},{"day":3,"utc":"12:03:00","flight":"3F071"},{"day":4,"utc":"03:11:00","flight":"3F155"},{"day":4,"utc":"03:18:00","flight":"3F393"},{"day":4,"utc":"23:46:00","flight":"3F115"},{"day":4,"utc":"17:10:00","flight":"3F521"},{"day":5,"utc":"20:04:00","flight":"3F536"},{"day":5,"utc":"17:09:00","flight":"3F624"},{"day":5,"utc":"16:03:00","flight":"3F586"},{"day":6,"utc":"04:57:00","flight":"3F233"},{"day":6,"utc":"14:52:00","flight":"3F642"},{"day":6,"utc":"01:25:00","flight":"3F834"}],"distance":91.53839302649642}