{"id":10409,"type":"route","airline":"AI","airlineid":"airline_218","sourceairport":"DEL","destinationairport":"CDG","stops":0,"equipment":"788","schedule":[{"day":0,"utc":"00:24:00","flight":"AI988"},{"day":0,"utc":"17:32:00","flight":"AI972"},{"day":1,"utc":"23:58:00","flight":"AI693"},{"day":1,"utc":"15:06:00","flight":"AI254"},{"day":1,"utc":"23:53:00","flight":"AI163"},{"day":1,"utc":"16:36:00","flight":"AI970"},{"day":2,"utc":"06:55:00","flight":"AI835"},{"day":2,"utc":"01:01:00","flight":"AI101"},{"day":2,"utc":"10:43:00","flight":"AI357"},{"day":2,"utc":"01:44:00","flight":"AI568"},{"day":2,"utc":"18:16:00","flight":"AI680"},{"day":3,"utc":"05:06:00","flight":"AI025"},{"day":4,"utc":"23:08:00","flight":"AI844"},{"day":4,"utc":"09:50:00","flight":"AI689"},{"day":5,"utc":"09:13:00","flight":"AI730"},{"day":5,"utc":"19:04:00","flight":"AI518"},{"day":5,"utc":"02:19:00","flight":"AI974"},{"day":5,"utc":"02:47:00","flight":"AI314"},{"day":6,"utc":"08:02:00","flight":"AI912"},{"day":6,"utc":"22:48:00","flight":"AI300"}],"distance":6565.37173498434}