{"id":58993,"type":"route","airline":"US","airlineid":"airline_5265","sourceairport":"DCA","destinationairport":"SAN","stops":0,"equipment":"319","schedule":[{"day":0,"utc":"04:12:00","flight":"US992"},{"day":0,"utc":"21:44:00","flight":"US803"},{"day":1,"utc":"07:30:00","flight":"US986"},{"day":1,"utc":"12:27:00","flight":"US783"},{"day":1,"utc":"03:35:00","flight":"US168"},{"day":1,"utc":"21:16:00","flight":"US072"},{"day":2,"utc":"19:20:00","flight":"US681"},{"day":2,"utc":"19:17:00","flight":"US080"},{"day":2,"utc":"10:45:00","flight":"US711"},{"day":3,"utc":"06:07:00","flight":"US989"},{"day":3,"utc":"15:53:00","flight":"US119"},{"day":3,"utc":"15:24:00","flight":"US269"},{"day":3,"utc":"22:45:00","flight":"US160"},{"day":4,"utc":"15:19:00","flight":"US848"},{"day":4,"utc":"18:56:00","flight":"US522"},{"day":4,"utc":"14:01:00","flight":"US981"},{"day":4,"utc":"07:45:00","flight":"US410"},{"day":5,"utc":"10:35:00","flight":"US163"},{"day":5,"utc":"04:38:00","flight":"US196"},{"day":5,"utc":"19:05:00","flight":"US029"},{"day":5,"utc":"01:13:00","flight":"US666"},{"day":5,"utc":"03:13:00","flight":"US341"},{"day":6,"utc":"18:20:00","flight":"US686"}],"distance":3654.7688298287535}