{"title":"Altrincham","name":"Altrincham Garrick Playhouse","alt":null,"address":"Barrington Rd","directions":null,"phone":"+44 161 928-1677","tollfree":null,"email":null,"url":"http://www.altrinchamgarrick.co.uk/","hours":null,"image":null,"price":null,"content":"&quot;Discover a world of entertainment and drama&quot; at Altrincham's recently refurbished playhouse and theatre. Drama, musicals, concerts and pantomime.","geo":{"lat":53.39373,"lon":-2.34998,"accuracy":"RANGE_INTERPOLATED"},"activity":"do","type":"landmark","id":556,"country":"United Kingdom","city":"Altrincham","state":null}