{"id":55760,"type":"route","airline":"UA","airlineid":"airline_5209","sourceairport":"ABJ","destinationairport":"LFW","stops":0,"equipment":"333","schedule":[{"day":0,"utc":"09:40:00","flight":"UA113"},{"day":1,"utc":"10:50:00","flight":"UA577"},{"day":1,"utc":"15:45:00","flight":"UA450"},{"day":1,"utc":"11:56:00","flight":"UA309"},{"day":1,"utc":"01:23:00","flight":"UA147"},{"day":2,"utc":"08:34:00","flight":"UA775"},{"day":2,"utc":"11:31:00","flight":"UA647"},{"day":2,"utc":"00:21:00","flight":"UA423"},{"day":2,"utc":"21:28:00","flight":"UA745"},{"day":2,"utc":"07:24:00","flight":"UA844"},{"day":3,"utc":"00:38:00","flight":"UA212"},{"day":3,"utc":"16:40:00","flight":"UA060"},{"day":3,"utc":"15:47:00","flight":"UA658"},{"day":3,"utc":"23:09:00","flight":"UA989"},{"day":4,"utc":"10:42:00","flight":"UA296"},{"day":4,"utc":"20:18:00","flight":"UA272"},{"day":4,"utc":"13:38:00","flight":"UA821"},{"day":5,"utc":"23:19:00","flight":"UA597"},{"day":6,"utc":"21:39:00","flight":"UA668"},{"day":6,"utc":"06:56:00","flight":"UA933"},{"day":6,"utc":"10:12:00","flight":"UA144"},{"day":6,"utc":"11:21:00","flight":"UA171"},{"day":6,"utc":"16:57:00","flight":"UA240"}],"distance":581.9606784193828}