{"id":47116,"type":"route","airline":"QF","airlineid":"airline_4089","sourceairport":"SYD","destinationairport":"DFW","stops":0,"equipment":"744","schedule":[{"day":0,"utc":"13:01:00","flight":"QF339"},{"day":0,"utc":"03:45:00","flight":"QF719"},{"day":1,"utc":"16:12:00","flight":"QF663"},{"day":1,"utc":"15:20:00","flight":"QF410"},{"day":1,"utc":"17:44:00","flight":"QF388"},{"day":1,"utc":"16:08:00","flight":"QF026"},{"day":1,"utc":"13:40:00","flight":"QF373"},{"day":2,"utc":"21:45:00","flight":"QF363"},{"day":2,"utc":"06:40:00","flight":"QF003"},{"day":2,"utc":"13:30:00","flight":"QF993"},{"day":3,"utc":"09:40:00","flight":"QF842"},{"day":4,"utc":"12:48:00","flight":"QF186"},{"day":4,"utc":"21:29:00","flight":"QF210"},{"day":4,"utc":"09:25:00","flight":"QF026"},{"day":5,"utc":"22:16:00","flight":"QF848"},{"day":5,"utc":"05:36:00","flight":"QF791"},{"day":6,"utc":"21:41:00","flight":"QF457"},{"day":6,"utc":"01:17:00","flight":"QF130"},{"day":6,"utc":"09:10:00","flight":"QF854"},{"day":6,"utc":"19:41:00","flight":"QF905"}],"distance":13808.161124178392}