{
  "name": "Destini Turcotte",
  "addresses": [
    {
      "type": "work",
      "address": "64217 Rogers Road",
      "city": "Hacalju",
      "country": "Cameroon"
    },
    {
      "type": "home",
      "address": "500 Lexus Rest",
      "city": "Hacalju",
      "country": "Cameroon"
    }
  ],
  "driving_licence": "7e98fe3d-61fa-5553-af51-fc8c268476d1",
  "passport": "3155eb86-6394-54b1-b21c-d181579ea421",
  "preferred_email": "destiniturcotte@fes.cw",
  "preferred_phone": "(740) 458-9058",
  "preferred_airline": null,
  "preferred_airport": null,
  "credit_cards": [
    {
      "type": "Visa",
      "number": "4887627699637575",
      "expiration": "2022-01"
    },
    {
      "type": "Mastercard",
      "number": "5165542140198996",
      "expiration": "2021-08"
    }
  ],
  "created": "2020-10-02",
  "updated": "2021-02-19"
}