{"id":9934,"type":"route","airline":"AF","airlineid":"airline_137","sourceairport":"SEA","destinationairport":"ATL","stops":0,"equipment":"739 76W 757","schedule":[{"day":0,"utc":"06:51:00","flight":"AF134"},{"day":0,"utc":"21:39:00","flight":"AF697"},{"day":0,"utc":"02:35:00","flight":"AF666"},{"day":0,"utc":"14:57:00","flight":"AF229"},{"day":0,"utc":"14:44:00","flight":"AF265"},{"day":1,"utc":"01:06:00","flight":"AF236"},{"day":1,"utc":"23:34:00","flight":"AF294"},{"day":1,"utc":"02:37:00","flight":"AF955"},{"day":1,"utc":"07:23:00","flight":"AF440"},{"day":1,"utc":"21:09:00","flight":"AF786"},{"day":2,"utc":"09:50:00","flight":"AF382"},{"day":3,"utc":"07:20:00","flight":"AF160"},{"day":4,"utc":"09:09:00","flight":"AF640"},{"day":5,"utc":"08:35:00","flight":"AF558"},{"day":6,"utc":"04:08:00","flight":"AF024"},{"day":6,"utc":"00:45:00","flight":"AF500"},{"day":6,"utc":"00:13:00","flight":"AF270"},{"day":6,"utc":"11:46:00","flight":"AF781"},{"day":6,"utc":"05:57:00","flight":"AF359"}],"distance":3505.000897033538}