{"id":14390,"type":"route","airline":"BA","airlineid":"airline_1355","sourceairport":"AAL","destinationairport":"AAR","stops":0,"equipment":"FRJ","schedule":[{"day":0,"utc":"11:10:00","flight":"BA179"},{"day":0,"utc":"21:00:00","flight":"BA778"},{"day":0,"utc":"11:54:00","flight":"BA058"},{"day":1,"utc":"09:12:00","flight":"BA100"},{"day":2,"utc":"08:08:00","flight":"BA276"},{"day":2,"utc":"23:20:00","flight":"BA424"},{"day":2,"utc":"05:07:00","flight":"BA506"},{"day":2,"utc":"12:32:00","flight":"BA162"},{"day":3,"utc":"21:09:00","flight":"BA656"},{"day":3,"utc":"19:10:00","flight":"BA154"},{"day":3,"utc":"01:54:00","flight":"BA433"},{"day":3,"utc":"08:41:00","flight":"BA510"},{"day":3,"utc":"23:34:00","flight":"BA279"},{"day":4,"utc":"20:58:00","flight":"BA925"},{"day":4,"utc":"18:59:00","flight":"BA722"},{"day":4,"utc":"20:07:00","flight":"BA999"},{"day":4,"utc":"12:39:00","flight":"BA006"},{"day":5,"utc":"07:44:00","flight":"BA279"},{"day":5,"utc":"06:06:00","flight":"BA500"},{"day":5,"utc":"21:52:00","flight":"BA106"},{"day":6,"utc":"19:39:00","flight":"BA323"}],"distance":99.89861063028253}