{"id":273,"type":"route","airline":"3F","airlineid":"airline_16262","sourceairport":"HYL","destinationairport":"CGA","stops":0,"equipment":"DHP","schedule":[{"day":0,"utc":"21:42:00","flight":"3F207"},{"day":1,"utc":"07:37:00","flight":"3F064"},{"day":1,"utc":"15:10:00","flight":"3F382"},{"day":1,"utc":"01:48:00","flight":"3F063"},{"day":2,"utc":"09:58:00","flight":"3F279"},{"day":2,"utc":"12:29:00","flight":"3F219"},{"day":2,"utc":"12:03:00","flight":"3F469"},{"day":2,"utc":"06:48:00","flight":"3F668"},{"day":2,"utc":"01:51:00","flight":"3F282"},{"day":3,"utc":"13:58:00","flight":"3F946"},{"day":3,"utc":"23:59:00","flight":"3F473"},{"day":3,"utc":"10:48:00","flight":"3F749"},{"day":3,"utc":"22:57:00","flight":"3F627"},{"day":4,"utc":"17:30:00","flight":"3F937"},{"day":4,"utc":"08:39:00","flight":"3F958"},{"day":4,"utc":"03:52:00","flight":"3F847"},{"day":5,"utc":"07:08:00","flight":"3F363"},{"day":5,"utc":"04:12:00","flight":"3F360"},{"day":5,"utc":"18:17:00","flight":"3F959"},{"day":6,"utc":"09:09:00","flight":"3F719"},{"day":6,"utc":"22:40:00","flight":"3F774"},{"day":6,"utc":"23:09:00","flight":"3F250"},{"day":6,"utc":"16:04:00","flight":"3F474"}],"distance":31.613003135476145}