{"id":14867,"type":"route","airline":"BA","airlineid":"airline_1355","sourceairport":"OSL","destinationairport":"AAL","stops":0,"equipment":"J31 FRJ","schedule":[{"day":0,"utc":"08:29:00","flight":"BA579"},{"day":0,"utc":"00:12:00","flight":"BA690"},{"day":0,"utc":"03:02:00","flight":"BA165"},{"day":0,"utc":"15:46:00","flight":"BA968"},{"day":1,"utc":"09:25:00","flight":"BA893"},{"day":1,"utc":"18:36:00","flight":"BA867"},{"day":1,"utc":"16:56:00","flight":"BA894"},{"day":1,"utc":"16:43:00","flight":"BA006"},{"day":2,"utc":"21:47:00","flight":"BA931"},{"day":2,"utc":"03:58:00","flight":"BA388"},{"day":2,"utc":"21:36:00","flight":"BA134"},{"day":2,"utc":"05:29:00","flight":"BA722"},{"day":2,"utc":"12:47:00","flight":"BA674"},{"day":3,"utc":"06:02:00","flight":"BA294"},{"day":3,"utc":"15:59:00","flight":"BA415"},{"day":3,"utc":"10:53:00","flight":"BA273"},{"day":3,"utc":"13:57:00","flight":"BA203"},{"day":4,"utc":"14:02:00","flight":"BA122"},{"day":4,"utc":"18:40:00","flight":"BA617"},{"day":4,"utc":"17:44:00","flight":"BA186"},{"day":5,"utc":"07:32:00","flight":"BA689"},{"day":5,"utc":"19:29:00","flight":"BA762"},{"day":6,"utc":"19:56:00","flight":"BA494"},{"day":6,"utc":"19:19:00","flight":"BA472"},{"day":6,"utc":"22:19:00","flight":"BA858"},{"day":6,"utc":"05:26:00","flight":"BA163"}],"distance":352.33081791745275}