{"id":14240,"type":"route","airline":"B6","airlineid":"airline_3029","sourceairport":"SFO","destinationairport":"BOS","stops":0,"equipment":"320","schedule":[{"day":0,"utc":"15:57:00","flight":"B6795"},{"day":0,"utc":"08:22:00","flight":"B6277"},{"day":0,"utc":"02:50:00","flight":"B6766"},{"day":1,"utc":"10:31:00","flight":"B6196"},{"day":2,"utc":"22:58:00","flight":"B6754"},{"day":3,"utc":"10:29:00","flight":"B6800"},{"day":3,"utc":"03:54:00","flight":"B6372"},{"day":4,"utc":"14:41:00","flight":"B6586"},{"day":4,"utc":"09:19:00","flight":"B6754"},{"day":4,"utc":"14:57:00","flight":"B6819"},{"day":5,"utc":"17:29:00","flight":"B6172"},{"day":5,"utc":"05:24:00","flight":"B6583"},{"day":5,"utc":"03:35:00","flight":"B6113"},{"day":5,"utc":"01:58:00","flight":"B6084"},{"day":5,"utc":"04:06:00","flight":"B6092"},{"day":6,"utc":"09:43:00","flight":"B6314"},{"day":6,"utc":"00:44:00","flight":"B6604"},{"day":6,"utc":"05:10:00","flight":"B6100"}],"distance":4341.234710380178}