{"title":"Inverness","name":"Inverness Botanic Gardens","alt":"Floral Hall","address":"Bught Lane","directions":"next to the sports centre","phone":null,"tollfree":null,"email":null,"url":"http://www.invernessfloralhall.com/","hours":null,"image":null,"price":"Free","content":"Glasshouse and gardens, with a range of exotic plants, plus a cafe.","geo":{"lat":57.46298,"lon":-4.24036,"accuracy":"APPROXIMATE"},"activity":"see","type":"landmark","id":12235,"country":"United Kingdom","city":"Inverness","state":null}