{"title":"Hollywood","name":"In-N-Out Burger","alt":null,"address":"7009 W Sunset Blvd","directions":null,"phone":null,"tollfree":null,"email":null,"url":"http://www.in-n-out.com/","hours":"Su-Th 8AM-1AM, F-Sa 8AM-1:30AM","image":null,"price":null,"content":"This hugely popular Southern California burger chain has a surprisingly basic menu, but serves up some of the most popular burgers around, and does burgers well. In-N-Out has a &quot;secret menu,&quot; which was spread by word of mouth before the internet was around. Today it's listed on the company's website, but the secret menu is not listed on menus on-site.","geo":{"lat":34.098222,"lon":-118.341672,"accuracy":"RANGE_INTERPOLATED"},"activity":"eat","type":"landmark","id":11767,"country":"United States","city":"Los Angeles","state":"California"}