{"id":6777,"type":"route","airline":"AA","airlineid":"airline_24","sourceairport":"SFO","destinationairport":"ORD","stops":0,"equipment":"738","schedule":[{"day":0,"utc":"07:10:00","flight":"AA319"},{"day":0,"utc":"23:07:00","flight":"AA231"},{"day":0,"utc":"22:58:00","flight":"AA145"},{"day":0,"utc":"13:36:00","flight":"AA430"},{"day":0,"utc":"06:56:00","flight":"AA799"},{"day":1,"utc":"11:51:00","flight":"AA061"},{"day":1,"utc":"18:46:00","flight":"AA165"},{"day":2,"utc":"01:35:00","flight":"AA890"},{"day":2,"utc":"18:23:00","flight":"AA266"},{"day":2,"utc":"00:24:00","flight":"AA165"},{"day":2,"utc":"12:56:00","flight":"AA661"},{"day":2,"utc":"07:47:00","flight":"AA742"},{"day":3,"utc":"08:53:00","flight":"AA861"},{"day":3,"utc":"07:19:00","flight":"AA152"},{"day":3,"utc":"06:44:00","flight":"AA239"},{"day":4,"utc":"13:09:00","flight":"AA697"},{"day":4,"utc":"08:44:00","flight":"AA419"},{"day":4,"utc":"02:20:00","flight":"AA241"},{"day":4,"utc":"00:17:00","flight":"AA239"},{"day":5,"utc":"11:14:00","flight":"AA978"},{"day":5,"utc":"10:42:00","flight":"AA008"},{"day":5,"utc":"22:26:00","flight":"AA844"},{"day":5,"utc":"00:54:00","flight":"AA331"},{"day":6,"utc":"14:09:00","flight":"AA520"}],"distance":2963.951598509011}