{"id":11211,"type":"route","airline":"AM","airlineid":"airline_321","sourceairport":"SEA","destinationairport":"ATL","stops":0,"equipment":"739 76W 757","schedule":[{"day":0,"utc":"05:46:00","flight":"AM528"},{"day":0,"utc":"11:13:00","flight":"AM000"},{"day":1,"utc":"11:53:00","flight":"AM511"},{"day":1,"utc":"05:51:00","flight":"AM326"},{"day":1,"utc":"20:38:00","flight":"AM153"},{"day":2,"utc":"22:39:00","flight":"AM035"},{"day":2,"utc":"00:20:00","flight":"AM316"},{"day":2,"utc":"10:25:00","flight":"AM943"},{"day":3,"utc":"17:08:00","flight":"AM977"},{"day":3,"utc":"17:29:00","flight":"AM397"},{"day":3,"utc":"10:59:00","flight":"AM869"},{"day":4,"utc":"22:32:00","flight":"AM223"},{"day":5,"utc":"10:58:00","flight":"AM634"},{"day":5,"utc":"15:06:00","flight":"AM012"},{"day":6,"utc":"04:37:00","flight":"AM729"},{"day":6,"utc":"21:55:00","flight":"AM096"},{"day":6,"utc":"09:37:00","flight":"AM794"},{"day":6,"utc":"07:11:00","flight":"AM602"}],"distance":3505.000897033538}