{"title":"Avignon","name":"Le Vin Devant Soi","alt":"wine shop","address":"4 rue Collège du Roure","directions":"just off of Rue de la République, south of the Place de l'Horlorge","phone":"+33 490820439","tollfree":null,"email":null,"url":"http://www.lvds.fr","hours":"Until 7PM or 8PM","image":null,"price":null,"content":"This wine shop has a permanent tasting machine set up with 32 wines.  You purchase tasting credit for however much you like, they give you a card that you can put in the tasting machine to select the wine you want to taste.  Tastes come in three different sizes, with different prices for different wines.  The staff is very friendly, and there is a nice atmosphere.","geo":{"lat":43.9485757,"lon":4.805402800000024,"accuracy":"RANGE_INTERPOLATED"},"activity":"drink","type":"landmark","id":1356,"country":"France","city":"Avignon","state":"Provence-Alpes-Côte d'Azur"}