{"id":21748,"type":"route","airline":"DL","airlineid":"airline_2009","sourceairport":"SFO","destinationairport":"ATL","stops":0,"equipment":"763 739 757","schedule":[{"day":0,"utc":"19:56:00","flight":"DL992"},{"day":0,"utc":"16:55:00","flight":"DL892"},{"day":0,"utc":"14:42:00","flight":"DL825"},{"day":0,"utc":"02:35:00","flight":"DL917"},{"day":0,"utc":"13:08:00","flight":"DL185"},{"day":1,"utc":"13:30:00","flight":"DL208"},{"day":1,"utc":"10:12:00","flight":"DL114"},{"day":1,"utc":"05:27:00","flight":"DL219"},{"day":2,"utc":"02:24:00","flight":"DL805"},{"day":2,"utc":"01:39:00","flight":"DL816"},{"day":2,"utc":"17:22:00","flight":"DL223"},{"day":3,"utc":"22:07:00","flight":"DL313"},{"day":3,"utc":"16:38:00","flight":"DL834"},{"day":3,"utc":"03:40:00","flight":"DL794"},{"day":3,"utc":"07:20:00","flight":"DL875"},{"day":4,"utc":"01:03:00","flight":"DL240"},{"day":4,"utc":"14:46:00","flight":"DL272"},{"day":4,"utc":"16:41:00","flight":"DL951"},{"day":4,"utc":"15:47:00","flight":"DL839"},{"day":4,"utc":"20:10:00","flight":"DL354"},{"day":5,"utc":"11:56:00","flight":"DL235"},{"day":5,"utc":"20:05:00","flight":"DL917"},{"day":5,"utc":"04:12:00","flight":"DL075"},{"day":5,"utc":"06:56:00","flight":"DL272"},{"day":5,"utc":"03:48:00","flight":"DL505"},{"day":6,"utc":"22:18:00","flight":"DL063"},{"day":6,"utc":"22:52:00","flight":"DL527"},{"day":6,"utc":"00:08:00","flight":"DL137"},{"day":6,"utc":"13:08:00","flight":"DL398"}],"distance":3434.7108309317646}