{"id":64046,"type":"route","airline":"WN","airlineid":"airline_4547","sourceairport":"MCO","destinationairport":"CAK","stops":1,"equipment":"73C 73W","schedule":[{"day":0,"utc":"11:02:00","flight":"WN308"},{"day":1,"utc":"17:12:00","flight":"WN517"},{"day":1,"utc":"05:28:00","flight":"WN920"},{"day":2,"utc":"23:05:00","flight":"WN134"},{"day":2,"utc":"06:12:00","flight":"WN735"},{"day":2,"utc":"05:00:00","flight":"WN402"},{"day":2,"utc":"14:30:00","flight":"WN471"},{"day":3,"utc":"04:50:00","flight":"WN982"},{"day":3,"utc":"17:45:00","flight":"WN599"},{"day":3,"utc":"08:35:00","flight":"WN480"},{"day":4,"utc":"22:54:00","flight":"WN236"},{"day":4,"utc":"22:07:00","flight":"WN391"},{"day":5,"utc":"07:32:00","flight":"WN477"},{"day":5,"utc":"19:49:00","flight":"WN286"},{"day":5,"utc":"17:21:00","flight":"WN092"},{"day":5,"utc":"03:30:00","flight":"WN596"},{"day":5,"utc":"14:58:00","flight":"WN923"},{"day":6,"utc":"08:57:00","flight":"WN510"},{"day":6,"utc":"14:06:00","flight":"WN834"}],"distance":1388.5094151988615}