{"id":6776,"type":"route","airline":"AA","airlineid":"airline_24","sourceairport":"SFO","destinationairport":"MIA","stops":0,"equipment":"757 763 738","schedule":[{"day":0,"utc":"01:44:00","flight":"AA292"},{"day":0,"utc":"23:56:00","flight":"AA978"},{"day":0,"utc":"04:58:00","flight":"AA681"},{"day":0,"utc":"01:19:00","flight":"AA729"},{"day":1,"utc":"22:09:00","flight":"AA979"},{"day":1,"utc":"17:10:00","flight":"AA363"},{"day":1,"utc":"14:04:00","flight":"AA070"},{"day":1,"utc":"09:53:00","flight":"AA910"},{"day":1,"utc":"13:38:00","flight":"AA296"},{"day":2,"utc":"18:53:00","flight":"AA578"},{"day":2,"utc":"11:28:00","flight":"AA194"},{"day":2,"utc":"23:57:00","flight":"AA670"},{"day":2,"utc":"03:36:00","flight":"AA495"},{"day":3,"utc":"01:54:00","flight":"AA549"},{"day":3,"utc":"15:50:00","flight":"AA547"},{"day":3,"utc":"14:51:00","flight":"AA086"},{"day":3,"utc":"16:40:00","flight":"AA720"},{"day":3,"utc":"03:46:00","flight":"AA720"},{"day":4,"utc":"01:22:00","flight":"AA504"},{"day":4,"utc":"06:58:00","flight":"AA598"},{"day":4,"utc":"07:50:00","flight":"AA683"},{"day":4,"utc":"00:38:00","flight":"AA412"},{"day":5,"utc":"10:54:00","flight":"AA323"},{"day":5,"utc":"02:28:00","flight":"AA565"},{"day":5,"utc":"02:38:00","flight":"AA921"},{"day":5,"utc":"14:25:00","flight":"AA927"},{"day":6,"utc":"09:45:00","flight":"AA249"},{"day":6,"utc":"22:00:00","flight":"AA959"},{"day":6,"utc":"22:43:00","flight":"AA988"},{"day":6,"utc":"20:19:00","flight":"AA633"},{"day":6,"utc":"15:50:00","flight":"AA842"}],"distance":4153.694730459581}