{"id":14391,"type":"route","airline":"BA","airlineid":"airline_1355","sourceairport":"AAL","destinationairport":"OSL","stops":0,"equipment":"J31 FRJ","schedule":[{"day":0,"utc":"23:04:00","flight":"BA931"},{"day":1,"utc":"11:58:00","flight":"BA114"},{"day":1,"utc":"19:40:00","flight":"BA836"},{"day":1,"utc":"16:45:00","flight":"BA305"},{"day":2,"utc":"19:50:00","flight":"BA798"},{"day":2,"utc":"06:34:00","flight":"BA343"},{"day":2,"utc":"01:34:00","flight":"BA965"},{"day":3,"utc":"16:40:00","flight":"BA722"},{"day":3,"utc":"04:25:00","flight":"BA828"},{"day":3,"utc":"04:55:00","flight":"BA302"},{"day":3,"utc":"00:54:00","flight":"BA357"},{"day":3,"utc":"08:51:00","flight":"BA945"},{"day":4,"utc":"09:52:00","flight":"BA870"},{"day":4,"utc":"15:04:00","flight":"BA169"},{"day":4,"utc":"21:01:00","flight":"BA382"},{"day":4,"utc":"22:26:00","flight":"BA115"},{"day":5,"utc":"09:16:00","flight":"BA649"},{"day":6,"utc":"16:37:00","flight":"BA438"},{"day":6,"utc":"01:15:00","flight":"BA139"}],"distance":352.33081791745275}