{"id":277,"type":"route","airline":"3F","airlineid":"airline_16262","sourceairport":"KTB","destinationairport":"KTN","stops":0,"equipment":"DHP","schedule":[{"day":0,"utc":"07:23:00","flight":"3F014"},{"day":0,"utc":"10:42:00","flight":"3F162"},{"day":0,"utc":"03:39:00","flight":"3F186"},{"day":1,"utc":"07:46:00","flight":"3F572"},{"day":1,"utc":"15:01:00","flight":"3F167"},{"day":2,"utc":"19:50:00","flight":"3F880"},{"day":2,"utc":"23:12:00","flight":"3F795"},{"day":2,"utc":"13:28:00","flight":"3F860"},{"day":2,"utc":"20:49:00","flight":"3F592"},{"day":2,"utc":"17:29:00","flight":"3F817"},{"day":3,"utc":"14:51:00","flight":"3F803"},{"day":3,"utc":"21:46:00","flight":"3F470"},{"day":3,"utc":"03:59:00","flight":"3F776"},{"day":3,"utc":"14:13:00","flight":"3F143"},{"day":4,"utc":"05:52:00","flight":"3F294"},{"day":4,"utc":"12:18:00","flight":"3F483"},{"day":4,"utc":"10:07:00","flight":"3F650"},{"day":4,"utc":"19:52:00","flight":"3F992"},{"day":5,"utc":"23:31:00","flight":"3F973"},{"day":6,"utc":"22:07:00","flight":"3F593"}],"distance":63.640308584677314}