{"id":5594,"type":"route","airline":"AA","airlineid":"airline_24","sourceairport":"JFK","destinationairport":"AUH","stops":0,"equipment":"777","schedule":[{"day":0,"utc":"08:20:00","flight":"AA117"},{"day":0,"utc":"17:42:00","flight":"AA169"},{"day":0,"utc":"20:17:00","flight":"AA069"},{"day":0,"utc":"00:21:00","flight":"AA358"},{"day":0,"utc":"20:04:00","flight":"AA928"},{"day":1,"utc":"02:19:00","flight":"AA923"},{"day":1,"utc":"20:46:00","flight":"AA127"},{"day":1,"utc":"03:28:00","flight":"AA381"},{"day":2,"utc":"06:45:00","flight":"AA291"},{"day":2,"utc":"23:43:00","flight":"AA730"},{"day":2,"utc":"15:11:00","flight":"AA931"},{"day":2,"utc":"06:36:00","flight":"AA132"},{"day":3,"utc":"22:58:00","flight":"AA507"},{"day":3,"utc":"06:50:00","flight":"AA647"},{"day":4,"utc":"09:43:00","flight":"AA367"},{"day":4,"utc":"01:16:00","flight":"AA006"},{"day":5,"utc":"00:44:00","flight":"AA636"},{"day":5,"utc":"14:51:00","flight":"AA581"},{"day":5,"utc":"17:08:00","flight":"AA167"},{"day":6,"utc":"09:32:00","flight":"AA303"},{"day":6,"utc":"20:22:00","flight":"AA902"},{"day":6,"utc":"02:03:00","flight":"AA937"},{"day":6,"utc":"00:42:00","flight":"AA233"}],"distance":11031.408124987584}