{"id":52968,"type":"route","airline":"TN","airlineid":"airline_225","sourceairport":"AKL","destinationairport":"MEL","stops":0,"equipment":"73H","schedule":[{"day":0,"utc":"00:48:00","flight":"TN524"},{"day":0,"utc":"16:02:00","flight":"TN047"},{"day":0,"utc":"23:08:00","flight":"TN590"},{"day":1,"utc":"18:46:00","flight":"TN883"},{"day":2,"utc":"06:46:00","flight":"TN223"},{"day":2,"utc":"20:19:00","flight":"TN542"},{"day":2,"utc":"01:55:00","flight":"TN013"},{"day":2,"utc":"10:41:00","flight":"TN223"},{"day":3,"utc":"21:57:00","flight":"TN708"},{"day":3,"utc":"18:17:00","flight":"TN044"},{"day":3,"utc":"10:00:00","flight":"TN930"},{"day":4,"utc":"17:55:00","flight":"TN748"},{"day":4,"utc":"06:01:00","flight":"TN792"},{"day":4,"utc":"01:09:00","flight":"TN182"},{"day":4,"utc":"07:08:00","flight":"TN434"},{"day":5,"utc":"11:17:00","flight":"TN193"},{"day":5,"utc":"20:30:00","flight":"TN337"},{"day":6,"utc":"08:39:00","flight":"TN170"},{"day":6,"utc":"13:40:00","flight":"TN289"},{"day":6,"utc":"01:33:00","flight":"TN373"}],"distance":2637.3028974198487}