{"id":10043,"type":"route","airline":"AH","airlineid":"airline_794","sourceairport":"AAE","destinationairport":"LYS","stops":0,"equipment":"738","schedule":[{"day":0,"utc":"09:01:00","flight":"AH072"},{"day":0,"utc":"15:29:00","flight":"AH106"},{"day":0,"utc":"03:09:00","flight":"AH601"},{"day":0,"utc":"06:48:00","flight":"AH110"},{"day":0,"utc":"17:47:00","flight":"AH834"},{"day":1,"utc":"09:51:00","flight":"AH915"},{"day":1,"utc":"00:17:00","flight":"AH901"},{"day":1,"utc":"21:08:00","flight":"AH765"},{"day":1,"utc":"10:44:00","flight":"AH299"},{"day":1,"utc":"06:48:00","flight":"AH345"},{"day":2,"utc":"02:35:00","flight":"AH764"},{"day":2,"utc":"02:22:00","flight":"AH061"},{"day":2,"utc":"02:42:00","flight":"AH925"},{"day":3,"utc":"11:09:00","flight":"AH855"},{"day":3,"utc":"03:47:00","flight":"AH661"},{"day":3,"utc":"23:48:00","flight":"AH812"},{"day":3,"utc":"08:14:00","flight":"AH942"},{"day":4,"utc":"23:45:00","flight":"AH919"},{"day":4,"utc":"19:06:00","flight":"AH277"},{"day":4,"utc":"15:39:00","flight":"AH694"},{"day":4,"utc":"00:46:00","flight":"AH821"},{"day":4,"utc":"15:30:00","flight":"AH921"},{"day":5,"utc":"05:08:00","flight":"AH177"},{"day":5,"utc":"03:23:00","flight":"AH380"},{"day":5,"utc":"15:17:00","flight":"AH375"},{"day":5,"utc":"19:02:00","flight":"AH320"},{"day":6,"utc":"19:32:00","flight":"AH223"},{"day":6,"utc":"01:18:00","flight":"AH553"}],"distance":1015.6529968903878}