{"id":10625,"type":"route","airline":"AI","airlineid":"airline_218","sourceairport":"SFO","destinationairport":"ICN","stops":0,"equipment":"77W","schedule":[{"day":0,"utc":"17:16:00","flight":"AI120"},{"day":1,"utc":"23:50:00","flight":"AI678"},{"day":2,"utc":"01:53:00","flight":"AI440"},{"day":3,"utc":"04:23:00","flight":"AI255"},{"day":3,"utc":"14:53:00","flight":"AI785"},{"day":4,"utc":"20:51:00","flight":"AI201"},{"day":4,"utc":"12:39:00","flight":"AI437"},{"day":5,"utc":"22:53:00","flight":"AI886"},{"day":5,"utc":"12:26:00","flight":"AI250"},{"day":6,"utc":"22:14:00","flight":"AI588"}],"distance":9085.308460823562}