{"id":6771,"type":"route","airline":"AA","airlineid":"airline_24","sourceairport":"SFO","destinationairport":"HKG","stops":0,"equipment":"773 744","schedule":[{"day":0,"utc":"22:38:00","flight":"AA572"},{"day":0,"utc":"17:45:00","flight":"AA381"},{"day":0,"utc":"17:42:00","flight":"AA148"},{"day":0,"utc":"02:51:00","flight":"AA951"},{"day":1,"utc":"01:28:00","flight":"AA798"},{"day":2,"utc":"08:48:00","flight":"AA295"},{"day":3,"utc":"07:36:00","flight":"AA074"},{"day":3,"utc":"01:03:00","flight":"AA454"},{"day":3,"utc":"18:04:00","flight":"AA667"},{"day":3,"utc":"10:21:00","flight":"AA463"},{"day":4,"utc":"13:11:00","flight":"AA586"},{"day":4,"utc":"21:15:00","flight":"AA063"},{"day":4,"utc":"01:41:00","flight":"AA757"},{"day":4,"utc":"18:34:00","flight":"AA404"},{"day":5,"utc":"09:37:00","flight":"AA973"},{"day":5,"utc":"02:42:00","flight":"AA495"},{"day":5,"utc":"08:50:00","flight":"AA953"},{"day":5,"utc":"01:06:00","flight":"AA672"},{"day":6,"utc":"15:53:00","flight":"AA249"},{"day":6,"utc":"01:54:00","flight":"AA257"}],"distance":11128.182035009515}