{"id":63420,"type":"route","airline":"WN","airlineid":"airline_4547","sourceairport":"ABQ","destinationairport":"HOU","stops":0,"equipment":"73W 735 73C","schedule":[{"day":0,"utc":"00:49:00","flight":"WN138"},{"day":0,"utc":"15:03:00","flight":"WN677"},{"day":0,"utc":"08:50:00","flight":"WN590"},{"day":0,"utc":"10:47:00","flight":"WN330"},{"day":0,"utc":"15:32:00","flight":"WN587"},{"day":1,"utc":"12:22:00","flight":"WN466"},{"day":1,"utc":"05:26:00","flight":"WN505"},{"day":1,"utc":"16:46:00","flight":"WN729"},{"day":1,"utc":"09:40:00","flight":"WN959"},{"day":1,"utc":"16:28:00","flight":"WN101"},{"day":2,"utc":"04:47:00","flight":"WN128"},{"day":2,"utc":"01:31:00","flight":"WN747"},{"day":2,"utc":"22:30:00","flight":"WN478"},{"day":3,"utc":"09:01:00","flight":"WN372"},{"day":3,"utc":"14:56:00","flight":"WN297"},{"day":3,"utc":"21:26:00","flight":"WN161"},{"day":3,"utc":"03:08:00","flight":"WN769"},{"day":3,"utc":"20:42:00","flight":"WN432"},{"day":4,"utc":"06:05:00","flight":"WN549"},{"day":4,"utc":"09:11:00","flight":"WN944"},{"day":4,"utc":"23:31:00","flight":"WN036"},{"day":4,"utc":"08:35:00","flight":"WN991"},{"day":4,"utc":"21:16:00","flight":"WN634"},{"day":5,"utc":"06:37:00","flight":"WN609"},{"day":5,"utc":"23:51:00","flight":"WN724"},{"day":5,"utc":"01:11:00","flight":"WN948"},{"day":5,"utc":"23:02:00","flight":"WN836"},{"day":6,"utc":"06:22:00","flight":"WN266"},{"day":6,"utc":"05:39:00","flight":"WN913"},{"day":6,"utc":"01:33:00","flight":"WN330"},{"day":6,"utc":"05:33:00","flight":"WN385"}],"distance":1220.6276079821469}