{"id":52973,"type":"route","airline":"TN","airlineid":"airline_225","sourceairport":"ICN","destinationairport":"NRT","stops":0,"equipment":"333","schedule":[{"day":0,"utc":"21:16:00","flight":"TN450"},{"day":0,"utc":"12:40:00","flight":"TN408"},{"day":0,"utc":"10:50:00","flight":"TN373"},{"day":0,"utc":"13:59:00","flight":"TN365"},{"day":1,"utc":"21:43:00","flight":"TN865"},{"day":1,"utc":"05:17:00","flight":"TN830"},{"day":1,"utc":"07:37:00","flight":"TN393"},{"day":1,"utc":"07:00:00","flight":"TN478"},{"day":1,"utc":"13:52:00","flight":"TN862"},{"day":2,"utc":"19:24:00","flight":"TN739"},{"day":3,"utc":"04:27:00","flight":"TN392"},{"day":3,"utc":"08:28:00","flight":"TN900"},{"day":4,"utc":"01:33:00","flight":"TN405"},{"day":4,"utc":"02:21:00","flight":"TN913"},{"day":5,"utc":"21:24:00","flight":"TN980"},{"day":5,"utc":"16:12:00","flight":"TN497"},{"day":6,"utc":"13:05:00","flight":"TN332"},{"day":6,"utc":"10:12:00","flight":"TN772"},{"day":6,"utc":"14:28:00","flight":"TN662"}],"distance":1256.924828589447}