{"id":10046,"type":"route","airline":"AH","airlineid":"airline_794","sourceairport":"AAE","destinationairport":"ORY","stops":0,"equipment":"736","schedule":[{"day":0,"utc":"09:53:00","flight":"AH592"},{"day":0,"utc":"17:31:00","flight":"AH521"},{"day":0,"utc":"15:25:00","flight":"AH468"},{"day":1,"utc":"13:04:00","flight":"AH653"},{"day":2,"utc":"01:56:00","flight":"AH658"},{"day":2,"utc":"03:19:00","flight":"AH049"},{"day":3,"utc":"20:44:00","flight":"AH607"},{"day":3,"utc":"15:38:00","flight":"AH526"},{"day":3,"utc":"09:23:00","flight":"AH528"},{"day":3,"utc":"17:12:00","flight":"AH512"},{"day":3,"utc":"14:03:00","flight":"AH095"},{"day":4,"utc":"05:21:00","flight":"AH616"},{"day":4,"utc":"11:47:00","flight":"AH191"},{"day":4,"utc":"15:27:00","flight":"AH008"},{"day":4,"utc":"21:06:00","flight":"AH554"},{"day":5,"utc":"17:26:00","flight":"AH551"},{"day":5,"utc":"06:52:00","flight":"AH333"},{"day":5,"utc":"18:14:00","flight":"AH813"},{"day":5,"utc":"03:30:00","flight":"AH157"},{"day":5,"utc":"00:13:00","flight":"AH791"},{"day":6,"utc":"16:25:00","flight":"AH331"},{"day":6,"utc":"02:29:00","flight":"AH994"},{"day":6,"utc":"13:22:00","flight":"AH119"},{"day":6,"utc":"09:05:00","flight":"AH101"}],"distance":1395.3690007167947}