{"id":21728,"type":"route","airline":"DL","airlineid":"airline_2009","sourceairport":"SEA","destinationairport":"ATL","stops":0,"equipment":"739 76W 757 763","schedule":[{"day":0,"utc":"00:13:00","flight":"DL955"},{"day":0,"utc":"23:42:00","flight":"DL536"},{"day":1,"utc":"14:32:00","flight":"DL237"},{"day":1,"utc":"00:31:00","flight":"DL394"},{"day":2,"utc":"01:13:00","flight":"DL332"},{"day":2,"utc":"09:45:00","flight":"DL908"},{"day":2,"utc":"14:06:00","flight":"DL702"},{"day":3,"utc":"07:53:00","flight":"DL913"},{"day":3,"utc":"12:09:00","flight":"DL084"},{"day":3,"utc":"19:10:00","flight":"DL729"},{"day":3,"utc":"07:09:00","flight":"DL406"},{"day":4,"utc":"17:22:00","flight":"DL313"},{"day":4,"utc":"03:57:00","flight":"DL791"},{"day":4,"utc":"10:16:00","flight":"DL027"},{"day":5,"utc":"12:52:00","flight":"DL245"},{"day":5,"utc":"19:39:00","flight":"DL829"},{"day":5,"utc":"14:06:00","flight":"DL895"},{"day":5,"utc":"11:47:00","flight":"DL388"},{"day":5,"utc":"16:33:00","flight":"DL379"},{"day":6,"utc":"00:18:00","flight":"DL355"}],"distance":3505.000897033538}