{"id":10138,"type":"route","airline":"AH","airlineid":"airline_794","sourceairport":"CDG","destinationairport":"CZL","stops":0,"equipment":"738","schedule":[{"day":0,"utc":"05:41:00","flight":"AH126"},{"day":0,"utc":"15:17:00","flight":"AH969"},{"day":0,"utc":"01:51:00","flight":"AH234"},{"day":1,"utc":"13:34:00","flight":"AH270"},{"day":1,"utc":"00:08:00","flight":"AH064"},{"day":2,"utc":"17:48:00","flight":"AH241"},{"day":3,"utc":"16:31:00","flight":"AH958"},{"day":3,"utc":"07:50:00","flight":"AH010"},{"day":4,"utc":"09:09:00","flight":"AH079"},{"day":4,"utc":"06:45:00","flight":"AH817"},{"day":4,"utc":"03:03:00","flight":"AH171"},{"day":4,"utc":"16:32:00","flight":"AH280"},{"day":5,"utc":"07:59:00","flight":"AH853"},{"day":5,"utc":"10:40:00","flight":"AH412"},{"day":5,"utc":"21:22:00","flight":"AH475"},{"day":5,"utc":"00:47:00","flight":"AH351"},{"day":5,"utc":"00:45:00","flight":"AH476"},{"day":6,"utc":"13:48:00","flight":"AH971"},{"day":6,"utc":"03:41:00","flight":"AH235"},{"day":6,"utc":"16:52:00","flight":"AH934"},{"day":6,"utc":"11:50:00","flight":"AH809"},{"day":6,"utc":"20:59:00","flight":"AH073"}],"distance":1454.301441749906}