{"id":14101,"type":"route","airline":"B6","airlineid":"airline_3029","sourceairport":"JFK","destinationairport":"SFO","stops":0,"equipment":"320","schedule":[{"day":0,"utc":"14:26:00","flight":"B6179"},{"day":0,"utc":"00:38:00","flight":"B6855"},{"day":0,"utc":"09:58:00","flight":"B6356"},{"day":0,"utc":"07:00:00","flight":"B6859"},{"day":1,"utc":"14:57:00","flight":"B6652"},{"day":2,"utc":"23:43:00","flight":"B6418"},{"day":2,"utc":"12:27:00","flight":"B6561"},{"day":3,"utc":"01:02:00","flight":"B6548"},{"day":3,"utc":"07:31:00","flight":"B6660"},{"day":4,"utc":"14:25:00","flight":"B6898"},{"day":4,"utc":"07:35:00","flight":"B6646"},{"day":4,"utc":"20:14:00","flight":"B6003"},{"day":4,"utc":"12:13:00","flight":"B6726"},{"day":4,"utc":"00:44:00","flight":"B6836"},{"day":5,"utc":"01:15:00","flight":"B6579"},{"day":5,"utc":"10:23:00","flight":"B6306"},{"day":5,"utc":"01:27:00","flight":"B6646"},{"day":5,"utc":"05:08:00","flight":"B6160"},{"day":6,"utc":"04:08:00","flight":"B6617"},{"day":6,"utc":"07:58:00","flight":"B6509"},{"day":6,"utc":"07:35:00","flight":"B6520"}],"distance":4151.77720839701}