{"id":11214,"type":"route","airline":"AM","airlineid":"airline_321","sourceairport":"SFO","destinationairport":"GDL","stops":0,"equipment":"738","schedule":[{"day":0,"utc":"12:38:00","flight":"AM227"},{"day":1,"utc":"01:50:00","flight":"AM448"},{"day":1,"utc":"15:21:00","flight":"AM420"},{"day":2,"utc":"08:08:00","flight":"AM357"},{"day":3,"utc":"15:07:00","flight":"AM700"},{"day":4,"utc":"12:28:00","flight":"AM200"},{"day":4,"utc":"16:41:00","flight":"AM849"},{"day":4,"utc":"09:19:00","flight":"AM997"},{"day":5,"utc":"05:18:00","flight":"AM503"},{"day":5,"utc":"07:43:00","flight":"AM993"},{"day":5,"utc":"06:34:00","flight":"AM215"},{"day":5,"utc":"18:26:00","flight":"AM534"},{"day":6,"utc":"10:34:00","flight":"AM799"},{"day":6,"utc":"17:50:00","flight":"AM978"}],"distance":2643.8588452377608}