{"id":11912,"type":"route","airline":"AS","airlineid":"airline_439","sourceairport":"SEA","destinationairport":"ATL","stops":0,"equipment":"73J 73H","schedule":[{"day":0,"utc":"08:02:00","flight":"AS550"},{"day":0,"utc":"03:59:00","flight":"AS838"},{"day":1,"utc":"04:43:00","flight":"AS563"},{"day":1,"utc":"00:29:00","flight":"AS416"},{"day":1,"utc":"08:53:00","flight":"AS877"},{"day":2,"utc":"00:30:00","flight":"AS409"},{"day":2,"utc":"01:46:00","flight":"AS209"},{"day":2,"utc":"01:04:00","flight":"AS055"},{"day":3,"utc":"06:43:00","flight":"AS417"},{"day":3,"utc":"10:22:00","flight":"AS027"},{"day":3,"utc":"05:21:00","flight":"AS173"},{"day":4,"utc":"17:18:00","flight":"AS329"},{"day":4,"utc":"22:14:00","flight":"AS014"},{"day":4,"utc":"14:49:00","flight":"AS227"},{"day":4,"utc":"02:35:00","flight":"AS238"},{"day":4,"utc":"20:14:00","flight":"AS063"},{"day":5,"utc":"23:14:00","flight":"AS419"},{"day":5,"utc":"23:45:00","flight":"AS012"},{"day":5,"utc":"03:53:00","flight":"AS571"},{"day":6,"utc":"11:53:00","flight":"AS758"},{"day":6,"utc":"20:50:00","flight":"AS533"},{"day":6,"utc":"22:37:00","flight":"AS019"},{"day":6,"utc":"02:31:00","flight":"AS624"}],"distance":3505.000897033538}