{"id":59407,"type":"route","airline":"US","airlineid":"airline_5265","sourceairport":"JAX","destinationairport":"CLT","stops":0,"equipment":"319 734","schedule":[{"day":0,"utc":"05:45:00","flight":"US985"},{"day":0,"utc":"08:41:00","flight":"US844"},{"day":0,"utc":"12:06:00","flight":"US460"},{"day":0,"utc":"22:04:00","flight":"US971"},{"day":1,"utc":"00:48:00","flight":"US456"},{"day":1,"utc":"13:22:00","flight":"US122"},{"day":1,"utc":"06:36:00","flight":"US308"},{"day":2,"utc":"07:38:00","flight":"US448"},{"day":2,"utc":"22:41:00","flight":"US258"},{"day":2,"utc":"08:24:00","flight":"US681"},{"day":2,"utc":"13:37:00","flight":"US162"},{"day":3,"utc":"11:35:00","flight":"US675"},{"day":3,"utc":"16:37:00","flight":"US063"},{"day":3,"utc":"18:46:00","flight":"US520"},{"day":4,"utc":"09:14:00","flight":"US748"},{"day":4,"utc":"09:35:00","flight":"US276"},{"day":4,"utc":"00:26:00","flight":"US161"},{"day":4,"utc":"21:09:00","flight":"US544"},{"day":4,"utc":"02:50:00","flight":"US699"},{"day":5,"utc":"19:19:00","flight":"US091"},{"day":5,"utc":"23:45:00","flight":"US982"},{"day":6,"utc":"02:45:00","flight":"US321"},{"day":6,"utc":"22:23:00","flight":"US322"}],"distance":529.4181426119287}