{"title":"Mull","name":"The Glenforsa Hotel","address":"Salen By Aros PA72 6JW","directions":"Turn right off the ferry and head toward Salen, you'll see a sign directing you to the hotel","phone":"+44  1680 300377","tollfree":null,"email":null,"fax":null,"url":"http://www.glenforsa.com","checkin":null,"checkout":null,"price":null,"geo":{"lat":56.51589,"lon":-5.91277,"accuracy":"APPROXIMATE"},"type":"hotel","id":19325,"country":"United Kingdom","city":"Glenforsa","state":null,"reviews":[],"public_likes":["Christ Bergnaum","Jammie Skiles","Layla Crooks","Chaz Terry","Anastasia Price","Letitia Koelpin IV","Mrs. Gennaro Buckridge","Joesph Ankunding","Mrs. Andre Powlowski"],"vacancy":false,"description":"This small family run hotel captures the spirit of Mull and is a perfect rural holiday retreat. The mountain and sea blend together to give fantastic, panoramic views from the hotel which is in an elevated position on the shoreline. Panoramic views are also available from the bar and restaurant which serves local produce 7 days a week.","alias":null,"pets_ok":true,"free_breakfast":false,"free_internet":true,"free_parking":false}