{"id":63568,"type":"route","airline":"WN","airlineid":"airline_4547","sourceairport":"BOS","destinationairport":"MCO","stops":1,"equipment":"73W","schedule":[{"day":0,"utc":"02:54:00","flight":"WN643"},{"day":0,"utc":"07:59:00","flight":"WN639"},{"day":1,"utc":"21:28:00","flight":"WN185"},{"day":1,"utc":"08:15:00","flight":"WN918"},{"day":1,"utc":"05:07:00","flight":"WN152"},{"day":2,"utc":"22:27:00","flight":"WN505"},{"day":2,"utc":"07:25:00","flight":"WN094"},{"day":2,"utc":"06:17:00","flight":"WN245"},{"day":3,"utc":"01:30:00","flight":"WN403"},{"day":3,"utc":"06:54:00","flight":"WN248"},{"day":4,"utc":"10:57:00","flight":"WN266"},{"day":4,"utc":"14:36:00","flight":"WN411"},{"day":4,"utc":"06:09:00","flight":"WN212"},{"day":5,"utc":"16:12:00","flight":"WN724"},{"day":5,"utc":"12:00:00","flight":"WN091"},{"day":6,"utc":"13:12:00","flight":"WN618"},{"day":6,"utc":"02:43:00","flight":"WN163"}],"distance":1805.9804814998897}