{"title":"Gillingham (Kent)","name":"Ossie's Fish and Chips","alt":null,"address":"75 Richmond Road, ME7 1LS","directions":"On Richmond Road (continuation of James Street) about 1/2 mile north of the High Street.","phone":"+44 1634 582000","tollfree":null,"email":null,"url":null,"hours":null,"image":null,"price":null,"content":"Best fish and chips in the area.","geo":{"lat":51.39243,"lon":0.54977,"accuracy":"RANGE_INTERPOLATED"},"activity":"eat","type":"landmark","id":10024,"country":"United Kingdom","city":"Gillingham","state":null}