{"id":25221,"type":"route","airline":"FL","airlineid":"airline_1316","sourceairport":"MCO","destinationairport":"HOU","stops":1,"equipment":"73W","schedule":[{"day":0,"utc":"12:36:00","flight":"FL600"},{"day":0,"utc":"12:01:00","flight":"FL188"},{"day":0,"utc":"18:26:00","flight":"FL730"},{"day":1,"utc":"20:09:00","flight":"FL503"},{"day":1,"utc":"08:42:00","flight":"FL228"},{"day":1,"utc":"15:07:00","flight":"FL101"},{"day":2,"utc":"11:41:00","flight":"FL766"},{"day":2,"utc":"17:56:00","flight":"FL070"},{"day":2,"utc":"05:10:00","flight":"FL545"},{"day":2,"utc":"13:22:00","flight":"FL748"},{"day":2,"utc":"15:07:00","flight":"FL055"},{"day":3,"utc":"01:51:00","flight":"FL927"},{"day":3,"utc":"17:43:00","flight":"FL620"},{"day":3,"utc":"15:27:00","flight":"FL050"},{"day":3,"utc":"18:37:00","flight":"FL717"},{"day":3,"utc":"16:17:00","flight":"FL240"},{"day":4,"utc":"22:15:00","flight":"FL990"},{"day":4,"utc":"11:53:00","flight":"FL857"},{"day":4,"utc":"03:00:00","flight":"FL314"},{"day":5,"utc":"05:30:00","flight":"FL395"},{"day":5,"utc":"13:24:00","flight":"FL219"},{"day":5,"utc":"01:26:00","flight":"FL267"},{"day":6,"utc":"19:36:00","flight":"FL618"}],"distance":1363.9995325216428}