{"id":125,"type":"route","airline":"2L","airlineid":"airline_2750","sourceairport":"ZRH","destinationairport":"BOD","stops":0,"equipment":"100","schedule":[{"day":0,"utc":"16:16:00","flight":"2L120"},{"day":0,"utc":"12:06:00","flight":"2L753"},{"day":0,"utc":"03:25:00","flight":"2L727"},{"day":1,"utc":"02:56:00","flight":"2L873"},{"day":1,"utc":"05:52:00","flight":"2L208"},{"day":2,"utc":"01:19:00","flight":"2L522"},{"day":2,"utc":"18:20:00","flight":"2L201"},{"day":2,"utc":"05:59:00","flight":"2L573"},{"day":3,"utc":"03:46:00","flight":"2L728"},{"day":4,"utc":"07:30:00","flight":"2L810"},{"day":4,"utc":"08:21:00","flight":"2L109"},{"day":4,"utc":"18:25:00","flight":"2L458"},{"day":5,"utc":"18:17:00","flight":"2L831"},{"day":5,"utc":"16:29:00","flight":"2L228"},{"day":5,"utc":"05:12:00","flight":"2L496"},{"day":5,"utc":"10:59:00","flight":"2L659"},{"day":5,"utc":"22:41:00","flight":"2L019"},{"day":6,"utc":"15:09:00","flight":"2L939"},{"day":6,"utc":"07:12:00","flight":"2L997"}],"distance":770.9691328580009}