{"id":282,"type":"route","airline":"3F","airlineid":"airline_16262","sourceairport":"MTM","destinationairport":"KTN","stops":0,"equipment":"DHP","schedule":[{"day":0,"utc":"21:42:00","flight":"3F945"},{"day":1,"utc":"02:57:00","flight":"3F773"},{"day":1,"utc":"07:17:00","flight":"3F600"},{"day":1,"utc":"07:47:00","flight":"3F986"},{"day":1,"utc":"01:16:00","flight":"3F029"},{"day":1,"utc":"01:23:00","flight":"3F607"},{"day":2,"utc":"04:41:00","flight":"3F808"},{"day":2,"utc":"18:33:00","flight":"3F326"},{"day":2,"utc":"04:02:00","flight":"3F907"},{"day":2,"utc":"20:23:00","flight":"3F524"},{"day":2,"utc":"07:20:00","flight":"3F731"},{"day":3,"utc":"07:37:00","flight":"3F715"},{"day":3,"utc":"00:43:00","flight":"3F865"},{"day":3,"utc":"22:22:00","flight":"3F024"},{"day":3,"utc":"14:28:00","flight":"3F676"},{"day":3,"utc":"11:52:00","flight":"3F110"},{"day":4,"utc":"23:00:00","flight":"3F184"},{"day":4,"utc":"08:41:00","flight":"3F682"},{"day":4,"utc":"15:48:00","flight":"3F092"},{"day":5,"utc":"08:23:00","flight":"3F769"},{"day":5,"utc":"17:00:00","flight":"3F576"},{"day":6,"utc":"17:44:00","flight":"3F464"},{"day":6,"utc":"13:35:00","flight":"3F954"},{"day":6,"utc":"06:06:00","flight":"3F824"},{"day":6,"utc":"19:11:00","flight":"3F789"}],"distance":26.397914084363418}