{
  "name": "Gretchen Auer",
  "addresses": [
    {
      "type": "work",
      "address": "0301 Nya Manors",
      "city": "Pibavwiv",
      "country": "Brunei"
    },
    {
      "type": "home",
      "address": "67155 Hintz Springs",
      "city": "Pibavwiv",
      "country": "Brunei"
    }
  ],
  "driving_licence": "d0b8e299-e674-5e59-8243-bcdc99012936",
  "passport": "a16ebd5f-3479-553e-8578-35325a422e32",
  "preferred_email": "gretchenauer@johnomo.as",
  "preferred_phone": "(774) 359-3044",
  "preferred_airline": "inventory.airline.airline_17563",
  "preferred_airport": null,
  "credit_cards": [
    {
      "type": "Mastercard",
      "number": "5133144407814164",
      "expiration": "2021-07"
    }
  ],
  "created": "2020-12-09",
  "updated": "2021-02-19"
}