{
  "name": "Sienna Cummerata",
  "addresses": [
    {
      "type": "home",
      "address": "2663 Rolfson Brook",
      "city": "Dalwaje",
      "country": "Liberia"
    }
  ],
  "driving_licence": "e90e2dfd-7fff-5248-ad93-e366b3cb8129",
  "passport": "027b09ae-d61c-54b9-a5fc-068041ecd008",
  "preferred_email": "siennacummerata@mecikal.qa",
  "preferred_phone": "(338) 559-2733",
  "preferred_airline": "inventory.airline.airline_17629",
  "preferred_airport": null,
  "credit_cards": [
    {
      "type": "Mastercard",
      "number": "5179704058953853",
      "expiration": "2021-11"
    },
    {
      "type": "Visa",
      "number": "4222905648666224",
      "expiration": "2021-07"
    }
  ],
  "created": "2020-06-19",
  "updated": "2021-02-18"
}