{"id":5593,"type":"route","airline":"AA","airlineid":"airline_24","sourceairport":"JFK","destinationairport":"ANU","stops":0,"equipment":"738","schedule":[{"day":0,"utc":"12:46:00","flight":"AA030"},{"day":0,"utc":"01:28:00","flight":"AA849"},{"day":0,"utc":"13:22:00","flight":"AA972"},{"day":0,"utc":"00:38:00","flight":"AA512"},{"day":1,"utc":"14:33:00","flight":"AA071"},{"day":1,"utc":"22:01:00","flight":"AA319"},{"day":1,"utc":"00:35:00","flight":"AA536"},{"day":1,"utc":"22:27:00","flight":"AA698"},{"day":1,"utc":"03:35:00","flight":"AA184"},{"day":2,"utc":"08:22:00","flight":"AA541"},{"day":2,"utc":"23:17:00","flight":"AA826"},{"day":2,"utc":"00:54:00","flight":"AA784"},{"day":3,"utc":"02:01:00","flight":"AA924"},{"day":4,"utc":"18:30:00","flight":"AA020"},{"day":4,"utc":"10:58:00","flight":"AA800"},{"day":4,"utc":"15:51:00","flight":"AA788"},{"day":4,"utc":"21:21:00","flight":"AA015"},{"day":5,"utc":"11:27:00","flight":"AA130"},{"day":6,"utc":"02:57:00","flight":"AA235"}],"distance":2855.4692425118965}