{"id":6770,"type":"route","airline":"AA","airlineid":"airline_24","sourceairport":"SFO","destinationairport":"DFW","stops":0,"equipment":"738 757 763","schedule":[{"day":0,"utc":"11:34:00","flight":"AA188"},{"day":0,"utc":"09:56:00","flight":"AA735"},{"day":0,"utc":"04:15:00","flight":"AA732"},{"day":1,"utc":"23:18:00","flight":"AA229"},{"day":1,"utc":"02:08:00","flight":"AA136"},{"day":1,"utc":"20:06:00","flight":"AA560"},{"day":1,"utc":"08:45:00","flight":"AA343"},{"day":1,"utc":"20:06:00","flight":"AA298"},{"day":2,"utc":"20:00:00","flight":"AA602"},{"day":2,"utc":"10:17:00","flight":"AA835"},{"day":2,"utc":"22:29:00","flight":"AA832"},{"day":2,"utc":"08:57:00","flight":"AA622"},{"day":2,"utc":"08:12:00","flight":"AA404"},{"day":3,"utc":"01:25:00","flight":"AA315"},{"day":3,"utc":"22:49:00","flight":"AA884"},{"day":3,"utc":"07:54:00","flight":"AA389"},{"day":4,"utc":"09:22:00","flight":"AA588"},{"day":5,"utc":"06:30:00","flight":"AA932"},{"day":6,"utc":"12:01:00","flight":"AA939"},{"day":6,"utc":"17:07:00","flight":"AA077"},{"day":6,"utc":"05:17:00","flight":"AA225"},{"day":6,"utc":"16:05:00","flight":"AA081"}],"distance":2351.9304268250853}