{"title":"Paris/1st arrondissement","name":"Hôtel de la Place du Louvre","address":"21, rue des Prêtres Saint Germain l'Auxerrois","directions":null,"phone":null,"tollfree":null,"email":null,"fax":null,"url":"http://www.paris-hotel-place-du-louvre.com/en/home","checkin":null,"checkout":null,"price":null,"geo":{"lat":48.85927,"lon":2.34091,"accuracy":"APPROXIMATE"},"type":"hotel","id":21730,"country":"France","city":"Paris","state":"Île-de-France","reviews":[],"public_likes":["Jack Miller","General Erdman","Moriah Maggio","Abelardo Hudson","Dennis Wintheiser","Uriah Mayer","Novella Moen PhD"],"vacancy":true,"description":"As its name suggests, this hotel is really close to the Louvre. Rooms on the street offer an impressive view on the Louvre and its central location is ideal.","alias":null,"pets_ok":false,"free_breakfast":true,"free_internet":true,"free_parking":false}