{"title":"Paris/15th arrondissement","name":"Afaria","alt":null,"address":"15, rue Desnouettes","directions":"Convention","phone":"+33 1 48 42 95 90","tollfree":null,"email":null,"url":"http://www.restaurant-afaria.fr/","hours":null,"image":null,"price":"€8-28","content":"This Basque restaurant mainly serves meat or some fancy tapas on the bar.","geo":{"lat":48.83602,"lon":2.291603,"accuracy":"ROOFTOP"},"activity":"eat","type":"landmark","id":21639,"country":"France","city":"Paris","state":"Île-de-France"}