{"title":"Avignon","name":"Papal Palace","alt":"Palais des Papes","address":"Place du palais des papes","directions":null,"phone":null,"tollfree":null,"email":null,"url":"http://www.palais-des-papes.com/en","hours":null,"image":"https://en.wikivoyage.org/wiki/File:Avignon, Palais des Papes depuis Tour Philippe le Bel by JM Rosier.jpg","price":null,"content":"This is the palace where the Popes of Avignon ruled, during a period when the Papacy was divided, with a Pope in Rome and another in Avignon. Most of the artwork inside (statues, frescoes) was destroyed during the French Revolution, but the impressive building still stands, and little bits of artwork, such as those that were too high to be convenient to ruin, remain.","geo":{"lat":43.95062977871343,"lon":4.8074006511160405,"accuracy":"RANGE_INTERPOLATED"},"activity":"see","type":"landmark","id":1348,"country":"France","city":"Avignon","state":"Provence-Alpes-Côte d'Azur","image_direct_url":"https://upload.wikimedia.org/wikipedia/commons/a/a3/Avignon%2C_Palais_des_Papes_depuis_Tour_Philippe_le_Bel_by_JM_Rosier.jpg"}