{"id":36159,"type":"route","airline":"KL","airlineid":"airline_3090","sourceairport":"ABQ","destinationairport":"ATL","stops":0,"equipment":"757 320","schedule":[{"day":0,"utc":"03:54:00","flight":"KL938"},{"day":0,"utc":"16:57:00","flight":"KL270"},{"day":0,"utc":"05:17:00","flight":"KL222"},{"day":0,"utc":"05:07:00","flight":"KL198"},{"day":0,"utc":"18:59:00","flight":"KL858"},{"day":1,"utc":"19:19:00","flight":"KL672"},{"day":2,"utc":"15:54:00","flight":"KL832"},{"day":2,"utc":"07:18:00","flight":"KL173"},{"day":2,"utc":"09:05:00","flight":"KL520"},{"day":3,"utc":"11:05:00","flight":"KL259"},{"day":3,"utc":"17:11:00","flight":"KL065"},{"day":4,"utc":"06:06:00","flight":"KL469"},{"day":4,"utc":"06:53:00","flight":"KL509"},{"day":4,"utc":"10:29:00","flight":"KL096"},{"day":5,"utc":"08:51:00","flight":"KL347"},{"day":5,"utc":"06:26:00","flight":"KL281"},{"day":5,"utc":"03:54:00","flight":"KL567"},{"day":5,"utc":"23:41:00","flight":"KL169"},{"day":6,"utc":"00:36:00","flight":"KL884"},{"day":6,"utc":"14:13:00","flight":"KL886"},{"day":6,"utc":"17:40:00","flight":"KL636"}],"distance":2038.3535078909663}