{"id":5592,"type":"route","airline":"AA","airlineid":"airline_24","sourceairport":"JFK","destinationairport":"AMM","stops":0,"equipment":"340 330","schedule":[{"day":0,"utc":"01:21:00","flight":"AA909"},{"day":0,"utc":"00:32:00","flight":"AA460"},{"day":0,"utc":"23:56:00","flight":"AA724"},{"day":0,"utc":"07:55:00","flight":"AA218"},{"day":1,"utc":"02:30:00","flight":"AA795"},{"day":1,"utc":"08:25:00","flight":"AA114"},{"day":2,"utc":"17:18:00","flight":"AA605"},{"day":2,"utc":"12:29:00","flight":"AA923"},{"day":2,"utc":"23:22:00","flight":"AA288"},{"day":2,"utc":"21:05:00","flight":"AA380"},{"day":3,"utc":"00:41:00","flight":"AA437"},{"day":3,"utc":"01:11:00","flight":"AA091"},{"day":3,"utc":"00:58:00","flight":"AA739"},{"day":3,"utc":"15:33:00","flight":"AA161"},{"day":3,"utc":"13:52:00","flight":"AA263"},{"day":4,"utc":"06:31:00","flight":"AA673"},{"day":4,"utc":"21:09:00","flight":"AA394"},{"day":5,"utc":"08:37:00","flight":"AA178"},{"day":5,"utc":"04:30:00","flight":"AA439"},{"day":6,"utc":"17:11:00","flight":"AA958"},{"day":6,"utc":"13:02:00","flight":"AA941"},{"day":6,"utc":"05:41:00","flight":"AA278"},{"day":6,"utc":"16:18:00","flight":"AA450"}],"distance":9214.772346618149}