{"id":63417,"type":"route","airline":"WN","airlineid":"airline_4547","sourceairport":"ABQ","destinationairport":"BWI","stops":0,"equipment":"73W","schedule":[{"day":0,"utc":"15:40:00","flight":"WN922"},{"day":0,"utc":"23:08:00","flight":"WN359"},{"day":0,"utc":"06:10:00","flight":"WN518"},{"day":1,"utc":"23:54:00","flight":"WN122"},{"day":1,"utc":"19:55:00","flight":"WN103"},{"day":1,"utc":"05:36:00","flight":"WN359"},{"day":1,"utc":"06:36:00","flight":"WN217"},{"day":2,"utc":"01:44:00","flight":"WN959"},{"day":3,"utc":"13:45:00","flight":"WN578"},{"day":3,"utc":"13:11:00","flight":"WN086"},{"day":3,"utc":"23:06:00","flight":"WN515"},{"day":3,"utc":"17:48:00","flight":"WN544"},{"day":3,"utc":"14:46:00","flight":"WN380"},{"day":4,"utc":"07:49:00","flight":"WN077"},{"day":4,"utc":"11:14:00","flight":"WN490"},{"day":4,"utc":"09:53:00","flight":"WN336"},{"day":5,"utc":"01:26:00","flight":"WN669"},{"day":5,"utc":"01:17:00","flight":"WN409"},{"day":6,"utc":"15:24:00","flight":"WN448"},{"day":6,"utc":"13:33:00","flight":"WN138"},{"day":6,"utc":"09:41:00","flight":"WN215"},{"day":6,"utc":"17:50:00","flight":"WN014"},{"day":6,"utc":"11:19:00","flight":"WN295"}],"distance":2682.057057136936}