{"id":4659,"type":"route","airline":"AA","airlineid":"airline_24","sourceairport":"ABQ","destinationairport":"DFW","stops":0,"equipment":"M83 M80","schedule":[{"day":0,"utc":"22:00:00","flight":"AA740"},{"day":0,"utc":"10:47:00","flight":"AA536"},{"day":1,"utc":"11:57:00","flight":"AA320"},{"day":1,"utc":"11:10:00","flight":"AA466"},{"day":1,"utc":"16:00:00","flight":"AA641"},{"day":1,"utc":"16:53:00","flight":"AA899"},{"day":2,"utc":"05:32:00","flight":"AA877"},{"day":2,"utc":"02:25:00","flight":"AA582"},{"day":2,"utc":"19:30:00","flight":"AA291"},{"day":2,"utc":"19:54:00","flight":"AA291"},{"day":2,"utc":"03:59:00","flight":"AA398"},{"day":3,"utc":"19:40:00","flight":"AA707"},{"day":3,"utc":"23:24:00","flight":"AA244"},{"day":4,"utc":"16:01:00","flight":"AA278"},{"day":4,"utc":"03:15:00","flight":"AA085"},{"day":4,"utc":"16:14:00","flight":"AA980"},{"day":5,"utc":"10:05:00","flight":"AA586"},{"day":5,"utc":"14:48:00","flight":"AA229"},{"day":6,"utc":"05:21:00","flight":"AA624"},{"day":6,"utc":"17:04:00","flight":"AA313"}],"distance":913.8299568962726}