{"id":4658,"type":"route","airline":"AA","airlineid":"airline_24","sourceairport":"ABI","destinationairport":"DFW","stops":0,"equipment":"ERD ER4 CRJ","schedule":[{"day":0,"utc":"11:46:00","flight":"AA870"},{"day":0,"utc":"03:50:00","flight":"AA918"},{"day":0,"utc":"18:34:00","flight":"AA964"},{"day":0,"utc":"05:18:00","flight":"AA697"},{"day":1,"utc":"22:57:00","flight":"AA729"},{"day":1,"utc":"03:24:00","flight":"AA965"},{"day":1,"utc":"11:59:00","flight":"AA782"},{"day":1,"utc":"15:06:00","flight":"AA570"},{"day":1,"utc":"15:21:00","flight":"AA679"},{"day":2,"utc":"23:14:00","flight":"AA588"},{"day":2,"utc":"04:41:00","flight":"AA248"},{"day":3,"utc":"18:23:00","flight":"AA323"},{"day":3,"utc":"14:30:00","flight":"AA184"},{"day":3,"utc":"00:35:00","flight":"AA134"},{"day":3,"utc":"12:26:00","flight":"AA286"},{"day":3,"utc":"10:55:00","flight":"AA947"},{"day":4,"utc":"09:17:00","flight":"AA163"},{"day":5,"utc":"00:09:00","flight":"AA620"},{"day":5,"utc":"06:57:00","flight":"AA032"},{"day":5,"utc":"03:44:00","flight":"AA156"},{"day":5,"utc":"13:47:00","flight":"AA780"},{"day":5,"utc":"09:22:00","flight":"AA534"},{"day":6,"utc":"15:50:00","flight":"AA409"}],"distance":253.33263651052002}