{"title":"Paris/2nd arrondissement","name":"Café Etienne Marcel","alt":null,"address":"34, rue Etienne Marcel","directions":"Métro Etienne Marcel","phone":"+33 1 45 08 01 03","tollfree":null,"email":null,"url":null,"hours":null,"image":null,"price":"€15-20","content":"A Costes brothers creation but with lower prices than many of their other restaurants. The Etienne Marcel combines a creative menu with hip interior design and hip musical ambiance. '''Vegetarians:''' The crispy risotto balls (''risotto croustillant'') are amazing, and pretty much impossible to make at home.","geo":{"lat":48.864849,"lon":2.345446,"accuracy":"ROOFTOP"},"activity":"eat","type":"landmark","id":21746,"country":"France","city":"Paris","state":"Île-de-France"}