{"title":"Aberdour","name":"Aberdour Railway Station","alt":null,"address":null,"directions":null,"phone":null,"tollfree":null,"email":null,"url":null,"hours":null,"image":null,"price":null,"content":"is a beautifully kept and cared for example of a traditional station, and regularly wins the &quot;Best Station and Gardens in Great Britain&quot; award.","geo":{"lat":56.05471,"lon":-3.30089,"accuracy":"RANGE_INTERPOLATED"},"activity":"see","type":"landmark","id":37,"country":"United Kingdom","city":"Aberdour","state":null}