{"id":64043,"type":"route","airline":"WN","airlineid":"airline_4547","sourceairport":"MCO","destinationairport":"BOS","stops":1,"equipment":"73W","schedule":[{"day":0,"utc":"19:11:00","flight":"WN657"},{"day":0,"utc":"19:29:00","flight":"WN868"},{"day":0,"utc":"12:21:00","flight":"WN868"},{"day":0,"utc":"09:43:00","flight":"WN721"},{"day":1,"utc":"01:58:00","flight":"WN738"},{"day":2,"utc":"04:12:00","flight":"WN837"},{"day":2,"utc":"15:17:00","flight":"WN352"},{"day":2,"utc":"04:14:00","flight":"WN647"},{"day":2,"utc":"23:26:00","flight":"WN347"},{"day":2,"utc":"12:46:00","flight":"WN571"},{"day":3,"utc":"02:19:00","flight":"WN090"},{"day":3,"utc":"08:11:00","flight":"WN377"},{"day":3,"utc":"08:10:00","flight":"WN348"},{"day":3,"utc":"08:46:00","flight":"WN370"},{"day":3,"utc":"21:09:00","flight":"WN154"},{"day":4,"utc":"17:41:00","flight":"WN602"},{"day":4,"utc":"07:10:00","flight":"WN751"},{"day":4,"utc":"10:16:00","flight":"WN714"},{"day":5,"utc":"06:23:00","flight":"WN694"},{"day":5,"utc":"02:41:00","flight":"WN224"},{"day":5,"utc":"04:32:00","flight":"WN345"},{"day":6,"utc":"09:05:00","flight":"WN259"},{"day":6,"utc":"06:09:00","flight":"WN666"},{"day":6,"utc":"10:14:00","flight":"WN489"}],"distance":1805.9804814998897}