{"id":14397,"type":"route","airline":"BA","airlineid":"airline_1355","sourceairport":"ABZ","destinationairport":"LCY","stops":0,"equipment":"S20 E70","schedule":[{"day":0,"utc":"09:46:00","flight":"BA750"},{"day":0,"utc":"16:34:00","flight":"BA048"},{"day":0,"utc":"04:29:00","flight":"BA111"},{"day":0,"utc":"20:57:00","flight":"BA945"},{"day":0,"utc":"19:39:00","flight":"BA705"},{"day":1,"utc":"06:31:00","flight":"BA844"},{"day":1,"utc":"09:22:00","flight":"BA515"},{"day":1,"utc":"20:36:00","flight":"BA980"},{"day":1,"utc":"03:55:00","flight":"BA699"},{"day":2,"utc":"03:52:00","flight":"BA004"},{"day":2,"utc":"05:07:00","flight":"BA710"},{"day":2,"utc":"07:05:00","flight":"BA073"},{"day":2,"utc":"19:09:00","flight":"BA955"},{"day":2,"utc":"17:47:00","flight":"BA750"},{"day":3,"utc":"13:33:00","flight":"BA404"},{"day":3,"utc":"15:56:00","flight":"BA238"},{"day":3,"utc":"05:08:00","flight":"BA009"},{"day":3,"utc":"15:58:00","flight":"BA980"},{"day":4,"utc":"12:29:00","flight":"BA193"},{"day":4,"utc":"20:03:00","flight":"BA224"},{"day":5,"utc":"19:59:00","flight":"BA990"},{"day":5,"utc":"15:07:00","flight":"BA483"},{"day":5,"utc":"15:37:00","flight":"BA216"},{"day":5,"utc":"17:55:00","flight":"BA748"},{"day":5,"utc":"02:30:00","flight":"BA441"},{"day":6,"utc":"19:18:00","flight":"BA214"},{"day":6,"utc":"01:38:00","flight":"BA220"},{"day":6,"utc":"00:33:00","flight":"BA457"},{"day":6,"utc":"23:01:00","flight":"BA728"}],"distance":649.9551811425955}