{"id":32837,"type":"route","airline":"IB","airlineid":"airline_2822","sourceairport":"ORY","destinationairport":"PMI","stops":0,"equipment":"320","schedule":[{"day":0,"utc":"15:09:00","flight":"IB763"},{"day":0,"utc":"11:07:00","flight":"IB269"},{"day":0,"utc":"08:03:00","flight":"IB747"},{"day":1,"utc":"21:07:00","flight":"IB171"},{"day":1,"utc":"13:48:00","flight":"IB360"},{"day":2,"utc":"23:07:00","flight":"IB501"},{"day":3,"utc":"01:34:00","flight":"IB271"},{"day":4,"utc":"20:33:00","flight":"IB857"},{"day":4,"utc":"11:14:00","flight":"IB214"},{"day":5,"utc":"10:32:00","flight":"IB512"},{"day":5,"utc":"09:36:00","flight":"IB341"},{"day":5,"utc":"01:06:00","flight":"IB288"},{"day":6,"utc":"14:59:00","flight":"IB540"},{"day":6,"utc":"19:26:00","flight":"IB869"},{"day":6,"utc":"12:19:00","flight":"IB291"},{"day":6,"utc":"10:50:00","flight":"IB706"}],"distance":1020.2629550738475}