{"id":60486,"type":"route","airline":"US","airlineid":"airline_5265","sourceairport":"VPS","destinationairport":"DFW","stops":0,"equipment":"ER4 ERD","schedule":[{"day":0,"utc":"22:28:00","flight":"US856"},{"day":0,"utc":"02:10:00","flight":"US865"},{"day":0,"utc":"10:27:00","flight":"US739"},{"day":0,"utc":"12:21:00","flight":"US439"},{"day":1,"utc":"19:15:00","flight":"US121"},{"day":1,"utc":"10:11:00","flight":"US413"},{"day":1,"utc":"19:20:00","flight":"US950"},{"day":1,"utc":"04:13:00","flight":"US394"},{"day":2,"utc":"10:20:00","flight":"US952"},{"day":2,"utc":"11:27:00","flight":"US254"},{"day":2,"utc":"06:33:00","flight":"US286"},{"day":2,"utc":"13:39:00","flight":"US766"},{"day":3,"utc":"19:58:00","flight":"US285"},{"day":3,"utc":"19:03:00","flight":"US258"},{"day":3,"utc":"07:12:00","flight":"US489"},{"day":3,"utc":"05:39:00","flight":"US456"},{"day":4,"utc":"22:25:00","flight":"US847"},{"day":4,"utc":"18:45:00","flight":"US903"},{"day":4,"utc":"13:07:00","flight":"US635"},{"day":4,"utc":"12:30:00","flight":"US479"},{"day":5,"utc":"14:32:00","flight":"US934"},{"day":6,"utc":"19:15:00","flight":"US028"},{"day":6,"utc":"02:14:00","flight":"US417"},{"day":6,"utc":"14:32:00","flight":"US548"}],"distance":1029.7058899902206}