{"id":57576,"type":"route","airline":"UA","airlineid":"airline_5209","sourceairport":"SAN","destinationairport":"DEN","stops":0,"equipment":"738 320 739 752","schedule":[{"day":0,"utc":"19:27:00","flight":"UA317"},{"day":0,"utc":"15:22:00","flight":"UA988"},{"day":0,"utc":"10:56:00","flight":"UA470"},{"day":1,"utc":"18:48:00","flight":"UA757"},{"day":1,"utc":"12:06:00","flight":"UA794"},{"day":1,"utc":"16:37:00","flight":"UA392"},{"day":2,"utc":"08:20:00","flight":"UA268"},{"day":2,"utc":"21:56:00","flight":"UA962"},{"day":2,"utc":"22:59:00","flight":"UA748"},{"day":2,"utc":"09:51:00","flight":"UA898"},{"day":2,"utc":"19:00:00","flight":"UA333"},{"day":3,"utc":"07:07:00","flight":"UA662"},{"day":3,"utc":"20:11:00","flight":"UA701"},{"day":4,"utc":"08:52:00","flight":"UA955"},{"day":4,"utc":"05:56:00","flight":"UA082"},{"day":5,"utc":"10:47:00","flight":"UA587"},{"day":6,"utc":"16:09:00","flight":"UA783"},{"day":6,"utc":"18:00:00","flight":"UA883"}],"distance":1371.287440359196}