{"id":57521,"type":"route","airline":"UA","airlineid":"airline_5209","sourceairport":"PVR","destinationairport":"EWR","stops":0,"equipment":"738","schedule":[{"day":0,"utc":"09:23:00","flight":"UA457"},{"day":0,"utc":"10:46:00","flight":"UA305"},{"day":0,"utc":"13:56:00","flight":"UA154"},{"day":1,"utc":"06:08:00","flight":"UA845"},{"day":2,"utc":"10:45:00","flight":"UA818"},{"day":3,"utc":"22:43:00","flight":"UA056"},{"day":3,"utc":"06:29:00","flight":"UA027"},{"day":3,"utc":"19:52:00","flight":"UA493"},{"day":3,"utc":"13:36:00","flight":"UA508"},{"day":3,"utc":"22:09:00","flight":"UA918"},{"day":4,"utc":"12:42:00","flight":"UA895"},{"day":4,"utc":"00:03:00","flight":"UA126"},{"day":5,"utc":"00:36:00","flight":"UA501"},{"day":5,"utc":"16:22:00","flight":"UA654"},{"day":5,"utc":"03:48:00","flight":"UA253"},{"day":5,"utc":"03:01:00","flight":"UA531"},{"day":6,"utc":"05:45:00","flight":"UA392"},{"day":6,"utc":"08:14:00","flight":"UA589"},{"day":6,"utc":"08:50:00","flight":"UA825"}],"distance":3680.163093011117}