{"title":"Edinburgh/South","name":"Royal Commonwealth Pool","alt":null,"address":"Dalkeith Road","directions":null,"phone":"+44 131 667 7211","tollfree":null,"email":null,"url":"http://www.edinburghleisure.co.uk/venues/royal-commonwealth-pool/","hours":"Mon-Fri 5:30-22:00, Sat 5:30-20:00, Sun 7:30-20:00","image":null,"price":"£5.90 adults for a swimming ticket, other activities available","content":"The pool was built for the Commonwealth Games in 1970, and was used again for the 1986 and 2014 games.","geo":{"lat":55.9392,"lon":-3.1729,"accuracy":"RANGE_INTERPOLATED"},"activity":"do","type":"landmark","id":8674,"country":"United Kingdom","city":"Edinburgh","state":null}