{"id":25560,"type":"route","airline":"FL","airlineid":"airline_1316","sourceairport":"TPA","destinationairport":"PVD","stops":0,"equipment":"73W 73H","schedule":[{"day":0,"utc":"23:26:00","flight":"FL127"},{"day":0,"utc":"22:09:00","flight":"FL841"},{"day":1,"utc":"13:15:00","flight":"FL645"},{"day":1,"utc":"22:12:00","flight":"FL511"},{"day":2,"utc":"23:03:00","flight":"FL092"},{"day":2,"utc":"15:53:00","flight":"FL947"},{"day":2,"utc":"02:58:00","flight":"FL421"},{"day":3,"utc":"02:20:00","flight":"FL967"},{"day":4,"utc":"13:35:00","flight":"FL177"},{"day":4,"utc":"06:32:00","flight":"FL922"},{"day":4,"utc":"21:36:00","flight":"FL040"},{"day":5,"utc":"20:32:00","flight":"FL802"},{"day":5,"utc":"16:48:00","flight":"FL666"},{"day":6,"utc":"03:56:00","flight":"FL907"},{"day":6,"utc":"19:55:00","flight":"FL971"},{"day":6,"utc":"12:41:00","flight":"FL912"}],"distance":1831.6832448588425}