{"id":3688,"type":"route","airline":"9K","airlineid":"airline_1629","sourceairport":"UIN","destinationairport":"STL","stops":0,"equipment":"CNA","schedule":[{"day":0,"utc":"21:56:00","flight":"9K150"},{"day":0,"utc":"08:18:00","flight":"9K894"},{"day":0,"utc":"19:37:00","flight":"9K907"},{"day":0,"utc":"19:05:00","flight":"9K017"},{"day":0,"utc":"13:34:00","flight":"9K553"},{"day":1,"utc":"21:50:00","flight":"9K510"},{"day":1,"utc":"08:13:00","flight":"9K790"},{"day":1,"utc":"17:39:00","flight":"9K437"},{"day":1,"utc":"04:23:00","flight":"9K751"},{"day":2,"utc":"08:24:00","flight":"9K824"},{"day":3,"utc":"10:21:00","flight":"9K251"},{"day":3,"utc":"15:35:00","flight":"9K072"},{"day":3,"utc":"10:36:00","flight":"9K412"},{"day":3,"utc":"07:10:00","flight":"9K008"},{"day":3,"utc":"07:37:00","flight":"9K909"},{"day":4,"utc":"16:32:00","flight":"9K112"},{"day":4,"utc":"11:51:00","flight":"9K320"},{"day":4,"utc":"03:23:00","flight":"9K629"},{"day":5,"utc":"16:13:00","flight":"9K399"},{"day":5,"utc":"08:37:00","flight":"9K104"},{"day":5,"utc":"03:29:00","flight":"9K467"},{"day":5,"utc":"06:00:00","flight":"9K189"},{"day":5,"utc":"05:25:00","flight":"9K735"},{"day":6,"utc":"05:18:00","flight":"9K856"}],"distance":150.5128897012153}