{"id":27789,"type":"route","airline":"FR","airlineid":"airline_4296","sourceairport":"RZE","destinationairport":"BRS","stops":0,"equipment":"738","schedule":[{"day":0,"utc":"00:46:00","flight":"FR924"},{"day":0,"utc":"16:17:00","flight":"FR101"},{"day":0,"utc":"18:18:00","flight":"FR828"},{"day":0,"utc":"22:33:00","flight":"FR767"},{"day":1,"utc":"13:44:00","flight":"FR647"},{"day":2,"utc":"13:01:00","flight":"FR295"},{"day":2,"utc":"00:06:00","flight":"FR882"},{"day":2,"utc":"22:06:00","flight":"FR132"},{"day":2,"utc":"17:43:00","flight":"FR246"},{"day":2,"utc":"22:03:00","flight":"FR295"},{"day":3,"utc":"07:30:00","flight":"FR991"},{"day":3,"utc":"07:46:00","flight":"FR247"},{"day":3,"utc":"10:07:00","flight":"FR998"},{"day":4,"utc":"11:43:00","flight":"FR110"},{"day":4,"utc":"01:47:00","flight":"FR647"},{"day":4,"utc":"10:10:00","flight":"FR591"},{"day":4,"utc":"20:52:00","flight":"FR505"},{"day":5,"utc":"01:28:00","flight":"FR025"},{"day":5,"utc":"23:17:00","flight":"FR670"},{"day":6,"utc":"07:15:00","flight":"FR612"},{"day":6,"utc":"06:45:00","flight":"FR558"},{"day":6,"utc":"01:25:00","flight":"FR561"},{"day":6,"utc":"15:21:00","flight":"FR936"}],"distance":1737.9701000161972}