{"id":12428,"type":"route","airline":"AV","airlineid":"airline_515","sourceairport":"JFK","destinationairport":"BOG","stops":0,"equipment":"319 330","schedule":[{"day":0,"utc":"05:21:00","flight":"AV190"},{"day":0,"utc":"18:25:00","flight":"AV641"},{"day":0,"utc":"12:13:00","flight":"AV497"},{"day":0,"utc":"02:43:00","flight":"AV303"},{"day":1,"utc":"08:36:00","flight":"AV454"},{"day":1,"utc":"05:07:00","flight":"AV142"},{"day":1,"utc":"20:26:00","flight":"AV388"},{"day":1,"utc":"15:49:00","flight":"AV087"},{"day":2,"utc":"05:22:00","flight":"AV630"},{"day":2,"utc":"10:03:00","flight":"AV436"},{"day":2,"utc":"02:27:00","flight":"AV459"},{"day":2,"utc":"07:18:00","flight":"AV541"},{"day":2,"utc":"21:38:00","flight":"AV659"},{"day":3,"utc":"16:16:00","flight":"AV439"},{"day":3,"utc":"15:44:00","flight":"AV218"},{"day":4,"utc":"02:36:00","flight":"AV220"},{"day":5,"utc":"19:53:00","flight":"AV966"},{"day":5,"utc":"01:14:00","flight":"AV624"},{"day":5,"utc":"22:55:00","flight":"AV517"},{"day":6,"utc":"21:31:00","flight":"AV186"},{"day":6,"utc":"11:06:00","flight":"AV457"},{"day":6,"utc":"00:31:00","flight":"AV247"},{"day":6,"utc":"04:05:00","flight":"AV275"}],"distance":3996.3100763761545}