{"id":13517,"type":"route","airline":"AZ","airlineid":"airline_596","sourceairport":"MEX","destinationairport":"MIA","stops":0,"equipment":"737","schedule":[{"day":0,"utc":"07:19:00","flight":"AZ316"},{"day":0,"utc":"21:06:00","flight":"AZ476"},{"day":0,"utc":"01:06:00","flight":"AZ640"},{"day":1,"utc":"04:34:00","flight":"AZ765"},{"day":1,"utc":"06:55:00","flight":"AZ216"},{"day":2,"utc":"17:17:00","flight":"AZ303"},{"day":2,"utc":"10:22:00","flight":"AZ968"},{"day":2,"utc":"14:20:00","flight":"AZ065"},{"day":2,"utc":"22:19:00","flight":"AZ853"},{"day":3,"utc":"20:49:00","flight":"AZ086"},{"day":3,"utc":"23:43:00","flight":"AZ758"},{"day":3,"utc":"19:22:00","flight":"AZ772"},{"day":4,"utc":"16:17:00","flight":"AZ764"},{"day":4,"utc":"15:00:00","flight":"AZ713"},{"day":4,"utc":"08:13:00","flight":"AZ015"},{"day":4,"utc":"14:43:00","flight":"AZ043"},{"day":5,"utc":"21:26:00","flight":"AZ700"},{"day":5,"utc":"07:40:00","flight":"AZ567"},{"day":5,"utc":"08:51:00","flight":"AZ288"},{"day":6,"utc":"04:02:00","flight":"AZ898"}],"distance":2050.7138441017564}