{"id":11896,"type":"route","airline":"AS","airlineid":"airline_439","sourceairport":"SAN","destinationairport":"ORD","stops":0,"equipment":"738","schedule":[{"day":0,"utc":"15:14:00","flight":"AS664"},{"day":0,"utc":"05:05:00","flight":"AS870"},{"day":0,"utc":"04:50:00","flight":"AS953"},{"day":1,"utc":"20:54:00","flight":"AS313"},{"day":1,"utc":"01:34:00","flight":"AS409"},{"day":1,"utc":"03:58:00","flight":"AS311"},{"day":1,"utc":"06:48:00","flight":"AS009"},{"day":2,"utc":"22:10:00","flight":"AS977"},{"day":2,"utc":"19:10:00","flight":"AS476"},{"day":3,"utc":"05:53:00","flight":"AS832"},{"day":4,"utc":"17:57:00","flight":"AS946"},{"day":4,"utc":"23:29:00","flight":"AS198"},{"day":5,"utc":"16:58:00","flight":"AS491"},{"day":5,"utc":"08:54:00","flight":"AS307"},{"day":5,"utc":"10:41:00","flight":"AS005"},{"day":5,"utc":"05:10:00","flight":"AS592"},{"day":6,"utc":"05:59:00","flight":"AS734"},{"day":6,"utc":"02:42:00","flight":"AS076"},{"day":6,"utc":"14:34:00","flight":"AS873"},{"day":6,"utc":"13:18:00","flight":"AS937"},{"day":6,"utc":"18:32:00","flight":"AS304"}],"distance":2768.0398839803397}