{"id":1436,"type":"route","airline":"4U","airlineid":"airline_2548","sourceairport":"HAM","destinationairport":"BHX","stops":0,"equipment":"CRJ","schedule":[{"day":0,"utc":"10:17:00","flight":"4U742"},{"day":1,"utc":"19:56:00","flight":"4U974"},{"day":2,"utc":"17:16:00","flight":"4U719"},{"day":2,"utc":"14:38:00","flight":"4U719"},{"day":3,"utc":"15:35:00","flight":"4U829"},{"day":3,"utc":"04:20:00","flight":"4U906"},{"day":3,"utc":"21:39:00","flight":"4U115"},{"day":4,"utc":"06:08:00","flight":"4U335"},{"day":4,"utc":"00:22:00","flight":"4U942"},{"day":4,"utc":"08:32:00","flight":"4U430"},{"day":4,"utc":"16:44:00","flight":"4U532"},{"day":4,"utc":"22:29:00","flight":"4U017"},{"day":5,"utc":"11:12:00","flight":"4U341"},{"day":5,"utc":"02:12:00","flight":"4U002"},{"day":5,"utc":"09:15:00","flight":"4U310"},{"day":5,"utc":"17:04:00","flight":"4U184"},{"day":6,"utc":"08:47:00","flight":"4U862"},{"day":6,"utc":"17:52:00","flight":"4U345"},{"day":6,"utc":"15:32:00","flight":"4U039"},{"day":6,"utc":"04:36:00","flight":"4U190"},{"day":6,"utc":"10:56:00","flight":"4U752"}],"distance":794.4908326713543}