{"id":60982,"type":"route","airline":"VA","airlineid":"airline_5360","sourceairport":"ATL","destinationairport":"SJD","stops":0,"equipment":"73W 738","schedule":[{"day":0,"utc":"18:00:00","flight":"VA332"},{"day":0,"utc":"15:21:00","flight":"VA429"},{"day":0,"utc":"22:17:00","flight":"VA826"},{"day":0,"utc":"00:13:00","flight":"VA722"},{"day":0,"utc":"03:18:00","flight":"VA546"},{"day":1,"utc":"08:53:00","flight":"VA513"},{"day":2,"utc":"00:40:00","flight":"VA915"},{"day":2,"utc":"13:56:00","flight":"VA073"},{"day":2,"utc":"22:58:00","flight":"VA825"},{"day":2,"utc":"14:11:00","flight":"VA772"},{"day":2,"utc":"02:35:00","flight":"VA387"},{"day":3,"utc":"06:14:00","flight":"VA091"},{"day":4,"utc":"02:59:00","flight":"VA217"},{"day":5,"utc":"04:43:00","flight":"VA210"},{"day":5,"utc":"18:42:00","flight":"VA027"},{"day":6,"utc":"22:17:00","flight":"VA048"},{"day":6,"utc":"04:13:00","flight":"VA047"},{"day":6,"utc":"02:31:00","flight":"VA468"}],"distance":2724.9604356056057}