{"title":"Santa Monica","name":"Library Ale House","alt":null,"address":"2911 Main St","directions":null,"phone":null,"tollfree":null,"email":null,"url":"http://www.libraryalehouse.com/","hours":null,"image":null,"price":null,"content":"On Main st and carries lots of interesting beer on tap. Food is mid-scale pub style.","geo":{"lat":33.99931,"lon":-118.48075,"accuracy":"ROOFTOP"},"activity":"drink","type":"landmark","id":26487,"country":"United States","city":"Santa Monica","state":"California"}