{"id":6577,"type":"route","airline":"AA","airlineid":"airline_24","sourceairport":"PHX","destinationairport":"SFO","stops":0,"equipment":"320 321","schedule":[{"day":0,"utc":"09:32:00","flight":"AA522"},{"day":0,"utc":"17:18:00","flight":"AA408"},{"day":1,"utc":"14:16:00","flight":"AA878"},{"day":1,"utc":"09:43:00","flight":"AA392"},{"day":1,"utc":"01:49:00","flight":"AA935"},{"day":1,"utc":"05:59:00","flight":"AA598"},{"day":1,"utc":"10:59:00","flight":"AA356"},{"day":2,"utc":"20:42:00","flight":"AA556"},{"day":2,"utc":"10:51:00","flight":"AA706"},{"day":2,"utc":"18:21:00","flight":"AA889"},{"day":3,"utc":"00:38:00","flight":"AA482"},{"day":4,"utc":"00:25:00","flight":"AA459"},{"day":5,"utc":"05:02:00","flight":"AA463"},{"day":5,"utc":"13:57:00","flight":"AA709"},{"day":5,"utc":"04:55:00","flight":"AA227"},{"day":6,"utc":"02:18:00","flight":"AA056"},{"day":6,"utc":"09:14:00","flight":"AA460"},{"day":6,"utc":"03:44:00","flight":"AA085"},{"day":6,"utc":"14:42:00","flight":"AA160"},{"day":6,"utc":"10:45:00","flight":"AA634"}],"distance":1046.063543330342}