{"id":6465,"type":"route","airline":"AA","airlineid":"airline_24","sourceairport":"PHL","destinationairport":"MCO","stops":0,"equipment":"767 321 757 320 332","schedule":[{"day":0,"utc":"15:21:00","flight":"AA469"},{"day":0,"utc":"19:26:00","flight":"AA479"},{"day":0,"utc":"13:37:00","flight":"AA417"},{"day":1,"utc":"04:45:00","flight":"AA064"},{"day":1,"utc":"03:12:00","flight":"AA206"},{"day":2,"utc":"00:09:00","flight":"AA525"},{"day":2,"utc":"09:25:00","flight":"AA224"},{"day":2,"utc":"00:10:00","flight":"AA742"},{"day":2,"utc":"14:58:00","flight":"AA457"},{"day":3,"utc":"07:02:00","flight":"AA787"},{"day":3,"utc":"08:54:00","flight":"AA686"},{"day":3,"utc":"19:06:00","flight":"AA630"},{"day":3,"utc":"13:33:00","flight":"AA724"},{"day":4,"utc":"06:25:00","flight":"AA036"},{"day":4,"utc":"18:50:00","flight":"AA557"},{"day":5,"utc":"04:03:00","flight":"AA814"},{"day":5,"utc":"06:05:00","flight":"AA549"},{"day":5,"utc":"13:21:00","flight":"AA222"},{"day":5,"utc":"07:13:00","flight":"AA570"},{"day":6,"utc":"18:52:00","flight":"AA046"},{"day":6,"utc":"17:00:00","flight":"AA163"},{"day":6,"utc":"14:26:00","flight":"AA090"},{"day":6,"utc":"17:57:00","flight":"AA350"}],"distance":1388.558898939517}