{"id":25188,"type":"route","airline":"FL","airlineid":"airline_1316","sourceairport":"MBJ","destinationairport":"MCO","stops":0,"equipment":"73G","schedule":[{"day":0,"utc":"19:01:00","flight":"FL392"},{"day":0,"utc":"14:58:00","flight":"FL508"},{"day":0,"utc":"08:37:00","flight":"FL747"},{"day":0,"utc":"22:27:00","flight":"FL202"},{"day":1,"utc":"20:15:00","flight":"FL770"},{"day":2,"utc":"16:47:00","flight":"FL742"},{"day":3,"utc":"01:58:00","flight":"FL419"},{"day":3,"utc":"04:00:00","flight":"FL310"},{"day":3,"utc":"22:10:00","flight":"FL372"},{"day":4,"utc":"07:57:00","flight":"FL557"},{"day":5,"utc":"15:50:00","flight":"FL854"},{"day":5,"utc":"04:00:00","flight":"FL737"},{"day":5,"utc":"06:46:00","flight":"FL713"},{"day":5,"utc":"18:57:00","flight":"FL673"},{"day":5,"utc":"19:32:00","flight":"FL631"},{"day":6,"utc":"09:13:00","flight":"FL785"},{"day":6,"utc":"16:10:00","flight":"FL272"},{"day":6,"utc":"11:46:00","flight":"FL674"},{"day":6,"utc":"06:24:00","flight":"FL601"}],"distance":1156.5475786117722}