{"id":56388,"type":"route","airline":"UA","airlineid":"airline_5209","sourceairport":"EWR","destinationairport":"SAN","stops":0,"equipment":"739 738","schedule":[{"day":0,"utc":"10:32:00","flight":"UA275"},{"day":0,"utc":"21:24:00","flight":"UA599"},{"day":1,"utc":"10:26:00","flight":"UA562"},{"day":1,"utc":"07:40:00","flight":"UA204"},{"day":1,"utc":"16:03:00","flight":"UA028"},{"day":1,"utc":"22:36:00","flight":"UA200"},{"day":1,"utc":"01:23:00","flight":"UA709"},{"day":2,"utc":"02:10:00","flight":"UA932"},{"day":2,"utc":"12:46:00","flight":"UA505"},{"day":3,"utc":"13:49:00","flight":"UA217"},{"day":3,"utc":"08:15:00","flight":"UA661"},{"day":4,"utc":"13:11:00","flight":"UA606"},{"day":4,"utc":"00:20:00","flight":"UA193"},{"day":5,"utc":"20:45:00","flight":"UA860"},{"day":5,"utc":"13:54:00","flight":"UA897"},{"day":5,"utc":"12:48:00","flight":"UA287"},{"day":6,"utc":"08:21:00","flight":"UA363"},{"day":6,"utc":"04:10:00","flight":"UA694"},{"day":6,"utc":"02:06:00","flight":"UA032"},{"day":6,"utc":"21:45:00","flight":"UA843"}],"distance":3895.0343451921995}