{"title":"San Francisco/Golden Gate","name":"The Grove Fillmore","alt":null,"address":"2016 Fillmore St","directions":"between California St and Pine St","phone":"+1 415 474-1419","tollfree":null,"email":null,"url":"http://www.thegrovesf.com/","hours":"M-Th 7AM-11PM, F 7AM-11:30PM, Sa 8AM-11:30PM, Su 8AM-11PM","image":null,"price":"$7-$12","content":"This cafe style restaurant has got a wholesome Californian menu with staples like salads, bagels, sandwiches, cheese plates, etc.  They also do a very affordable breakfast where you can get options like &quot;Huevos Rancheros&quot; and &quot;Country baked eggs&quot; for under 10 bucks.","geo":{"lat":37.7883,"lon":-122.4335,"accuracy":"RANGE_INTERPOLATED"},"activity":"eat","type":"landmark","id":25751,"country":"United States","city":"San Francisco","state":"California"}