{"id":21827,"type":"route","airline":"DL","airlineid":"airline_2009","sourceairport":"SLC","destinationairport":"MCI","stops":0,"equipment":"319","schedule":[{"day":0,"utc":"21:39:00","flight":"DL712"},{"day":0,"utc":"19:43:00","flight":"DL749"},{"day":0,"utc":"16:20:00","flight":"DL869"},{"day":0,"utc":"10:26:00","flight":"DL394"},{"day":0,"utc":"02:09:00","flight":"DL631"},{"day":1,"utc":"22:02:00","flight":"DL848"},{"day":2,"utc":"23:19:00","flight":"DL958"},{"day":2,"utc":"06:26:00","flight":"DL097"},{"day":2,"utc":"09:42:00","flight":"DL497"},{"day":2,"utc":"06:22:00","flight":"DL101"},{"day":2,"utc":"20:56:00","flight":"DL466"},{"day":3,"utc":"18:25:00","flight":"DL804"},{"day":4,"utc":"00:40:00","flight":"DL268"},{"day":4,"utc":"08:50:00","flight":"DL049"},{"day":5,"utc":"04:09:00","flight":"DL921"},{"day":5,"utc":"20:50:00","flight":"DL871"},{"day":5,"utc":"03:09:00","flight":"DL757"},{"day":6,"utc":"22:50:00","flight":"DL144"}],"distance":1476.5072479895357}