{"id":34263,"type":"route","airline":"JJ","airlineid":"airline_4867","sourceairport":"GIG","destinationairport":"DFW","stops":0,"equipment":"763","schedule":[{"day":0,"utc":"16:01:00","flight":"JJ602"},{"day":1,"utc":"19:50:00","flight":"JJ590"},{"day":1,"utc":"15:12:00","flight":"JJ448"},{"day":1,"utc":"02:35:00","flight":"JJ548"},{"day":1,"utc":"08:48:00","flight":"JJ347"},{"day":2,"utc":"15:33:00","flight":"JJ200"},{"day":3,"utc":"22:16:00","flight":"JJ526"},{"day":3,"utc":"22:51:00","flight":"JJ994"},{"day":3,"utc":"13:11:00","flight":"JJ454"},{"day":3,"utc":"16:00:00","flight":"JJ681"},{"day":4,"utc":"23:56:00","flight":"JJ405"},{"day":4,"utc":"03:58:00","flight":"JJ439"},{"day":4,"utc":"14:47:00","flight":"JJ802"},{"day":5,"utc":"10:44:00","flight":"JJ814"},{"day":6,"utc":"09:00:00","flight":"JJ383"},{"day":6,"utc":"21:44:00","flight":"JJ711"},{"day":6,"utc":"00:04:00","flight":"JJ144"},{"day":6,"utc":"15:15:00","flight":"JJ154"}],"distance":8419.834899651845}