{"id":38755,"type":"route","airline":"LH","airlineid":"airline_3320","sourceairport":"SFO","destinationairport":"FRA","stops":0,"equipment":"744 388","schedule":[{"day":0,"utc":"09:29:00","flight":"LH587"},{"day":0,"utc":"11:01:00","flight":"LH264"},{"day":0,"utc":"16:50:00","flight":"LH328"},{"day":1,"utc":"18:03:00","flight":"LH557"},{"day":2,"utc":"01:26:00","flight":"LH144"},{"day":2,"utc":"03:05:00","flight":"LH752"},{"day":2,"utc":"08:03:00","flight":"LH931"},{"day":2,"utc":"13:38:00","flight":"LH179"},{"day":3,"utc":"04:07:00","flight":"LH113"},{"day":3,"utc":"20:35:00","flight":"LH134"},{"day":3,"utc":"01:30:00","flight":"LH056"},{"day":3,"utc":"23:32:00","flight":"LH666"},{"day":4,"utc":"14:27:00","flight":"LH156"},{"day":4,"utc":"19:14:00","flight":"LH691"},{"day":4,"utc":"20:03:00","flight":"LH606"},{"day":4,"utc":"08:41:00","flight":"LH067"},{"day":5,"utc":"03:09:00","flight":"LH196"},{"day":5,"utc":"09:05:00","flight":"LH255"},{"day":5,"utc":"10:00:00","flight":"LH834"},{"day":5,"utc":"02:43:00","flight":"LH514"},{"day":6,"utc":"13:36:00","flight":"LH447"},{"day":6,"utc":"00:53:00","flight":"LH463"},{"day":6,"utc":"23:26:00","flight":"LH383"},{"day":6,"utc":"04:01:00","flight":"LH212"},{"day":6,"utc":"06:20:00","flight":"LH503"}],"distance":9148.135136363797}