{"id":6259,"type":"route","airline":"AA","airlineid":"airline_24","sourceairport":"ORD","destinationairport":"DSM","stops":0,"equipment":"ERD ER4 E75","schedule":[{"day":0,"utc":"10:57:00","flight":"AA752"},{"day":1,"utc":"00:47:00","flight":"AA938"},{"day":2,"utc":"18:43:00","flight":"AA781"},{"day":3,"utc":"20:15:00","flight":"AA344"},{"day":4,"utc":"20:31:00","flight":"AA339"},{"day":4,"utc":"14:13:00","flight":"AA363"},{"day":5,"utc":"19:08:00","flight":"AA913"},{"day":5,"utc":"21:05:00","flight":"AA218"},{"day":6,"utc":"15:10:00","flight":"AA336"},{"day":6,"utc":"07:41:00","flight":"AA051"},{"day":6,"utc":"13:11:00","flight":"AA338"},{"day":6,"utc":"23:12:00","flight":"AA048"},{"day":6,"utc":"14:11:00","flight":"AA044"}],"distance":480.1033954677924}