{"id":11592,"type":"route","airline":"AS","airlineid":"airline_439","sourceairport":"BOI","destinationairport":"LWS","stops":0,"equipment":"DH4","schedule":[{"day":0,"utc":"20:07:00","flight":"AS566"},{"day":0,"utc":"11:30:00","flight":"AS124"},{"day":0,"utc":"15:11:00","flight":"AS451"},{"day":1,"utc":"21:14:00","flight":"AS072"},{"day":1,"utc":"18:05:00","flight":"AS277"},{"day":2,"utc":"10:03:00","flight":"AS925"},{"day":2,"utc":"05:52:00","flight":"AS305"},{"day":2,"utc":"23:55:00","flight":"AS073"},{"day":2,"utc":"08:49:00","flight":"AS214"},{"day":3,"utc":"17:04:00","flight":"AS911"},{"day":3,"utc":"00:44:00","flight":"AS588"},{"day":3,"utc":"23:00:00","flight":"AS795"},{"day":3,"utc":"05:53:00","flight":"AS351"},{"day":4,"utc":"01:13:00","flight":"AS379"},{"day":4,"utc":"10:55:00","flight":"AS031"},{"day":5,"utc":"03:40:00","flight":"AS616"},{"day":5,"utc":"06:44:00","flight":"AS111"},{"day":5,"utc":"04:31:00","flight":"AS483"},{"day":5,"utc":"17:22:00","flight":"AS054"},{"day":5,"utc":"06:09:00","flight":"AS107"},{"day":6,"utc":"14:20:00","flight":"AS463"},{"day":6,"utc":"08:47:00","flight":"AS236"},{"day":6,"utc":"15:30:00","flight":"AS814"},{"day":6,"utc":"08:37:00","flight":"AS585"}],"distance":318.627551867641}