{"id":63479,"type":"route","airline":"WN","airlineid":"airline_4547","sourceairport":"ATL","destinationairport":"SDF","stops":0,"equipment":"73W","schedule":[{"day":0,"utc":"09:41:00","flight":"WN069"},{"day":0,"utc":"23:51:00","flight":"WN642"},{"day":0,"utc":"02:26:00","flight":"WN873"},{"day":1,"utc":"12:18:00","flight":"WN869"},{"day":2,"utc":"14:02:00","flight":"WN421"},{"day":2,"utc":"03:39:00","flight":"WN807"},{"day":2,"utc":"00:46:00","flight":"WN415"},{"day":2,"utc":"13:10:00","flight":"WN010"},{"day":3,"utc":"16:41:00","flight":"WN103"},{"day":3,"utc":"19:57:00","flight":"WN850"},{"day":3,"utc":"17:40:00","flight":"WN583"},{"day":4,"utc":"12:58:00","flight":"WN994"},{"day":5,"utc":"22:45:00","flight":"WN775"},{"day":5,"utc":"12:56:00","flight":"WN816"},{"day":5,"utc":"04:24:00","flight":"WN888"},{"day":6,"utc":"23:37:00","flight":"WN996"},{"day":6,"utc":"11:45:00","flight":"WN071"},{"day":6,"utc":"00:22:00","flight":"WN299"},{"day":6,"utc":"08:25:00","flight":"WN412"},{"day":6,"utc":"05:44:00","flight":"WN582"}],"distance":518.094041073725}