{"title":"San Francisco/Union Square-Financial District","name":"Daffodil Restaurant","alt":null,"address":"665 Bush St","directions":"in the Orchard Hotel (see below) between Stockton and Powell","phone":"+1 415 343-0130","tollfree":null,"email":null,"url":"http://www.thedaffodilrestaurant.com/","hours":null,"image":null,"price":null,"content":"Serving seasonal, organic cuisine with wines from around the world.","geo":{"lat":37.79,"lon":-122.4085,"accuracy":"ROOFTOP"},"activity":"eat","type":"landmark","id":26192,"country":"United States","city":"San Francisco","state":"California"}