{"id":55818,"type":"route","airline":"UA","airlineid":"airline_5209","sourceairport":"AUS","destinationairport":"CUN","stops":0,"equipment":"739","schedule":[{"day":0,"utc":"10:37:00","flight":"UA781"},{"day":0,"utc":"17:50:00","flight":"UA259"},{"day":1,"utc":"10:04:00","flight":"UA230"},{"day":1,"utc":"19:16:00","flight":"UA288"},{"day":1,"utc":"20:45:00","flight":"UA665"},{"day":1,"utc":"00:45:00","flight":"UA130"},{"day":1,"utc":"23:47:00","flight":"UA548"},{"day":2,"utc":"17:38:00","flight":"UA558"},{"day":3,"utc":"00:06:00","flight":"UA334"},{"day":3,"utc":"14:13:00","flight":"UA095"},{"day":4,"utc":"13:14:00","flight":"UA172"},{"day":4,"utc":"23:28:00","flight":"UA901"},{"day":4,"utc":"04:38:00","flight":"UA436"},{"day":5,"utc":"09:32:00","flight":"UA657"},{"day":5,"utc":"05:50:00","flight":"UA046"},{"day":6,"utc":"03:33:00","flight":"UA236"}],"distance":1484.307507242841}