{"id":13452,"type":"route","airline":"AZ","airlineid":"airline_596","sourceairport":"LGW","destinationairport":"PMO","stops":0,"equipment":"320","schedule":[{"day":0,"utc":"20:51:00","flight":"AZ022"},{"day":0,"utc":"05:11:00","flight":"AZ134"},{"day":0,"utc":"14:00:00","flight":"AZ932"},{"day":0,"utc":"09:56:00","flight":"AZ457"},{"day":0,"utc":"14:49:00","flight":"AZ986"},{"day":1,"utc":"10:44:00","flight":"AZ415"},{"day":2,"utc":"21:21:00","flight":"AZ683"},{"day":2,"utc":"05:39:00","flight":"AZ241"},{"day":2,"utc":"12:46:00","flight":"AZ848"},{"day":2,"utc":"11:56:00","flight":"AZ846"},{"day":2,"utc":"18:58:00","flight":"AZ566"},{"day":3,"utc":"02:30:00","flight":"AZ692"},{"day":3,"utc":"10:57:00","flight":"AZ381"},{"day":3,"utc":"10:41:00","flight":"AZ019"},{"day":3,"utc":"13:31:00","flight":"AZ221"},{"day":4,"utc":"06:24:00","flight":"AZ262"},{"day":4,"utc":"17:13:00","flight":"AZ004"},{"day":5,"utc":"21:40:00","flight":"AZ080"},{"day":5,"utc":"12:19:00","flight":"AZ280"},{"day":5,"utc":"08:01:00","flight":"AZ231"},{"day":6,"utc":"04:53:00","flight":"AZ490"},{"day":6,"utc":"20:39:00","flight":"AZ798"},{"day":6,"utc":"13:05:00","flight":"AZ188"},{"day":6,"utc":"13:28:00","flight":"AZ054"}],"distance":1778.4652588900385}