{"id":14790,"type":"route","airline":"BA","airlineid":"airline_1355","sourceairport":"LIN","destinationairport":"LHR","stops":0,"equipment":"321 319 320","schedule":[{"day":0,"utc":"09:47:00","flight":"BA607"},{"day":0,"utc":"18:57:00","flight":"BA047"},{"day":0,"utc":"16:32:00","flight":"BA215"},{"day":0,"utc":"02:18:00","flight":"BA837"},{"day":0,"utc":"20:29:00","flight":"BA576"},{"day":1,"utc":"15:33:00","flight":"BA534"},{"day":1,"utc":"18:00:00","flight":"BA307"},{"day":1,"utc":"22:36:00","flight":"BA037"},{"day":1,"utc":"19:15:00","flight":"BA481"},{"day":1,"utc":"10:46:00","flight":"BA751"},{"day":2,"utc":"13:28:00","flight":"BA390"},{"day":2,"utc":"12:01:00","flight":"BA035"},{"day":2,"utc":"15:16:00","flight":"BA071"},{"day":2,"utc":"15:47:00","flight":"BA261"},{"day":2,"utc":"10:25:00","flight":"BA484"},{"day":3,"utc":"06:52:00","flight":"BA063"},{"day":3,"utc":"19:09:00","flight":"BA587"},{"day":4,"utc":"15:44:00","flight":"BA945"},{"day":4,"utc":"12:40:00","flight":"BA613"},{"day":5,"utc":"18:25:00","flight":"BA381"},{"day":5,"utc":"21:55:00","flight":"BA138"},{"day":5,"utc":"18:24:00","flight":"BA395"},{"day":6,"utc":"08:28:00","flight":"BA201"},{"day":6,"utc":"17:59:00","flight":"BA850"},{"day":6,"utc":"13:33:00","flight":"BA003"},{"day":6,"utc":"11:31:00","flight":"BA261"},{"day":6,"utc":"07:48:00","flight":"BA371"}],"distance":981.0919317280959}