{"id":15181,"type":"route","airline":"BE","airlineid":"airline_2421","sourceairport":"INV","destinationairport":"BHX","stops":0,"equipment":"DH4 E75","schedule":[{"day":0,"utc":"14:37:00","flight":"BE241"},{"day":1,"utc":"06:12:00","flight":"BE913"},{"day":1,"utc":"11:52:00","flight":"BE778"},{"day":1,"utc":"11:47:00","flight":"BE850"},{"day":1,"utc":"08:36:00","flight":"BE022"},{"day":1,"utc":"00:23:00","flight":"BE485"},{"day":2,"utc":"07:51:00","flight":"BE031"},{"day":2,"utc":"14:04:00","flight":"BE761"},{"day":2,"utc":"14:24:00","flight":"BE445"},{"day":2,"utc":"20:30:00","flight":"BE770"},{"day":2,"utc":"23:01:00","flight":"BE100"},{"day":3,"utc":"02:46:00","flight":"BE427"},{"day":3,"utc":"21:43:00","flight":"BE069"},{"day":3,"utc":"21:28:00","flight":"BE520"},{"day":4,"utc":"00:13:00","flight":"BE580"},{"day":5,"utc":"22:00:00","flight":"BE404"},{"day":6,"utc":"05:34:00","flight":"BE240"},{"day":6,"utc":"07:06:00","flight":"BE010"},{"day":6,"utc":"04:07:00","flight":"BE559"}],"distance":584.4424036716447}