{"id":21574,"type":"route","airline":"DL","airlineid":"airline_2009","sourceairport":"PHF","destinationairport":"ATL","stops":0,"equipment":"CRJ","schedule":[{"day":0,"utc":"01:32:00","flight":"DL895"},{"day":0,"utc":"21:00:00","flight":"DL379"},{"day":1,"utc":"17:06:00","flight":"DL492"},{"day":1,"utc":"08:33:00","flight":"DL460"},{"day":1,"utc":"07:04:00","flight":"DL096"},{"day":1,"utc":"16:04:00","flight":"DL728"},{"day":2,"utc":"06:48:00","flight":"DL481"},{"day":2,"utc":"14:01:00","flight":"DL664"},{"day":2,"utc":"04:31:00","flight":"DL411"},{"day":2,"utc":"01:51:00","flight":"DL935"},{"day":2,"utc":"18:29:00","flight":"DL420"},{"day":3,"utc":"19:38:00","flight":"DL741"},{"day":3,"utc":"05:46:00","flight":"DL580"},{"day":3,"utc":"01:26:00","flight":"DL330"},{"day":3,"utc":"14:58:00","flight":"DL776"},{"day":3,"utc":"23:26:00","flight":"DL134"},{"day":4,"utc":"14:30:00","flight":"DL004"},{"day":4,"utc":"00:38:00","flight":"DL492"},{"day":4,"utc":"17:52:00","flight":"DL421"},{"day":4,"utc":"01:31:00","flight":"DL737"},{"day":4,"utc":"07:40:00","flight":"DL756"},{"day":5,"utc":"14:17:00","flight":"DL345"},{"day":6,"utc":"13:10:00","flight":"DL851"}],"distance":817.2168808980508}