{"id":55265,"type":"route","airline":"U2","airlineid":"airline_2297","sourceairport":"NCL","destinationairport":"FAO","stops":0,"equipment":"319 320","schedule":[{"day":0,"utc":"23:39:00","flight":"U2748"},{"day":0,"utc":"06:20:00","flight":"U2601"},{"day":1,"utc":"00:03:00","flight":"U2955"},{"day":1,"utc":"05:34:00","flight":"U2644"},{"day":1,"utc":"09:15:00","flight":"U2836"},{"day":1,"utc":"02:27:00","flight":"U2706"},{"day":2,"utc":"23:39:00","flight":"U2382"},{"day":2,"utc":"18:22:00","flight":"U2852"},{"day":2,"utc":"16:12:00","flight":"U2403"},{"day":3,"utc":"15:09:00","flight":"U2140"},{"day":3,"utc":"11:23:00","flight":"U2720"},{"day":4,"utc":"21:24:00","flight":"U2222"},{"day":4,"utc":"02:22:00","flight":"U2786"},{"day":4,"utc":"00:37:00","flight":"U2201"},{"day":4,"utc":"19:15:00","flight":"U2040"},{"day":4,"utc":"06:17:00","flight":"U2604"},{"day":5,"utc":"18:06:00","flight":"U2604"},{"day":5,"utc":"11:58:00","flight":"U2404"},{"day":5,"utc":"14:07:00","flight":"U2018"},{"day":5,"utc":"04:19:00","flight":"U2918"},{"day":5,"utc":"02:19:00","flight":"U2325"},{"day":6,"utc":"10:24:00","flight":"U2013"}],"distance":2059.7626530040884}