{"id":58284,"type":"route","airline":"UN","airlineid":"airline_5067","sourceairport":"MIA","destinationairport":"VKO","stops":0,"equipment":"777","schedule":[{"day":0,"utc":"03:40:00","flight":"UN957"},{"day":0,"utc":"14:04:00","flight":"UN589"},{"day":0,"utc":"14:49:00","flight":"UN738"},{"day":1,"utc":"22:10:00","flight":"UN851"},{"day":1,"utc":"12:04:00","flight":"UN322"},{"day":2,"utc":"11:57:00","flight":"UN148"},{"day":2,"utc":"21:21:00","flight":"UN415"},{"day":2,"utc":"08:44:00","flight":"UN181"},{"day":3,"utc":"08:40:00","flight":"UN294"},{"day":3,"utc":"04:11:00","flight":"UN977"},{"day":3,"utc":"13:53:00","flight":"UN094"},{"day":4,"utc":"21:12:00","flight":"UN802"},{"day":5,"utc":"17:58:00","flight":"UN669"},{"day":5,"utc":"06:08:00","flight":"UN242"},{"day":5,"utc":"21:58:00","flight":"UN051"},{"day":5,"utc":"06:32:00","flight":"UN417"},{"day":5,"utc":"09:07:00","flight":"UN536"},{"day":6,"utc":"07:45:00","flight":"UN978"},{"day":6,"utc":"08:34:00","flight":"UN886"},{"day":6,"utc":"06:15:00","flight":"UN158"},{"day":6,"utc":"16:03:00","flight":"UN518"}],"distance":9217.756361995029}