{"title":"San Francisco/Fisherman's Wharf","name":"Eagle Cafe","alt":null,"address":"Pier 39","directions":"at Beach St and the Embarcadero","phone":"+1 415 433-3689","tollfree":null,"email":"Webmaster@DaveVdW.net","url":"http://www.eaglecafe.com/","hours":"7:30AM-9PM daily","image":null,"price":"$7-$30","content":"One of the more reasonably priced places to eat on the Wharf. Traditional fare served. Pancakes are a favorite.","geo":{"lat":37.8088,"lon":-122.4104,"accuracy":"APPROXIMATE"},"activity":"eat","type":"landmark","id":25643,"country":"United States","city":"San Francisco","state":"California"}