{"id":59138,"type":"route","airline":"US","airlineid":"airline_5265","sourceairport":"DFW","destinationairport":"PHX","stops":0,"equipment":"321 738 M80 319 320 M83","schedule":[{"day":0,"utc":"04:00:00","flight":"US473"},{"day":0,"utc":"18:11:00","flight":"US724"},{"day":0,"utc":"00:34:00","flight":"US335"},{"day":0,"utc":"21:15:00","flight":"US224"},{"day":1,"utc":"19:57:00","flight":"US060"},{"day":1,"utc":"07:12:00","flight":"US726"},{"day":1,"utc":"00:57:00","flight":"US935"},{"day":2,"utc":"08:48:00","flight":"US338"},{"day":2,"utc":"04:15:00","flight":"US478"},{"day":2,"utc":"13:39:00","flight":"US443"},{"day":3,"utc":"12:05:00","flight":"US389"},{"day":3,"utc":"15:28:00","flight":"US169"},{"day":3,"utc":"10:38:00","flight":"US515"},{"day":3,"utc":"19:35:00","flight":"US977"},{"day":3,"utc":"10:14:00","flight":"US466"},{"day":4,"utc":"02:59:00","flight":"US487"},{"day":4,"utc":"13:34:00","flight":"US159"},{"day":4,"utc":"19:09:00","flight":"US986"},{"day":5,"utc":"07:48:00","flight":"US298"},{"day":5,"utc":"04:15:00","flight":"US625"},{"day":5,"utc":"02:25:00","flight":"US105"},{"day":6,"utc":"20:12:00","flight":"US100"},{"day":6,"utc":"23:30:00","flight":"US173"}],"distance":1393.827088216142}