{"id":26862,"type":"route","airline":"FR","airlineid":"airline_4296","sourceairport":"GDN","destinationairport":"BRS","stops":0,"equipment":"738","schedule":[{"day":0,"utc":"17:15:00","flight":"FR129"},{"day":0,"utc":"13:53:00","flight":"FR192"},{"day":0,"utc":"20:40:00","flight":"FR413"},{"day":1,"utc":"20:14:00","flight":"FR970"},{"day":1,"utc":"15:33:00","flight":"FR586"},{"day":1,"utc":"11:29:00","flight":"FR480"},{"day":1,"utc":"11:49:00","flight":"FR207"},{"day":2,"utc":"00:10:00","flight":"FR013"},{"day":2,"utc":"05:25:00","flight":"FR521"},{"day":2,"utc":"19:51:00","flight":"FR354"},{"day":2,"utc":"10:13:00","flight":"FR739"},{"day":2,"utc":"00:05:00","flight":"FR867"},{"day":3,"utc":"21:34:00","flight":"FR922"},{"day":3,"utc":"19:49:00","flight":"FR312"},{"day":4,"utc":"18:49:00","flight":"FR864"},{"day":4,"utc":"02:13:00","flight":"FR481"},{"day":4,"utc":"07:19:00","flight":"FR744"},{"day":4,"utc":"21:14:00","flight":"FR312"},{"day":5,"utc":"13:34:00","flight":"FR274"},{"day":5,"utc":"16:28:00","flight":"FR922"},{"day":5,"utc":"17:01:00","flight":"FR804"},{"day":6,"utc":"16:30:00","flight":"FR404"},{"day":6,"utc":"06:56:00","flight":"FR913"},{"day":6,"utc":"00:46:00","flight":"FR881"},{"day":6,"utc":"06:47:00","flight":"FR162"}],"distance":1454.0968411119316}