{"id":14817,"type":"route","airline":"BA","airlineid":"airline_1355","sourceairport":"MIA","destinationairport":"ATL","stops":0,"equipment":"ER4 738","schedule":[{"day":0,"utc":"20:12:00","flight":"BA248"},{"day":1,"utc":"04:53:00","flight":"BA516"},{"day":1,"utc":"04:48:00","flight":"BA267"},{"day":1,"utc":"20:20:00","flight":"BA009"},{"day":2,"utc":"12:39:00","flight":"BA272"},{"day":2,"utc":"05:28:00","flight":"BA904"},{"day":2,"utc":"10:01:00","flight":"BA416"},{"day":3,"utc":"17:54:00","flight":"BA138"},{"day":3,"utc":"21:30:00","flight":"BA460"},{"day":3,"utc":"12:37:00","flight":"BA244"},{"day":3,"utc":"03:40:00","flight":"BA603"},{"day":3,"utc":"15:20:00","flight":"BA860"},{"day":4,"utc":"17:18:00","flight":"BA971"},{"day":4,"utc":"13:46:00","flight":"BA100"},{"day":5,"utc":"05:42:00","flight":"BA268"},{"day":5,"utc":"16:06:00","flight":"BA703"},{"day":5,"utc":"20:45:00","flight":"BA216"},{"day":6,"utc":"16:00:00","flight":"BA640"}],"distance":959.0618701672437}