{"id":15093,"type":"route","airline":"BE","airlineid":"airline_2421","sourceairport":"CFN","destinationairport":"GLA","stops":0,"equipment":"SF3","schedule":[{"day":0,"utc":"21:33:00","flight":"BE676"},{"day":0,"utc":"17:33:00","flight":"BE085"},{"day":1,"utc":"23:16:00","flight":"BE518"},{"day":1,"utc":"01:03:00","flight":"BE210"},{"day":1,"utc":"21:37:00","flight":"BE058"},{"day":1,"utc":"13:56:00","flight":"BE958"},{"day":1,"utc":"00:37:00","flight":"BE853"},{"day":2,"utc":"01:00:00","flight":"BE986"},{"day":2,"utc":"10:57:00","flight":"BE089"},{"day":2,"utc":"03:33:00","flight":"BE936"},{"day":2,"utc":"14:41:00","flight":"BE770"},{"day":2,"utc":"14:31:00","flight":"BE889"},{"day":3,"utc":"18:24:00","flight":"BE286"},{"day":3,"utc":"19:29:00","flight":"BE980"},{"day":3,"utc":"16:09:00","flight":"BE287"},{"day":4,"utc":"22:37:00","flight":"BE259"},{"day":4,"utc":"15:10:00","flight":"BE373"},{"day":5,"utc":"16:18:00","flight":"BE177"},{"day":6,"utc":"14:17:00","flight":"BE675"},{"day":6,"utc":"05:35:00","flight":"BE838"},{"day":6,"utc":"19:14:00","flight":"BE165"},{"day":6,"utc":"12:53:00","flight":"BE736"}],"distance":262.97550807108996}