{"id":64492,"type":"route","airline":"WN","airlineid":"airline_4547","sourceairport":"STL","destinationairport":"EWR","stops":0,"equipment":"73W","schedule":[{"day":0,"utc":"18:27:00","flight":"WN786"},{"day":0,"utc":"09:07:00","flight":"WN196"},{"day":1,"utc":"11:53:00","flight":"WN853"},{"day":2,"utc":"07:56:00","flight":"WN306"},{"day":2,"utc":"19:51:00","flight":"WN872"},{"day":2,"utc":"07:01:00","flight":"WN481"},{"day":2,"utc":"15:30:00","flight":"WN365"},{"day":2,"utc":"16:53:00","flight":"WN899"},{"day":3,"utc":"21:40:00","flight":"WN198"},{"day":3,"utc":"11:36:00","flight":"WN335"},{"day":3,"utc":"02:17:00","flight":"WN963"},{"day":3,"utc":"12:23:00","flight":"WN863"},{"day":4,"utc":"06:34:00","flight":"WN636"},{"day":4,"utc":"07:11:00","flight":"WN375"},{"day":4,"utc":"14:20:00","flight":"WN695"},{"day":4,"utc":"02:45:00","flight":"WN334"},{"day":5,"utc":"18:21:00","flight":"WN254"},{"day":5,"utc":"16:09:00","flight":"WN487"},{"day":5,"utc":"02:18:00","flight":"WN757"},{"day":5,"utc":"01:56:00","flight":"WN371"},{"day":6,"utc":"06:21:00","flight":"WN455"},{"day":6,"utc":"03:33:00","flight":"WN261"}],"distance":1400.3497232863292}