{"id":20918,"type":"route","airline":"DL","airlineid":"airline_2009","sourceairport":"JFK","destinationairport":"ACC","stops":0,"equipment":"76W","schedule":[{"day":0,"utc":"22:36:00","flight":"DL545"},{"day":1,"utc":"18:15:00","flight":"DL894"},{"day":1,"utc":"05:25:00","flight":"DL202"},{"day":1,"utc":"00:22:00","flight":"DL031"},{"day":2,"utc":"03:14:00","flight":"DL006"},{"day":2,"utc":"03:18:00","flight":"DL191"},{"day":2,"utc":"09:34:00","flight":"DL691"},{"day":3,"utc":"13:37:00","flight":"DL311"},{"day":3,"utc":"04:51:00","flight":"DL910"},{"day":3,"utc":"22:06:00","flight":"DL407"},{"day":3,"utc":"15:17:00","flight":"DL516"},{"day":4,"utc":"02:46:00","flight":"DL650"},{"day":5,"utc":"14:09:00","flight":"DL122"},{"day":5,"utc":"05:13:00","flight":"DL924"},{"day":5,"utc":"18:07:00","flight":"DL562"},{"day":5,"utc":"12:15:00","flight":"DL592"},{"day":6,"utc":"01:07:00","flight":"DL938"}],"distance":8221.49432871225}