{"id":29056,"type":"route","airline":"G4","airlineid":"airline_35","sourceairport":"MFE","destinationairport":"LAS","stops":0,"equipment":"757 M80","schedule":[{"day":0,"utc":"18:57:00","flight":"G4748"},{"day":0,"utc":"07:29:00","flight":"G4025"},{"day":0,"utc":"12:59:00","flight":"G4871"},{"day":1,"utc":"14:40:00","flight":"G4572"},{"day":1,"utc":"05:12:00","flight":"G4024"},{"day":1,"utc":"13:44:00","flight":"G4139"},{"day":2,"utc":"04:04:00","flight":"G4689"},{"day":2,"utc":"16:39:00","flight":"G4980"},{"day":2,"utc":"19:13:00","flight":"G4687"},{"day":2,"utc":"04:28:00","flight":"G4539"},{"day":2,"utc":"21:13:00","flight":"G4260"},{"day":3,"utc":"16:22:00","flight":"G4138"},{"day":3,"utc":"05:19:00","flight":"G4157"},{"day":4,"utc":"09:31:00","flight":"G4555"},{"day":4,"utc":"12:06:00","flight":"G4194"},{"day":5,"utc":"23:18:00","flight":"G4581"},{"day":5,"utc":"04:43:00","flight":"G4004"},{"day":5,"utc":"21:21:00","flight":"G4708"},{"day":5,"utc":"03:04:00","flight":"G4136"},{"day":5,"utc":"08:32:00","flight":"G4727"},{"day":6,"utc":"03:19:00","flight":"G4413"},{"day":6,"utc":"22:11:00","flight":"G4282"}],"distance":1945.7852472051527}