{"id":20670,"type":"route","airline":"DL","airlineid":"airline_2009","sourceairport":"DTW","destinationairport":"PEK","stops":0,"equipment":"777","schedule":[{"day":0,"utc":"15:23:00","flight":"DL475"},{"day":0,"utc":"06:59:00","flight":"DL107"},{"day":0,"utc":"19:38:00","flight":"DL545"},{"day":0,"utc":"21:17:00","flight":"DL267"},{"day":1,"utc":"07:50:00","flight":"DL773"},{"day":1,"utc":"01:20:00","flight":"DL552"},{"day":1,"utc":"20:59:00","flight":"DL596"},{"day":2,"utc":"20:23:00","flight":"DL373"},{"day":3,"utc":"12:26:00","flight":"DL798"},{"day":3,"utc":"16:04:00","flight":"DL912"},{"day":4,"utc":"03:07:00","flight":"DL808"},{"day":5,"utc":"17:21:00","flight":"DL543"},{"day":5,"utc":"20:59:00","flight":"DL762"},{"day":5,"utc":"18:07:00","flight":"DL222"},{"day":6,"utc":"02:05:00","flight":"DL930"},{"day":6,"utc":"19:06:00","flight":"DL990"}],"distance":10646.655758306122}