{"id":9905,"type":"route","airline":"AF","airlineid":"airline_137","sourceairport":"PVR","destinationairport":"ATL","stops":0,"equipment":"757","schedule":[{"day":0,"utc":"02:47:00","flight":"AF957"},{"day":0,"utc":"04:12:00","flight":"AF837"},{"day":0,"utc":"11:57:00","flight":"AF692"},{"day":0,"utc":"17:32:00","flight":"AF140"},{"day":0,"utc":"12:50:00","flight":"AF943"},{"day":1,"utc":"00:15:00","flight":"AF172"},{"day":1,"utc":"21:23:00","flight":"AF526"},{"day":2,"utc":"06:04:00","flight":"AF563"},{"day":3,"utc":"01:20:00","flight":"AF781"},{"day":3,"utc":"11:29:00","flight":"AF457"},{"day":4,"utc":"14:53:00","flight":"AF279"},{"day":4,"utc":"03:36:00","flight":"AF268"},{"day":4,"utc":"22:51:00","flight":"AF720"},{"day":5,"utc":"19:38:00","flight":"AF144"},{"day":5,"utc":"15:11:00","flight":"AF842"},{"day":6,"utc":"22:21:00","flight":"AF568"},{"day":6,"utc":"20:42:00","flight":"AF497"},{"day":6,"utc":"21:47:00","flight":"AF724"},{"day":6,"utc":"08:40:00","flight":"AF755"},{"day":6,"utc":"13:06:00","flight":"AF972"}],"distance":2505.733013943472}