{"id":9285,"type":"route","airline":"AF","airlineid":"airline_137","sourceairport":"CDG","destinationairport":"BOS","stops":0,"equipment":"744","schedule":[{"day":0,"utc":"04:22:00","flight":"AF136"},{"day":0,"utc":"10:18:00","flight":"AF952"},{"day":0,"utc":"09:11:00","flight":"AF431"},{"day":0,"utc":"09:56:00","flight":"AF826"},{"day":0,"utc":"16:27:00","flight":"AF917"},{"day":1,"utc":"11:40:00","flight":"AF936"},{"day":2,"utc":"23:24:00","flight":"AF660"},{"day":2,"utc":"19:16:00","flight":"AF134"},{"day":2,"utc":"20:59:00","flight":"AF155"},{"day":2,"utc":"18:57:00","flight":"AF297"},{"day":3,"utc":"05:31:00","flight":"AF385"},{"day":4,"utc":"02:32:00","flight":"AF962"},{"day":4,"utc":"11:46:00","flight":"AF944"},{"day":4,"utc":"15:04:00","flight":"AF814"},{"day":4,"utc":"23:05:00","flight":"AF614"},{"day":5,"utc":"05:46:00","flight":"AF469"},{"day":6,"utc":"15:10:00","flight":"AF279"},{"day":6,"utc":"19:10:00","flight":"AF057"},{"day":6,"utc":"13:30:00","flight":"AF446"},{"day":6,"utc":"19:33:00","flight":"AF575"},{"day":6,"utc":"23:36:00","flight":"AF449"}],"distance":5534.264217289135}