{"id":56330,"type":"route","airline":"UA","airlineid":"airline_5209","sourceairport":"EWR","destinationairport":"GUA","stops":0,"equipment":"738","schedule":[{"day":0,"utc":"17:29:00","flight":"UA487"},{"day":0,"utc":"02:26:00","flight":"UA292"},{"day":0,"utc":"16:55:00","flight":"UA182"},{"day":0,"utc":"08:17:00","flight":"UA111"},{"day":1,"utc":"23:27:00","flight":"UA183"},{"day":1,"utc":"02:32:00","flight":"UA007"},{"day":1,"utc":"12:56:00","flight":"UA495"},{"day":1,"utc":"18:42:00","flight":"UA753"},{"day":1,"utc":"09:56:00","flight":"UA441"},{"day":2,"utc":"05:52:00","flight":"UA622"},{"day":2,"utc":"04:31:00","flight":"UA552"},{"day":2,"utc":"12:52:00","flight":"UA005"},{"day":2,"utc":"18:01:00","flight":"UA986"},{"day":3,"utc":"08:49:00","flight":"UA354"},{"day":4,"utc":"01:37:00","flight":"UA394"},{"day":4,"utc":"13:37:00","flight":"UA999"},{"day":4,"utc":"19:11:00","flight":"UA933"},{"day":4,"utc":"23:25:00","flight":"UA842"},{"day":5,"utc":"18:49:00","flight":"UA337"},{"day":5,"utc":"18:00:00","flight":"UA718"},{"day":6,"utc":"13:44:00","flight":"UA175"},{"day":6,"utc":"08:40:00","flight":"UA529"},{"day":6,"utc":"17:06:00","flight":"UA628"},{"day":6,"utc":"04:55:00","flight":"UA272"}],"distance":3307.386711791193}