{"title":"San Francisco/Fisherman's Wharf","name":"Holiday Inn &mdash; Fisherman's Wharf","address":"1300 Columbus Ave","directions":"between Jones St and Leavenworth St","phone":null,"tollfree":"+1-800-942-7348","email":null,"fax":"+1 415 771-7006","url":"http://www.hifishermanswharf.com/","checkin":"3PM","checkout":"noon","price":"$220-$270","geo":{"lat":37.8065,"lon":-122.4181,"accuracy":"ROOFTOP"},"type":"hotel","id":25669,"country":"United States","city":"San Francisco","state":"California","reviews":[],"public_likes":["Freida Rohan","Muhammad Buckridge","Lynn Hand","Paula Hills","Rachelle Koss","Jaylen Connelly"],"vacancy":false,"description":"Among the bars, cafes, and the vast number of specialty shops in Fisherman's Wharf.","alias":null,"pets_ok":false,"free_breakfast":true,"free_internet":false,"free_parking":true}