{"id":20627,"type":"route","airline":"DL","airlineid":"airline_2009","sourceairport":"DTW","destinationairport":"HPN","stops":0,"equipment":"CRJ","schedule":[{"day":0,"utc":"05:51:00","flight":"DL220"},{"day":0,"utc":"20:25:00","flight":"DL532"},{"day":0,"utc":"15:55:00","flight":"DL975"},{"day":0,"utc":"07:44:00","flight":"DL305"},{"day":0,"utc":"12:46:00","flight":"DL220"},{"day":1,"utc":"12:34:00","flight":"DL984"},{"day":1,"utc":"11:06:00","flight":"DL531"},{"day":2,"utc":"20:41:00","flight":"DL218"},{"day":2,"utc":"07:49:00","flight":"DL602"},{"day":2,"utc":"01:07:00","flight":"DL143"},{"day":2,"utc":"19:17:00","flight":"DL848"},{"day":2,"utc":"08:18:00","flight":"DL606"},{"day":3,"utc":"18:06:00","flight":"DL596"},{"day":3,"utc":"09:51:00","flight":"DL421"},{"day":3,"utc":"05:07:00","flight":"DL198"},{"day":3,"utc":"00:18:00","flight":"DL478"},{"day":4,"utc":"09:59:00","flight":"DL709"},{"day":4,"utc":"04:50:00","flight":"DL686"},{"day":4,"utc":"09:46:00","flight":"DL577"},{"day":5,"utc":"19:26:00","flight":"DL850"},{"day":5,"utc":"10:30:00","flight":"DL320"},{"day":5,"utc":"00:59:00","flight":"DL606"},{"day":5,"utc":"05:06:00","flight":"DL104"},{"day":6,"utc":"02:51:00","flight":"DL398"},{"day":6,"utc":"15:00:00","flight":"DL279"},{"day":6,"utc":"05:23:00","flight":"DL206"},{"day":6,"utc":"18:45:00","flight":"DL823"},{"day":6,"utc":"04:28:00","flight":"DL809"}],"distance":811.1679314609776}