{"id":14913,"type":"route","airline":"BA","airlineid":"airline_1355","sourceairport":"TLS","destinationairport":"LHR","stops":0,"equipment":"320 319 321","schedule":[{"day":0,"utc":"11:01:00","flight":"BA098"},{"day":0,"utc":"05:10:00","flight":"BA391"},{"day":0,"utc":"22:58:00","flight":"BA960"},{"day":1,"utc":"10:42:00","flight":"BA681"},{"day":1,"utc":"14:13:00","flight":"BA255"},{"day":1,"utc":"02:32:00","flight":"BA715"},{"day":1,"utc":"13:23:00","flight":"BA860"},{"day":1,"utc":"12:27:00","flight":"BA241"},{"day":2,"utc":"18:30:00","flight":"BA737"},{"day":2,"utc":"15:35:00","flight":"BA602"},{"day":2,"utc":"12:21:00","flight":"BA709"},{"day":2,"utc":"11:08:00","flight":"BA796"},{"day":2,"utc":"00:28:00","flight":"BA067"},{"day":3,"utc":"00:08:00","flight":"BA111"},{"day":3,"utc":"14:33:00","flight":"BA920"},{"day":3,"utc":"18:09:00","flight":"BA469"},{"day":3,"utc":"05:40:00","flight":"BA122"},{"day":3,"utc":"11:45:00","flight":"BA194"},{"day":4,"utc":"19:41:00","flight":"BA481"},{"day":4,"utc":"01:39:00","flight":"BA430"},{"day":4,"utc":"07:02:00","flight":"BA439"},{"day":5,"utc":"08:08:00","flight":"BA287"},{"day":5,"utc":"04:45:00","flight":"BA097"},{"day":6,"utc":"00:26:00","flight":"BA177"},{"day":6,"utc":"23:45:00","flight":"BA703"},{"day":6,"utc":"15:49:00","flight":"BA326"},{"day":6,"utc":"23:31:00","flight":"BA238"},{"day":6,"utc":"07:18:00","flight":"BA717"}],"distance":883.3122325423356}