{"id":55009,"type":"route","airline":"U2","airlineid":"airline_2297","sourceairport":"LGW","destinationairport":"VRN","stops":0,"equipment":"319","schedule":[{"day":0,"utc":"20:57:00","flight":"U2775"},{"day":0,"utc":"09:24:00","flight":"U2767"},{"day":1,"utc":"06:13:00","flight":"U2837"},{"day":1,"utc":"03:32:00","flight":"U2818"},{"day":1,"utc":"07:47:00","flight":"U2787"},{"day":1,"utc":"14:48:00","flight":"U2359"},{"day":2,"utc":"22:24:00","flight":"U2946"},{"day":2,"utc":"05:29:00","flight":"U2881"},{"day":3,"utc":"01:27:00","flight":"U2274"},{"day":3,"utc":"06:53:00","flight":"U2430"},{"day":3,"utc":"00:35:00","flight":"U2017"},{"day":3,"utc":"17:25:00","flight":"U2604"},{"day":4,"utc":"15:56:00","flight":"U2078"},{"day":5,"utc":"10:13:00","flight":"U2606"},{"day":5,"utc":"23:41:00","flight":"U2225"},{"day":5,"utc":"08:33:00","flight":"U2726"},{"day":6,"utc":"17:53:00","flight":"U2067"},{"day":6,"utc":"05:59:00","flight":"U2703"}],"distance":1038.0704722226137}