{"id":63642,"type":"route","airline":"WN","airlineid":"airline_4547","sourceairport":"CAK","destinationairport":"MCO","stops":0,"equipment":"717","schedule":[{"day":0,"utc":"15:21:00","flight":"WN666"},{"day":0,"utc":"22:36:00","flight":"WN021"},{"day":1,"utc":"08:39:00","flight":"WN894"},{"day":1,"utc":"17:48:00","flight":"WN444"},{"day":1,"utc":"06:15:00","flight":"WN877"},{"day":2,"utc":"03:13:00","flight":"WN560"},{"day":2,"utc":"05:33:00","flight":"WN322"},{"day":2,"utc":"01:33:00","flight":"WN669"},{"day":2,"utc":"02:11:00","flight":"WN369"},{"day":2,"utc":"02:19:00","flight":"WN523"},{"day":3,"utc":"03:26:00","flight":"WN341"},{"day":3,"utc":"05:46:00","flight":"WN921"},{"day":3,"utc":"08:23:00","flight":"WN569"},{"day":3,"utc":"19:43:00","flight":"WN217"},{"day":3,"utc":"02:28:00","flight":"WN142"},{"day":4,"utc":"12:46:00","flight":"WN864"},{"day":4,"utc":"03:09:00","flight":"WN870"},{"day":5,"utc":"12:20:00","flight":"WN392"},{"day":6,"utc":"01:12:00","flight":"WN191"},{"day":6,"utc":"00:28:00","flight":"WN870"},{"day":6,"utc":"11:14:00","flight":"WN410"},{"day":6,"utc":"09:58:00","flight":"WN623"}],"distance":1388.5094151988615}