{"id":55232,"type":"route","airline":"U2","airlineid":"airline_2297","sourceairport":"NCE","destinationairport":"BCN","stops":0,"equipment":"319 320","schedule":[{"day":0,"utc":"01:16:00","flight":"U2181"},{"day":0,"utc":"13:12:00","flight":"U2578"},{"day":0,"utc":"04:14:00","flight":"U2646"},{"day":0,"utc":"21:00:00","flight":"U2274"},{"day":1,"utc":"02:04:00","flight":"U2412"},{"day":1,"utc":"23:13:00","flight":"U2334"},{"day":2,"utc":"13:27:00","flight":"U2044"},{"day":2,"utc":"14:54:00","flight":"U2181"},{"day":2,"utc":"19:35:00","flight":"U2389"},{"day":3,"utc":"17:02:00","flight":"U2415"},{"day":4,"utc":"09:25:00","flight":"U2311"},{"day":4,"utc":"16:39:00","flight":"U2944"},{"day":4,"utc":"03:52:00","flight":"U2138"},{"day":4,"utc":"15:25:00","flight":"U2462"},{"day":4,"utc":"10:33:00","flight":"U2913"},{"day":5,"utc":"08:38:00","flight":"U2215"},{"day":5,"utc":"17:05:00","flight":"U2468"},{"day":5,"utc":"08:46:00","flight":"U2227"},{"day":5,"utc":"19:32:00","flight":"U2279"},{"day":5,"utc":"04:27:00","flight":"U2413"},{"day":6,"utc":"15:49:00","flight":"U2816"},{"day":6,"utc":"18:43:00","flight":"U2214"},{"day":6,"utc":"05:53:00","flight":"U2329"}],"distance":496.2982742943092}