{"id":30365,"type":"route","airline":"GS","airlineid":"airline_690","sourceairport":"NNG","destinationairport":"WUH","stops":0,"equipment":"320 E90","schedule":[{"day":0,"utc":"19:27:00","flight":"GS895"},{"day":0,"utc":"23:53:00","flight":"GS422"},{"day":0,"utc":"23:04:00","flight":"GS417"},{"day":1,"utc":"00:38:00","flight":"GS041"},{"day":2,"utc":"23:27:00","flight":"GS766"},{"day":3,"utc":"06:23:00","flight":"GS735"},{"day":3,"utc":"04:26:00","flight":"GS547"},{"day":3,"utc":"11:35:00","flight":"GS266"},{"day":3,"utc":"16:50:00","flight":"GS278"},{"day":4,"utc":"05:33:00","flight":"GS330"},{"day":4,"utc":"13:49:00","flight":"GS850"},{"day":5,"utc":"22:28:00","flight":"GS127"},{"day":5,"utc":"07:37:00","flight":"GS256"},{"day":5,"utc":"09:04:00","flight":"GS662"},{"day":5,"utc":"21:08:00","flight":"GS424"},{"day":6,"utc":"04:54:00","flight":"GS869"},{"day":6,"utc":"08:07:00","flight":"GS693"},{"day":6,"utc":"15:18:00","flight":"GS222"},{"day":6,"utc":"17:02:00","flight":"GS706"},{"day":6,"utc":"02:28:00","flight":"GS033"}],"distance":1088.4783325962715}