{"id":25921,"type":"route","airline":"FR","airlineid":"airline_4296","sourceairport":"ALC","destinationairport":"EMA","stops":0,"equipment":"738","schedule":[{"day":0,"utc":"10:36:00","flight":"FR865"},{"day":0,"utc":"03:26:00","flight":"FR917"},{"day":0,"utc":"15:29:00","flight":"FR340"},{"day":1,"utc":"17:13:00","flight":"FR527"},{"day":1,"utc":"03:50:00","flight":"FR006"},{"day":1,"utc":"06:32:00","flight":"FR003"},{"day":1,"utc":"07:37:00","flight":"FR847"},{"day":2,"utc":"02:41:00","flight":"FR471"},{"day":2,"utc":"21:38:00","flight":"FR757"},{"day":2,"utc":"14:03:00","flight":"FR805"},{"day":2,"utc":"11:26:00","flight":"FR688"},{"day":2,"utc":"20:37:00","flight":"FR311"},{"day":3,"utc":"06:55:00","flight":"FR648"},{"day":3,"utc":"08:27:00","flight":"FR940"},{"day":3,"utc":"22:10:00","flight":"FR316"},{"day":3,"utc":"00:47:00","flight":"FR833"},{"day":3,"utc":"21:10:00","flight":"FR359"},{"day":4,"utc":"07:52:00","flight":"FR123"},{"day":5,"utc":"22:12:00","flight":"FR827"},{"day":5,"utc":"13:15:00","flight":"FR938"},{"day":5,"utc":"22:54:00","flight":"FR610"},{"day":5,"utc":"15:46:00","flight":"FR706"},{"day":6,"utc":"15:42:00","flight":"FR615"},{"day":6,"utc":"19:41:00","flight":"FR452"},{"day":6,"utc":"22:28:00","flight":"FR627"},{"day":6,"utc":"22:05:00","flight":"FR604"}],"distance":1618.854037939588}