{"id":58729,"type":"route","airline":"US","airlineid":"airline_5265","sourceairport":"CHO","destinationairport":"CLT","stops":0,"equipment":"CRJ","schedule":[{"day":0,"utc":"12:27:00","flight":"US287"},{"day":0,"utc":"10:48:00","flight":"US573"},{"day":0,"utc":"04:58:00","flight":"US921"},{"day":1,"utc":"07:40:00","flight":"US245"},{"day":1,"utc":"05:27:00","flight":"US747"},{"day":1,"utc":"06:26:00","flight":"US969"},{"day":2,"utc":"17:05:00","flight":"US148"},{"day":2,"utc":"00:27:00","flight":"US550"},{"day":2,"utc":"03:49:00","flight":"US096"},{"day":2,"utc":"15:19:00","flight":"US575"},{"day":2,"utc":"20:15:00","flight":"US127"},{"day":3,"utc":"00:41:00","flight":"US945"},{"day":3,"utc":"09:32:00","flight":"US830"},{"day":3,"utc":"13:14:00","flight":"US667"},{"day":3,"utc":"00:54:00","flight":"US129"},{"day":4,"utc":"03:27:00","flight":"US877"},{"day":4,"utc":"14:04:00","flight":"US696"},{"day":4,"utc":"23:57:00","flight":"US111"},{"day":4,"utc":"01:11:00","flight":"US260"},{"day":4,"utc":"14:25:00","flight":"US623"},{"day":5,"utc":"11:50:00","flight":"US029"},{"day":6,"utc":"00:17:00","flight":"US784"}],"distance":393.76234889457646}