{"id":57258,"type":"route","airline":"UA","airlineid":"airline_5209","sourceairport":"ORD","destinationairport":"ATL","stops":0,"equipment":"CR7 E70","schedule":[{"day":0,"utc":"23:39:00","flight":"UA340"},{"day":1,"utc":"22:27:00","flight":"UA864"},{"day":1,"utc":"06:36:00","flight":"UA313"},{"day":1,"utc":"18:15:00","flight":"UA779"},{"day":1,"utc":"03:19:00","flight":"UA320"},{"day":1,"utc":"07:36:00","flight":"UA207"},{"day":2,"utc":"20:06:00","flight":"UA309"},{"day":2,"utc":"11:52:00","flight":"UA268"},{"day":2,"utc":"16:05:00","flight":"UA750"},{"day":2,"utc":"13:23:00","flight":"UA382"},{"day":2,"utc":"12:01:00","flight":"UA128"},{"day":3,"utc":"23:03:00","flight":"UA269"},{"day":3,"utc":"16:37:00","flight":"UA988"},{"day":4,"utc":"01:16:00","flight":"UA092"},{"day":4,"utc":"16:32:00","flight":"UA480"},{"day":4,"utc":"03:24:00","flight":"UA554"},{"day":4,"utc":"15:12:00","flight":"UA397"},{"day":5,"utc":"00:37:00","flight":"UA827"},{"day":6,"utc":"13:03:00","flight":"UA965"}],"distance":976.3282034488873}