{"id":35560,"type":"route","airline":"K5","airlineid":"airline_10765","sourceairport":"MKL","destinationairport":"MEM","stops":0,"equipment":"CNC","schedule":[{"day":0,"utc":"07:14:00","flight":"K5188"},{"day":1,"utc":"23:43:00","flight":"K5424"},{"day":1,"utc":"11:31:00","flight":"K5366"},{"day":1,"utc":"03:26:00","flight":"K5034"},{"day":1,"utc":"05:21:00","flight":"K5463"},{"day":2,"utc":"15:48:00","flight":"K5728"},{"day":2,"utc":"22:45:00","flight":"K5775"},{"day":2,"utc":"06:44:00","flight":"K5178"},{"day":2,"utc":"06:38:00","flight":"K5105"},{"day":3,"utc":"01:13:00","flight":"K5792"},{"day":3,"utc":"18:21:00","flight":"K5469"},{"day":3,"utc":"15:50:00","flight":"K5723"},{"day":4,"utc":"07:27:00","flight":"K5569"},{"day":4,"utc":"03:39:00","flight":"K5544"},{"day":5,"utc":"13:24:00","flight":"K5798"},{"day":5,"utc":"17:23:00","flight":"K5606"},{"day":5,"utc":"20:14:00","flight":"K5625"},{"day":5,"utc":"21:37:00","flight":"K5863"},{"day":5,"utc":"05:46:00","flight":"K5765"},{"day":6,"utc":"05:57:00","flight":"K5132"},{"day":6,"utc":"00:22:00","flight":"K5177"},{"day":6,"utc":"16:54:00","flight":"K5637"}],"distance":114.49627645938904}