{"id":63992,"type":"route","airline":"WN","airlineid":"airline_4547","sourceairport":"LBB","destinationairport":"AUS","stops":0,"equipment":"735","schedule":[{"day":0,"utc":"08:00:00","flight":"WN961"},{"day":0,"utc":"01:43:00","flight":"WN387"},{"day":0,"utc":"06:24:00","flight":"WN607"},{"day":0,"utc":"20:43:00","flight":"WN468"},{"day":0,"utc":"12:45:00","flight":"WN734"},{"day":1,"utc":"06:02:00","flight":"WN856"},{"day":1,"utc":"18:18:00","flight":"WN614"},{"day":1,"utc":"14:54:00","flight":"WN476"},{"day":1,"utc":"18:39:00","flight":"WN574"},{"day":2,"utc":"05:54:00","flight":"WN519"},{"day":2,"utc":"13:39:00","flight":"WN100"},{"day":2,"utc":"15:58:00","flight":"WN917"},{"day":2,"utc":"06:28:00","flight":"WN020"},{"day":3,"utc":"10:49:00","flight":"WN747"},{"day":3,"utc":"10:43:00","flight":"WN690"},{"day":3,"utc":"14:55:00","flight":"WN969"},{"day":3,"utc":"10:17:00","flight":"WN865"},{"day":4,"utc":"19:18:00","flight":"WN805"},{"day":4,"utc":"11:55:00","flight":"WN308"},{"day":5,"utc":"00:47:00","flight":"WN116"},{"day":6,"utc":"22:12:00","flight":"WN823"},{"day":6,"utc":"23:09:00","flight":"WN335"},{"day":6,"utc":"20:23:00","flight":"WN900"}],"distance":549.7978042523445}