{"id":22860,"type":"route","airline":"EI","airlineid":"airline_837","sourceairport":"BHX","destinationairport":"DUB","stops":0,"equipment":"320","schedule":[{"day":0,"utc":"01:05:00","flight":"EI107"},{"day":0,"utc":"18:42:00","flight":"EI154"},{"day":0,"utc":"14:27:00","flight":"EI085"},{"day":0,"utc":"17:27:00","flight":"EI369"},{"day":0,"utc":"00:13:00","flight":"EI264"},{"day":1,"utc":"16:02:00","flight":"EI670"},{"day":1,"utc":"01:46:00","flight":"EI675"},{"day":2,"utc":"12:59:00","flight":"EI971"},{"day":3,"utc":"04:29:00","flight":"EI189"},{"day":3,"utc":"22:44:00","flight":"EI372"},{"day":3,"utc":"05:33:00","flight":"EI388"},{"day":4,"utc":"21:34:00","flight":"EI478"},{"day":4,"utc":"10:53:00","flight":"EI068"},{"day":4,"utc":"11:33:00","flight":"EI902"},{"day":5,"utc":"08:52:00","flight":"EI154"},{"day":5,"utc":"02:27:00","flight":"EI826"},{"day":6,"utc":"20:42:00","flight":"EI894"}],"distance":321.50684332164445}