{"id":13393,"type":"route","airline":"AZ","airlineid":"airline_596","sourceairport":"HAM","destinationairport":"CDG","stops":0,"equipment":"321 318 320 32A","schedule":[{"day":0,"utc":"04:52:00","flight":"AZ582"},{"day":0,"utc":"02:31:00","flight":"AZ999"},{"day":0,"utc":"03:29:00","flight":"AZ540"},{"day":0,"utc":"08:35:00","flight":"AZ328"},{"day":1,"utc":"03:35:00","flight":"AZ904"},{"day":1,"utc":"06:47:00","flight":"AZ429"},{"day":1,"utc":"06:12:00","flight":"AZ825"},{"day":2,"utc":"14:30:00","flight":"AZ368"},{"day":2,"utc":"14:03:00","flight":"AZ815"},{"day":3,"utc":"05:35:00","flight":"AZ396"},{"day":3,"utc":"21:04:00","flight":"AZ505"},{"day":3,"utc":"06:56:00","flight":"AZ425"},{"day":3,"utc":"14:28:00","flight":"AZ648"},{"day":4,"utc":"06:23:00","flight":"AZ206"},{"day":4,"utc":"10:49:00","flight":"AZ705"},{"day":5,"utc":"19:54:00","flight":"AZ919"},{"day":5,"utc":"01:47:00","flight":"AZ959"},{"day":6,"utc":"05:15:00","flight":"AZ030"},{"day":6,"utc":"14:33:00","flight":"AZ974"},{"day":6,"utc":"03:26:00","flight":"AZ068"}],"distance":727.8471615548536}