{"id":57433,"type":"route","airline":"UA","airlineid":"airline_5209","sourceairport":"PDX","destinationairport":"IAH","stops":0,"equipment":"319 739 320 738","schedule":[{"day":0,"utc":"01:38:00","flight":"UA369"},{"day":0,"utc":"16:38:00","flight":"UA730"},{"day":0,"utc":"03:34:00","flight":"UA149"},{"day":0,"utc":"19:26:00","flight":"UA295"},{"day":1,"utc":"00:01:00","flight":"UA520"},{"day":2,"utc":"01:17:00","flight":"UA129"},{"day":2,"utc":"23:12:00","flight":"UA995"},{"day":3,"utc":"21:01:00","flight":"UA790"},{"day":3,"utc":"16:21:00","flight":"UA808"},{"day":3,"utc":"18:14:00","flight":"UA785"},{"day":3,"utc":"06:03:00","flight":"UA997"},{"day":3,"utc":"11:26:00","flight":"UA582"},{"day":4,"utc":"04:37:00","flight":"UA520"},{"day":4,"utc":"09:15:00","flight":"UA195"},{"day":4,"utc":"13:34:00","flight":"UA521"},{"day":5,"utc":"07:36:00","flight":"UA131"},{"day":6,"utc":"00:36:00","flight":"UA344"},{"day":6,"utc":"08:24:00","flight":"UA874"},{"day":6,"utc":"07:20:00","flight":"UA439"}],"distance":2933.685134048054}