{"id":25219,"type":"route","airline":"FL","airlineid":"airline_1316","sourceairport":"MCO","destinationairport":"CLT","stops":0,"equipment":"73W","schedule":[{"day":0,"utc":"07:40:00","flight":"FL398"},{"day":0,"utc":"19:55:00","flight":"FL736"},{"day":0,"utc":"02:23:00","flight":"FL593"},{"day":0,"utc":"01:22:00","flight":"FL256"},{"day":0,"utc":"23:25:00","flight":"FL774"},{"day":1,"utc":"03:20:00","flight":"FL764"},{"day":1,"utc":"19:20:00","flight":"FL912"},{"day":1,"utc":"21:59:00","flight":"FL723"},{"day":2,"utc":"06:53:00","flight":"FL507"},{"day":2,"utc":"15:48:00","flight":"FL397"},{"day":2,"utc":"21:15:00","flight":"FL794"},{"day":2,"utc":"04:28:00","flight":"FL727"},{"day":2,"utc":"09:02:00","flight":"FL843"},{"day":3,"utc":"12:09:00","flight":"FL725"},{"day":3,"utc":"20:45:00","flight":"FL567"},{"day":3,"utc":"04:45:00","flight":"FL472"},{"day":4,"utc":"18:15:00","flight":"FL522"},{"day":5,"utc":"18:04:00","flight":"FL764"},{"day":5,"utc":"22:35:00","flight":"FL548"},{"day":5,"utc":"18:03:00","flight":"FL325"},{"day":6,"utc":"04:12:00","flight":"FL961"},{"day":6,"utc":"03:06:00","flight":"FL564"},{"day":6,"utc":"19:55:00","flight":"FL532"},{"day":6,"utc":"23:24:00","flight":"FL839"}],"distance":755.203260784312}