{"id":53077,"type":"route","airline":"TO","airlineid":"airline_8745","sourceairport":"CWL","destinationairport":"TFS","stops":0,"equipment":"73H","schedule":[{"day":0,"utc":"02:34:00","flight":"TO773"},{"day":1,"utc":"11:07:00","flight":"TO083"},{"day":1,"utc":"17:55:00","flight":"TO997"},{"day":1,"utc":"06:20:00","flight":"TO669"},{"day":2,"utc":"19:44:00","flight":"TO681"},{"day":2,"utc":"07:48:00","flight":"TO260"},{"day":2,"utc":"15:44:00","flight":"TO669"},{"day":3,"utc":"22:12:00","flight":"TO945"},{"day":3,"utc":"22:00:00","flight":"TO563"},{"day":3,"utc":"02:29:00","flight":"TO310"},{"day":3,"utc":"14:38:00","flight":"TO902"},{"day":3,"utc":"21:46:00","flight":"TO953"},{"day":4,"utc":"01:21:00","flight":"TO342"},{"day":4,"utc":"02:57:00","flight":"TO120"},{"day":4,"utc":"20:00:00","flight":"TO978"},{"day":5,"utc":"00:37:00","flight":"TO986"},{"day":5,"utc":"23:50:00","flight":"TO589"},{"day":5,"utc":"23:43:00","flight":"TO999"},{"day":5,"utc":"17:20:00","flight":"TO038"},{"day":6,"utc":"04:33:00","flight":"TO239"},{"day":6,"utc":"18:05:00","flight":"TO956"},{"day":6,"utc":"21:19:00","flight":"TO094"},{"day":6,"utc":"00:47:00","flight":"TO579"},{"day":6,"utc":"14:04:00","flight":"TO546"}],"distance":2822.3133502650267}