{"id":11603,"type":"route","airline":"AS","airlineid":"airline_439","sourceairport":"BOS","destinationairport":"SAN","stops":0,"equipment":"73H","schedule":[{"day":0,"utc":"16:03:00","flight":"AS576"},{"day":1,"utc":"14:22:00","flight":"AS058"},{"day":1,"utc":"16:13:00","flight":"AS657"},{"day":1,"utc":"20:56:00","flight":"AS656"},{"day":2,"utc":"02:15:00","flight":"AS052"},{"day":2,"utc":"04:23:00","flight":"AS636"},{"day":2,"utc":"00:50:00","flight":"AS798"},{"day":3,"utc":"04:33:00","flight":"AS720"},{"day":3,"utc":"03:43:00","flight":"AS057"},{"day":3,"utc":"02:13:00","flight":"AS541"},{"day":3,"utc":"05:56:00","flight":"AS103"},{"day":3,"utc":"07:33:00","flight":"AS479"},{"day":4,"utc":"15:57:00","flight":"AS363"},{"day":4,"utc":"10:25:00","flight":"AS644"},{"day":4,"utc":"20:45:00","flight":"AS761"},{"day":4,"utc":"08:26:00","flight":"AS992"},{"day":5,"utc":"12:55:00","flight":"AS113"},{"day":6,"utc":"23:34:00","flight":"AS304"},{"day":6,"utc":"10:10:00","flight":"AS981"},{"day":6,"utc":"10:16:00","flight":"AS142"},{"day":6,"utc":"06:51:00","flight":"AS937"}],"distance":4155.8716879322765}