{"id":24326,"type":"route","airline":"F9","airlineid":"airline_2468","sourceairport":"BMI","destinationairport":"MCO","stops":0,"equipment":"319","schedule":[{"day":0,"utc":"18:51:00","flight":"F9023"},{"day":0,"utc":"04:45:00","flight":"F9448"},{"day":0,"utc":"04:07:00","flight":"F9269"},{"day":0,"utc":"12:06:00","flight":"F9997"},{"day":0,"utc":"04:34:00","flight":"F9876"},{"day":1,"utc":"18:54:00","flight":"F9774"},{"day":1,"utc":"20:25:00","flight":"F9758"},{"day":1,"utc":"18:30:00","flight":"F9373"},{"day":2,"utc":"13:45:00","flight":"F9570"},{"day":3,"utc":"02:17:00","flight":"F9689"},{"day":3,"utc":"21:38:00","flight":"F9835"},{"day":3,"utc":"11:50:00","flight":"F9801"},{"day":3,"utc":"07:45:00","flight":"F9412"},{"day":3,"utc":"17:50:00","flight":"F9019"},{"day":4,"utc":"19:59:00","flight":"F9770"},{"day":4,"utc":"03:13:00","flight":"F9502"},{"day":4,"utc":"09:52:00","flight":"F9280"},{"day":5,"utc":"20:16:00","flight":"F9711"},{"day":6,"utc":"22:28:00","flight":"F9568"},{"day":6,"utc":"05:18:00","flight":"F9896"},{"day":6,"utc":"00:11:00","flight":"F9002"}],"distance":1508.8278262052288}