{"id":11654,"type":"route","airline":"AS","airlineid":"airline_439","sourceairport":"HLN","destinationairport":"GTF","stops":0,"equipment":"DH4","schedule":[{"day":0,"utc":"19:32:00","flight":"AS875"},{"day":0,"utc":"12:19:00","flight":"AS256"},{"day":0,"utc":"00:35:00","flight":"AS082"},{"day":0,"utc":"19:39:00","flight":"AS707"},{"day":0,"utc":"16:15:00","flight":"AS181"},{"day":1,"utc":"18:36:00","flight":"AS649"},{"day":1,"utc":"11:35:00","flight":"AS677"},{"day":2,"utc":"00:37:00","flight":"AS441"},{"day":2,"utc":"01:29:00","flight":"AS744"},{"day":3,"utc":"06:08:00","flight":"AS228"},{"day":3,"utc":"02:33:00","flight":"AS143"},{"day":3,"utc":"02:59:00","flight":"AS452"},{"day":3,"utc":"09:04:00","flight":"AS708"},{"day":4,"utc":"09:34:00","flight":"AS515"},{"day":4,"utc":"23:04:00","flight":"AS978"},{"day":4,"utc":"09:04:00","flight":"AS181"},{"day":4,"utc":"21:33:00","flight":"AS180"},{"day":4,"utc":"05:18:00","flight":"AS016"},{"day":5,"utc":"13:30:00","flight":"AS438"},{"day":5,"utc":"05:37:00","flight":"AS004"},{"day":5,"utc":"22:51:00","flight":"AS435"},{"day":6,"utc":"01:39:00","flight":"AS489"},{"day":6,"utc":"21:16:00","flight":"AS435"},{"day":6,"utc":"06:31:00","flight":"AS209"},{"day":6,"utc":"17:45:00","flight":"AS365"},{"day":6,"utc":"12:02:00","flight":"AS094"}],"distance":107.80187628163395}