{"id":38169,"type":"route","airline":"LH","airlineid":"airline_3320","sourceairport":"EDI","destinationairport":"EWR","stops":0,"equipment":"752","schedule":[{"day":0,"utc":"11:32:00","flight":"LH180"},{"day":1,"utc":"18:24:00","flight":"LH007"},{"day":1,"utc":"15:42:00","flight":"LH212"},{"day":1,"utc":"14:02:00","flight":"LH810"},{"day":1,"utc":"23:24:00","flight":"LH347"},{"day":1,"utc":"09:07:00","flight":"LH990"},{"day":2,"utc":"02:00:00","flight":"LH167"},{"day":2,"utc":"05:29:00","flight":"LH399"},{"day":2,"utc":"18:36:00","flight":"LH525"},{"day":2,"utc":"17:11:00","flight":"LH006"},{"day":2,"utc":"02:34:00","flight":"LH158"},{"day":3,"utc":"05:23:00","flight":"LH230"},{"day":4,"utc":"07:34:00","flight":"LH400"},{"day":5,"utc":"09:28:00","flight":"LH577"},{"day":6,"utc":"21:18:00","flight":"LH388"},{"day":6,"utc":"14:17:00","flight":"LH128"}],"distance":5244.789087644964}