{"title":"San Francisco/Bernal Heights","name":"Wild Side West","alt":null,"address":"424 Cortland Ave","directions":"at Wool","phone":"+1 415 647-3099","tollfree":null,"email":null,"url":null,"hours":"1PM-2AM daily","image":null,"price":null,"content":"Although technically a lesbian bar, this neighborhood watering hole welcomes all. Inexpensive beer flows from the taps. In the winter time, a fire burns in the main room, which includes a small pool table. But the most interesting aspect to this bar is the outside garden in the back, best enjoyed on warmer days and nights. The garden is heavily decorated with sculptures and lights. Find a nook to cuddle up with a loved one while sipping a drink.","geo":{"lat":37.73896,"lon":-122.41715,"accuracy":"RANGE_INTERPOLATED"},"activity":"drink","type":"landmark","id":25356,"country":"United States","city":"San Francisco","state":"California"}