{"id":61628,"type":"route","airline":"VR","airlineid":"airline_5041","sourceairport":"RAI","destinationairport":"BOS","stops":0,"equipment":"752","schedule":[{"day":0,"utc":"18:33:00","flight":"VR203"},{"day":1,"utc":"00:39:00","flight":"VR096"},{"day":1,"utc":"02:59:00","flight":"VR918"},{"day":2,"utc":"23:51:00","flight":"VR102"},{"day":2,"utc":"12:00:00","flight":"VR991"},{"day":2,"utc":"11:20:00","flight":"VR413"},{"day":2,"utc":"22:49:00","flight":"VR140"},{"day":2,"utc":"08:17:00","flight":"VR852"},{"day":3,"utc":"17:10:00","flight":"VR414"},{"day":3,"utc":"08:43:00","flight":"VR109"},{"day":3,"utc":"19:10:00","flight":"VR968"},{"day":3,"utc":"20:11:00","flight":"VR657"},{"day":4,"utc":"08:54:00","flight":"VR754"},{"day":4,"utc":"15:16:00","flight":"VR249"},{"day":4,"utc":"01:56:00","flight":"VR088"},{"day":5,"utc":"23:37:00","flight":"VR906"},{"day":5,"utc":"18:26:00","flight":"VR412"},{"day":6,"utc":"11:31:00","flight":"VR477"},{"day":6,"utc":"16:08:00","flight":"VR708"},{"day":6,"utc":"15:54:00","flight":"VR508"},{"day":6,"utc":"08:21:00","flight":"VR976"}],"distance":5450.944062915166}