{"id":62403,"type":"route","airline":"VY","airlineid":"airline_2439","sourceairport":"SVQ","destinationairport":"NTE","stops":0,"equipment":"320","schedule":[{"day":0,"utc":"10:01:00","flight":"VY351"},{"day":1,"utc":"01:52:00","flight":"VY045"},{"day":1,"utc":"01:12:00","flight":"VY723"},{"day":1,"utc":"15:11:00","flight":"VY346"},{"day":1,"utc":"06:15:00","flight":"VY503"},{"day":1,"utc":"02:00:00","flight":"VY375"},{"day":2,"utc":"21:59:00","flight":"VY702"},{"day":2,"utc":"11:43:00","flight":"VY590"},{"day":2,"utc":"02:14:00","flight":"VY176"},{"day":2,"utc":"02:43:00","flight":"VY654"},{"day":3,"utc":"19:26:00","flight":"VY031"},{"day":3,"utc":"01:17:00","flight":"VY075"},{"day":3,"utc":"04:02:00","flight":"VY153"},{"day":3,"utc":"16:40:00","flight":"VY983"},{"day":3,"utc":"15:43:00","flight":"VY300"},{"day":4,"utc":"14:56:00","flight":"VY372"},{"day":4,"utc":"15:24:00","flight":"VY528"},{"day":5,"utc":"01:02:00","flight":"VY330"},{"day":5,"utc":"14:49:00","flight":"VY136"},{"day":5,"utc":"10:22:00","flight":"VY548"},{"day":5,"utc":"07:14:00","flight":"VY926"},{"day":5,"utc":"05:19:00","flight":"VY500"},{"day":6,"utc":"13:01:00","flight":"VY714"},{"day":6,"utc":"19:23:00","flight":"VY323"},{"day":6,"utc":"08:06:00","flight":"VY558"},{"day":6,"utc":"04:34:00","flight":"VY707"},{"day":6,"utc":"16:20:00","flight":"VY182"}],"distance":1137.9129919366503}