{"id":64353,"type":"route","airline":"WN","airlineid":"airline_4547","sourceairport":"RNO","destinationairport":"PHX","stops":0,"equipment":"73W","schedule":[{"day":0,"utc":"10:50:00","flight":"WN732"},{"day":0,"utc":"11:17:00","flight":"WN637"},{"day":1,"utc":"12:54:00","flight":"WN051"},{"day":1,"utc":"12:30:00","flight":"WN141"},{"day":1,"utc":"10:26:00","flight":"WN757"},{"day":2,"utc":"18:30:00","flight":"WN839"},{"day":2,"utc":"19:27:00","flight":"WN982"},{"day":3,"utc":"21:08:00","flight":"WN460"},{"day":3,"utc":"05:27:00","flight":"WN709"},{"day":3,"utc":"06:05:00","flight":"WN536"},{"day":3,"utc":"21:46:00","flight":"WN636"},{"day":3,"utc":"02:25:00","flight":"WN016"},{"day":4,"utc":"05:05:00","flight":"WN908"},{"day":4,"utc":"07:36:00","flight":"WN101"},{"day":4,"utc":"15:06:00","flight":"WN425"},{"day":5,"utc":"10:03:00","flight":"WN122"},{"day":5,"utc":"03:32:00","flight":"WN819"},{"day":6,"utc":"19:26:00","flight":"WN385"},{"day":6,"utc":"11:57:00","flight":"WN361"},{"day":6,"utc":"22:59:00","flight":"WN499"},{"day":6,"utc":"16:04:00","flight":"WN648"},{"day":6,"utc":"18:55:00","flight":"WN684"}],"distance":966.6643080081808}