{"title":"London/Greenwich","name":"Rangers House","alt":null,"address":"Chesterfield Walk, SE10 8QX","directions":null,"phone":"+44 20 8294-2548","tollfree":null,"email":null,"url":"http://www.english-heritage.org.uk/daysout/properties/rangers-house-the-wernher-collection/","hours":null,"image":"https://en.wikivoyage.org/wiki/File:EH1218679 The Ranger's House.JPG","price":"adults £6.70, children £4.00, concessions £6.00","content":"At Blackheath, maintains a large ceramic collection.","geo":{"lat":51.4734,"lon":-0.0016,"accuracy":"ROOFTOP"},"activity":"see","type":"landmark","id":16123,"country":"United Kingdom","city":"Chesterfield Walk","state":null,"image_direct_url":""}