{"id":36032,"type":"route","airline":"KE","airlineid":"airline_3163","sourceairport":"LIM","destinationairport":"LAX","stops":0,"equipment":"763","schedule":[{"day":0,"utc":"22:08:00","flight":"KE377"},{"day":0,"utc":"08:38:00","flight":"KE609"},{"day":1,"utc":"02:36:00","flight":"KE692"},{"day":2,"utc":"01:38:00","flight":"KE597"},{"day":2,"utc":"11:30:00","flight":"KE722"},{"day":2,"utc":"22:26:00","flight":"KE729"},{"day":3,"utc":"13:39:00","flight":"KE288"},{"day":3,"utc":"14:06:00","flight":"KE493"},{"day":3,"utc":"02:05:00","flight":"KE374"},{"day":3,"utc":"23:58:00","flight":"KE464"},{"day":3,"utc":"19:08:00","flight":"KE495"},{"day":4,"utc":"23:07:00","flight":"KE601"},{"day":5,"utc":"04:32:00","flight":"KE863"},{"day":5,"utc":"12:47:00","flight":"KE340"},{"day":5,"utc":"12:42:00","flight":"KE319"},{"day":6,"utc":"01:28:00","flight":"KE297"},{"day":6,"utc":"05:05:00","flight":"KE949"},{"day":6,"utc":"18:40:00","flight":"KE948"}],"distance":6720.596478864356}