{"id":14006,"type":"route","airline":"B6","airlineid":"airline_3029","sourceairport":"FLL","destinationairport":"BOG","stops":0,"equipment":"320","schedule":[{"day":0,"utc":"03:15:00","flight":"B6148"},{"day":0,"utc":"11:24:00","flight":"B6101"},{"day":0,"utc":"18:50:00","flight":"B6367"},{"day":0,"utc":"16:31:00","flight":"B6276"},{"day":0,"utc":"16:03:00","flight":"B6396"},{"day":1,"utc":"13:35:00","flight":"B6961"},{"day":1,"utc":"19:35:00","flight":"B6517"},{"day":1,"utc":"22:46:00","flight":"B6075"},{"day":1,"utc":"07:11:00","flight":"B6900"},{"day":2,"utc":"04:18:00","flight":"B6477"},{"day":2,"utc":"01:10:00","flight":"B6354"},{"day":2,"utc":"19:37:00","flight":"B6281"},{"day":2,"utc":"05:54:00","flight":"B6075"},{"day":2,"utc":"02:00:00","flight":"B6258"},{"day":3,"utc":"02:32:00","flight":"B6813"},{"day":4,"utc":"02:22:00","flight":"B6291"},{"day":5,"utc":"08:52:00","flight":"B6836"},{"day":5,"utc":"02:46:00","flight":"B6399"},{"day":6,"utc":"10:38:00","flight":"B6179"}],"distance":2460.8220683127834}