{"id":12613,"type":"route","airline":"AY","airlineid":"airline_2350","sourceairport":"CDG","destinationairport":"ORD","stops":0,"equipment":"763","schedule":[{"day":0,"utc":"05:57:00","flight":"AY738"},{"day":0,"utc":"02:25:00","flight":"AY932"},{"day":0,"utc":"22:46:00","flight":"AY286"},{"day":0,"utc":"22:25:00","flight":"AY099"},{"day":1,"utc":"04:46:00","flight":"AY319"},{"day":1,"utc":"23:11:00","flight":"AY471"},{"day":1,"utc":"16:38:00","flight":"AY931"},{"day":1,"utc":"08:15:00","flight":"AY490"},{"day":2,"utc":"21:06:00","flight":"AY773"},{"day":3,"utc":"00:02:00","flight":"AY537"},{"day":3,"utc":"19:30:00","flight":"AY113"},{"day":3,"utc":"21:28:00","flight":"AY542"},{"day":4,"utc":"12:41:00","flight":"AY446"},{"day":5,"utc":"13:52:00","flight":"AY272"},{"day":5,"utc":"22:50:00","flight":"AY065"},{"day":5,"utc":"23:09:00","flight":"AY085"},{"day":5,"utc":"15:42:00","flight":"AY404"},{"day":5,"utc":"04:13:00","flight":"AY716"},{"day":6,"utc":"08:34:00","flight":"AY899"},{"day":6,"utc":"21:08:00","flight":"AY722"},{"day":6,"utc":"01:31:00","flight":"AY591"},{"day":6,"utc":"02:48:00","flight":"AY211"}],"distance":6664.211428463556}