{"id":47576,"type":"route","airline":"QS","airlineid":"airline_5097","sourceairport":"CDG","destinationairport":"PRG","stops":0,"equipment":"319 73G 738","schedule":[{"day":0,"utc":"19:04:00","flight":"QS244"},{"day":0,"utc":"01:43:00","flight":"QS179"},{"day":0,"utc":"04:38:00","flight":"QS706"},{"day":0,"utc":"16:21:00","flight":"QS161"},{"day":1,"utc":"11:59:00","flight":"QS982"},{"day":1,"utc":"16:05:00","flight":"QS635"},{"day":1,"utc":"18:47:00","flight":"QS204"},{"day":1,"utc":"20:37:00","flight":"QS837"},{"day":1,"utc":"05:46:00","flight":"QS115"},{"day":2,"utc":"19:16:00","flight":"QS065"},{"day":2,"utc":"23:45:00","flight":"QS476"},{"day":2,"utc":"02:10:00","flight":"QS607"},{"day":3,"utc":"04:11:00","flight":"QS884"},{"day":3,"utc":"00:40:00","flight":"QS951"},{"day":4,"utc":"15:59:00","flight":"QS401"},{"day":4,"utc":"04:01:00","flight":"QS237"},{"day":4,"utc":"13:39:00","flight":"QS366"},{"day":4,"utc":"09:48:00","flight":"QS612"},{"day":4,"utc":"18:33:00","flight":"QS217"},{"day":5,"utc":"04:38:00","flight":"QS130"},{"day":6,"utc":"02:03:00","flight":"QS560"},{"day":6,"utc":"22:44:00","flight":"QS366"},{"day":6,"utc":"05:20:00","flight":"QS387"},{"day":6,"utc":"01:51:00","flight":"QS730"},{"day":6,"utc":"00:25:00","flight":"QS215"}],"distance":852.3717058615096}