{"id":43427,"type":"route","airline":"NK","airlineid":"airline_4687","sourceairport":"FLL","destinationairport":"ORD","stops":0,"equipment":"320 319","schedule":[{"day":0,"utc":"15:02:00","flight":"NK273"},{"day":0,"utc":"17:26:00","flight":"NK882"},{"day":0,"utc":"12:39:00","flight":"NK284"},{"day":0,"utc":"20:01:00","flight":"NK784"},{"day":1,"utc":"07:53:00","flight":"NK837"},{"day":1,"utc":"07:26:00","flight":"NK463"},{"day":2,"utc":"08:32:00","flight":"NK690"},{"day":2,"utc":"18:15:00","flight":"NK280"},{"day":2,"utc":"20:56:00","flight":"NK894"},{"day":2,"utc":"23:27:00","flight":"NK015"},{"day":3,"utc":"05:09:00","flight":"NK780"},{"day":3,"utc":"01:57:00","flight":"NK255"},{"day":3,"utc":"21:39:00","flight":"NK759"},{"day":4,"utc":"17:35:00","flight":"NK196"},{"day":5,"utc":"11:18:00","flight":"NK894"},{"day":5,"utc":"01:28:00","flight":"NK975"},{"day":6,"utc":"11:23:00","flight":"NK862"},{"day":6,"utc":"02:29:00","flight":"NK950"},{"day":6,"utc":"01:37:00","flight":"NK241"}],"distance":1905.3951366275667}