{"id":20365,"type":"route","airline":"DL","airlineid":"airline_2009","sourceairport":"BTM","destinationairport":"SLC","stops":0,"equipment":"CRJ","schedule":[{"day":0,"utc":"21:57:00","flight":"DL283"},{"day":0,"utc":"08:27:00","flight":"DL789"},{"day":1,"utc":"02:19:00","flight":"DL410"},{"day":2,"utc":"08:02:00","flight":"DL530"},{"day":2,"utc":"08:36:00","flight":"DL597"},{"day":2,"utc":"03:59:00","flight":"DL516"},{"day":2,"utc":"19:16:00","flight":"DL251"},{"day":3,"utc":"16:06:00","flight":"DL844"},{"day":3,"utc":"15:50:00","flight":"DL143"},{"day":3,"utc":"11:48:00","flight":"DL414"},{"day":4,"utc":"02:47:00","flight":"DL263"},{"day":4,"utc":"02:36:00","flight":"DL923"},{"day":4,"utc":"21:21:00","flight":"DL690"},{"day":5,"utc":"04:15:00","flight":"DL103"},{"day":5,"utc":"04:26:00","flight":"DL552"},{"day":5,"utc":"23:47:00","flight":"DL586"},{"day":5,"utc":"12:50:00","flight":"DL248"},{"day":6,"utc":"15:22:00","flight":"DL165"},{"day":6,"utc":"20:28:00","flight":"DL345"},{"day":6,"utc":"15:31:00","flight":"DL688"},{"day":6,"utc":"03:08:00","flight":"DL411"}],"distance":576.0093015902012}