{"id":61813,"type":"route","airline":"VS","airlineid":"airline_5347","sourceairport":"MUC","destinationairport":"SIN","stops":0,"equipment":"77W","schedule":[{"day":0,"utc":"17:08:00","flight":"VS626"},{"day":0,"utc":"13:10:00","flight":"VS210"},{"day":0,"utc":"09:19:00","flight":"VS007"},{"day":0,"utc":"16:48:00","flight":"VS592"},{"day":1,"utc":"03:28:00","flight":"VS745"},{"day":1,"utc":"14:56:00","flight":"VS740"},{"day":1,"utc":"20:08:00","flight":"VS561"},{"day":1,"utc":"15:00:00","flight":"VS987"},{"day":2,"utc":"18:14:00","flight":"VS457"},{"day":2,"utc":"18:28:00","flight":"VS351"},{"day":2,"utc":"13:05:00","flight":"VS813"},{"day":2,"utc":"05:36:00","flight":"VS428"},{"day":2,"utc":"00:53:00","flight":"VS251"},{"day":3,"utc":"00:46:00","flight":"VS794"},{"day":3,"utc":"09:42:00","flight":"VS096"},{"day":4,"utc":"13:15:00","flight":"VS472"},{"day":4,"utc":"21:03:00","flight":"VS282"},{"day":4,"utc":"01:46:00","flight":"VS384"},{"day":4,"utc":"03:33:00","flight":"VS570"},{"day":4,"utc":"20:25:00","flight":"VS234"},{"day":5,"utc":"15:04:00","flight":"VS121"},{"day":5,"utc":"15:35:00","flight":"VS850"},{"day":5,"utc":"21:29:00","flight":"VS592"},{"day":5,"utc":"22:07:00","flight":"VS258"},{"day":5,"utc":"08:29:00","flight":"VS050"},{"day":6,"utc":"14:56:00","flight":"VS441"},{"day":6,"utc":"23:38:00","flight":"VS107"},{"day":6,"utc":"13:40:00","flight":"VS996"}],"distance":10058.458811388895}