{"id":51363,"type":"route","airline":"SV","airlineid":"airline_4533","sourceairport":"IAD","destinationairport":"RUH","stops":0,"equipment":"777","schedule":[{"day":0,"utc":"17:31:00","flight":"SV273"},{"day":0,"utc":"17:56:00","flight":"SV315"},{"day":0,"utc":"16:18:00","flight":"SV039"},{"day":0,"utc":"21:48:00","flight":"SV774"},{"day":1,"utc":"15:01:00","flight":"SV405"},{"day":1,"utc":"15:17:00","flight":"SV780"},{"day":1,"utc":"14:56:00","flight":"SV794"},{"day":2,"utc":"13:40:00","flight":"SV024"},{"day":2,"utc":"10:01:00","flight":"SV159"},{"day":3,"utc":"15:22:00","flight":"SV041"},{"day":3,"utc":"00:53:00","flight":"SV904"},{"day":3,"utc":"16:08:00","flight":"SV997"},{"day":3,"utc":"23:16:00","flight":"SV861"},{"day":3,"utc":"07:15:00","flight":"SV862"},{"day":4,"utc":"09:18:00","flight":"SV794"},{"day":4,"utc":"14:49:00","flight":"SV723"},{"day":4,"utc":"03:09:00","flight":"SV068"},{"day":4,"utc":"05:42:00","flight":"SV872"},{"day":4,"utc":"00:43:00","flight":"SV187"},{"day":5,"utc":"12:11:00","flight":"SV071"},{"day":5,"utc":"09:40:00","flight":"SV640"},{"day":6,"utc":"03:02:00","flight":"SV353"},{"day":6,"utc":"02:48:00","flight":"SV340"},{"day":6,"utc":"18:29:00","flight":"SV387"}],"distance":10842.335863297716}