{"id":28885,"type":"route","airline":"G4","airlineid":"airline_35","sourceairport":"AZA","destinationairport":"IDA","stops":0,"equipment":"M80","schedule":[{"day":0,"utc":"01:57:00","flight":"G4052"},{"day":0,"utc":"14:08:00","flight":"G4963"},{"day":1,"utc":"17:32:00","flight":"G4894"},{"day":1,"utc":"01:51:00","flight":"G4968"},{"day":1,"utc":"06:52:00","flight":"G4514"},{"day":1,"utc":"17:12:00","flight":"G4536"},{"day":2,"utc":"06:25:00","flight":"G4883"},{"day":2,"utc":"14:59:00","flight":"G4398"},{"day":2,"utc":"15:48:00","flight":"G4234"},{"day":2,"utc":"07:43:00","flight":"G4306"},{"day":3,"utc":"04:29:00","flight":"G4036"},{"day":3,"utc":"07:49:00","flight":"G4784"},{"day":4,"utc":"10:28:00","flight":"G4249"},{"day":4,"utc":"14:20:00","flight":"G4357"},{"day":4,"utc":"11:29:00","flight":"G4401"},{"day":5,"utc":"07:13:00","flight":"G4669"},{"day":5,"utc":"05:03:00","flight":"G4547"},{"day":6,"utc":"12:33:00","flight":"G4193"}],"distance":1135.5093329330768}