{"title":"Carpentras","name":"the rivoli cinema","alt":null,"address":"56, Avenue Victor Hugo","directions":null,"phone":"+33 4 90 60 51 11","tollfree":null,"email":"cinema.rivoli@wanadoo.fr","url":"http://www.cine-vaucluse.com/","hours":null,"image":null,"price":"7.60 €","content":"independent cinema","geo":{"lat":44.050642070500864,"lon":5.047496609877271,"accuracy":"ROOFTOP"},"activity":"do","type":"landmark","id":40344,"country":"France","city":"Carpentras","state":"Provence-Alpes-Côte d'Azur"}