{"id":50088,"type":"route","airline":"SK","airlineid":"airline_4319","sourceairport":"OSL","destinationairport":"LHR","stops":0,"equipment":"73G 738 73H 736 73W","schedule":[{"day":0,"utc":"00:04:00","flight":"SK084"},{"day":1,"utc":"18:25:00","flight":"SK659"},{"day":1,"utc":"10:44:00","flight":"SK570"},{"day":2,"utc":"09:37:00","flight":"SK470"},{"day":2,"utc":"22:36:00","flight":"SK914"},{"day":2,"utc":"01:54:00","flight":"SK818"},{"day":3,"utc":"03:41:00","flight":"SK562"},{"day":3,"utc":"08:02:00","flight":"SK583"},{"day":4,"utc":"00:45:00","flight":"SK394"},{"day":4,"utc":"23:58:00","flight":"SK331"},{"day":5,"utc":"08:50:00","flight":"SK661"},{"day":5,"utc":"07:47:00","flight":"SK685"},{"day":5,"utc":"03:04:00","flight":"SK571"},{"day":6,"utc":"11:58:00","flight":"SK352"},{"day":6,"utc":"21:11:00","flight":"SK520"}],"distance":1204.9250031113743}