{"title":"Lampeter","name":"Lampeter Food Festival","alt":null,"address":"Lampeter Uni","directions":null,"phone":null,"tollfree":null,"email":null,"url":"http://www.lampeterfoodfestival.org.uk","hours":"last Saturday in July annually","image":null,"price":"Free entry","content":"Local food producers from cheese makers to cider makers enjoying networking and sharing produce.","geo":{"lat":52.113887,"lon":-4.075907,"accuracy":"RANGE_INTERPOLATED"},"activity":"do","type":"landmark","id":15133,"country":"United Kingdom","city":"Lampeter","state":null}