{"id":20762,"type":"route","airline":"DL","airlineid":"airline_2009","sourceairport":"FSD","destinationairport":"MSP","stops":0,"equipment":"320","schedule":[{"day":0,"utc":"12:34:00","flight":"DL704"},{"day":0,"utc":"13:57:00","flight":"DL427"},{"day":1,"utc":"17:30:00","flight":"DL456"},{"day":2,"utc":"21:28:00","flight":"DL440"},{"day":2,"utc":"00:16:00","flight":"DL642"},{"day":2,"utc":"14:32:00","flight":"DL700"},{"day":3,"utc":"15:56:00","flight":"DL464"},{"day":4,"utc":"21:19:00","flight":"DL612"},{"day":4,"utc":"14:29:00","flight":"DL991"},{"day":4,"utc":"00:01:00","flight":"DL732"},{"day":5,"utc":"22:36:00","flight":"DL056"},{"day":5,"utc":"10:55:00","flight":"DL725"},{"day":5,"utc":"20:19:00","flight":"DL448"},{"day":5,"utc":"14:10:00","flight":"DL761"},{"day":5,"utc":"18:40:00","flight":"DL713"},{"day":6,"utc":"08:33:00","flight":"DL181"},{"day":6,"utc":"18:32:00","flight":"DL894"},{"day":6,"utc":"10:28:00","flight":"DL086"},{"day":6,"utc":"19:55:00","flight":"DL086"},{"day":6,"utc":"18:20:00","flight":"DL739"}],"distance":315.4806746695182}