{"id":54618,"type":"route","airline":"U2","airlineid":"airline_2297","sourceairport":"BSL","destinationairport":"TLV","stops":0,"equipment":"320","schedule":[{"day":0,"utc":"23:51:00","flight":"U2542"},{"day":0,"utc":"00:48:00","flight":"U2700"},{"day":0,"utc":"19:13:00","flight":"U2971"},{"day":1,"utc":"01:15:00","flight":"U2590"},{"day":1,"utc":"09:59:00","flight":"U2112"},{"day":1,"utc":"13:49:00","flight":"U2562"},{"day":2,"utc":"04:28:00","flight":"U2070"},{"day":2,"utc":"16:16:00","flight":"U2395"},{"day":3,"utc":"22:37:00","flight":"U2013"},{"day":3,"utc":"13:26:00","flight":"U2681"},{"day":3,"utc":"10:44:00","flight":"U2190"},{"day":3,"utc":"06:13:00","flight":"U2432"},{"day":3,"utc":"05:12:00","flight":"U2432"},{"day":4,"utc":"19:32:00","flight":"U2097"},{"day":4,"utc":"04:34:00","flight":"U2027"},{"day":4,"utc":"14:53:00","flight":"U2310"},{"day":5,"utc":"10:39:00","flight":"U2093"},{"day":5,"utc":"00:27:00","flight":"U2937"},{"day":5,"utc":"02:31:00","flight":"U2582"},{"day":5,"utc":"15:50:00","flight":"U2707"},{"day":5,"utc":"13:09:00","flight":"U2905"},{"day":6,"utc":"23:48:00","flight":"U2270"}],"distance":2883.678043680198}