{"id":14952,"type":"route","airline":"BB","airlineid":"airline_4335","sourceairport":"SJU","destinationairport":"PUJ","stops":0,"equipment":"SF3","schedule":[{"day":0,"utc":"03:14:00","flight":"BB561"},{"day":0,"utc":"16:05:00","flight":"BB399"},{"day":0,"utc":"03:43:00","flight":"BB327"},{"day":0,"utc":"13:51:00","flight":"BB153"},{"day":1,"utc":"22:17:00","flight":"BB418"},{"day":1,"utc":"08:28:00","flight":"BB575"},{"day":2,"utc":"10:46:00","flight":"BB779"},{"day":2,"utc":"04:03:00","flight":"BB170"},{"day":2,"utc":"00:23:00","flight":"BB528"},{"day":3,"utc":"05:47:00","flight":"BB604"},{"day":3,"utc":"15:01:00","flight":"BB275"},{"day":4,"utc":"18:32:00","flight":"BB173"},{"day":4,"utc":"00:01:00","flight":"BB856"},{"day":4,"utc":"15:45:00","flight":"BB203"},{"day":4,"utc":"01:07:00","flight":"BB013"},{"day":4,"utc":"18:06:00","flight":"BB786"},{"day":5,"utc":"13:49:00","flight":"BB387"},{"day":5,"utc":"04:37:00","flight":"BB099"},{"day":6,"utc":"01:50:00","flight":"BB725"},{"day":6,"utc":"21:32:00","flight":"BB410"},{"day":6,"utc":"12:37:00","flight":"BB942"},{"day":6,"utc":"18:30:00","flight":"BB433"},{"day":6,"utc":"21:09:00","flight":"BB652"}],"distance":249.42694610053684}