{"title":"San Francisco/Fisherman's Wharf","name":"The Cannery","alt":null,"address":"Del Monte Square","directions":"at the foot of Columbus St","phone":"+1 415 771-3112","tollfree":null,"email":"info@thecannery.com","url":null,"hours":null,"image":null,"price":null,"content":"Built in 1907 with its award-winning architecture, the Cannery overlooks San Francisco Bay and once upon a time was the largest peach cannery in the world.  Today it's a bustling marketplace featuring three levels of restaurants, shops, offices, and live entertainment. In the middle it has a secluded courtyard with outdoor bars and cafes.","geo":{"lat":37.8073,"lon":-122.4198,"accuracy":"APPROXIMATE"},"activity":"see","type":"landmark","id":25614,"country":"United States","city":"San Francisco","state":"California"}