{"id":30298,"type":"route","airline":"GS","airlineid":"airline_690","sourceairport":"KHN","destinationairport":"KOW","stops":0,"equipment":"ERJ","schedule":[{"day":0,"utc":"20:10:00","flight":"GS328"},{"day":0,"utc":"06:13:00","flight":"GS404"},{"day":0,"utc":"03:32:00","flight":"GS027"},{"day":1,"utc":"19:24:00","flight":"GS909"},{"day":1,"utc":"01:24:00","flight":"GS061"},{"day":2,"utc":"15:12:00","flight":"GS916"},{"day":3,"utc":"17:19:00","flight":"GS514"},{"day":3,"utc":"00:07:00","flight":"GS050"},{"day":3,"utc":"20:20:00","flight":"GS669"},{"day":3,"utc":"00:23:00","flight":"GS807"},{"day":4,"utc":"01:13:00","flight":"GS936"},{"day":4,"utc":"22:33:00","flight":"GS182"},{"day":5,"utc":"03:46:00","flight":"GS405"},{"day":5,"utc":"02:08:00","flight":"GS283"},{"day":5,"utc":"15:58:00","flight":"GS093"},{"day":6,"utc":"15:21:00","flight":"GS133"},{"day":6,"utc":"17:40:00","flight":"GS383"},{"day":6,"utc":"15:02:00","flight":"GS000"},{"day":6,"utc":"07:45:00","flight":"GS170"},{"day":6,"utc":"01:17:00","flight":"GS130"}],"distance":351.7448850970797}