{"id":21962,"type":"route","airline":"DL","airlineid":"airline_2009","sourceairport":"YVR","destinationairport":"LAS","stops":0,"equipment":"73H 73W","schedule":[{"day":0,"utc":"22:06:00","flight":"DL922"},{"day":0,"utc":"23:06:00","flight":"DL124"},{"day":0,"utc":"18:25:00","flight":"DL217"},{"day":1,"utc":"11:19:00","flight":"DL726"},{"day":1,"utc":"21:10:00","flight":"DL046"},{"day":1,"utc":"03:54:00","flight":"DL978"},{"day":1,"utc":"05:36:00","flight":"DL737"},{"day":1,"utc":"12:06:00","flight":"DL431"},{"day":2,"utc":"18:47:00","flight":"DL509"},{"day":2,"utc":"23:58:00","flight":"DL187"},{"day":2,"utc":"19:50:00","flight":"DL290"},{"day":2,"utc":"03:09:00","flight":"DL518"},{"day":3,"utc":"04:25:00","flight":"DL970"},{"day":3,"utc":"18:14:00","flight":"DL555"},{"day":4,"utc":"22:04:00","flight":"DL533"},{"day":4,"utc":"04:44:00","flight":"DL066"},{"day":4,"utc":"08:06:00","flight":"DL577"},{"day":4,"utc":"00:04:00","flight":"DL151"},{"day":4,"utc":"14:23:00","flight":"DL655"},{"day":5,"utc":"05:17:00","flight":"DL372"},{"day":5,"utc":"18:03:00","flight":"DL496"},{"day":5,"utc":"08:29:00","flight":"DL672"},{"day":5,"utc":"01:16:00","flight":"DL907"},{"day":6,"utc":"15:48:00","flight":"DL407"}],"distance":1597.1878794880279}