{"id":59883,"type":"route","airline":"US","airlineid":"airline_5265","sourceairport":"ORD","destinationairport":"CDG","stops":0,"equipment":"763","schedule":[{"day":0,"utc":"07:31:00","flight":"US608"},{"day":1,"utc":"01:42:00","flight":"US747"},{"day":1,"utc":"16:40:00","flight":"US729"},{"day":1,"utc":"23:31:00","flight":"US671"},{"day":1,"utc":"13:28:00","flight":"US376"},{"day":1,"utc":"19:38:00","flight":"US502"},{"day":2,"utc":"13:47:00","flight":"US443"},{"day":2,"utc":"03:04:00","flight":"US787"},{"day":3,"utc":"06:01:00","flight":"US668"},{"day":4,"utc":"17:12:00","flight":"US811"},{"day":4,"utc":"11:41:00","flight":"US544"},{"day":4,"utc":"21:01:00","flight":"US337"},{"day":4,"utc":"15:58:00","flight":"US854"},{"day":5,"utc":"04:08:00","flight":"US208"},{"day":5,"utc":"04:31:00","flight":"US314"},{"day":5,"utc":"13:35:00","flight":"US031"},{"day":5,"utc":"14:55:00","flight":"US860"},{"day":6,"utc":"04:13:00","flight":"US050"},{"day":6,"utc":"18:50:00","flight":"US993"}],"distance":6664.211428463558}