{"id":22421,"type":"route","airline":"DY","airlineid":"airline_3737","sourceairport":"EDI","destinationairport":"BGO","stops":0,"equipment":"73H","schedule":[{"day":0,"utc":"18:21:00","flight":"DY069"},{"day":1,"utc":"15:30:00","flight":"DY934"},{"day":2,"utc":"15:05:00","flight":"DY675"},{"day":2,"utc":"17:58:00","flight":"DY655"},{"day":2,"utc":"00:17:00","flight":"DY808"},{"day":3,"utc":"10:51:00","flight":"DY612"},{"day":3,"utc":"21:47:00","flight":"DY127"},{"day":4,"utc":"21:15:00","flight":"DY432"},{"day":5,"utc":"11:15:00","flight":"DY316"},{"day":6,"utc":"13:31:00","flight":"DY934"}],"distance":697.3796878091479}