{"id":29001,"type":"route","airline":"G4","airlineid":"airline_35","sourceairport":"LAS","destinationairport":"BIS","stops":0,"equipment":"M80","schedule":[{"day":0,"utc":"06:27:00","flight":"G4795"},{"day":0,"utc":"15:25:00","flight":"G4153"},{"day":0,"utc":"10:08:00","flight":"G4159"},{"day":1,"utc":"21:01:00","flight":"G4085"},{"day":1,"utc":"22:03:00","flight":"G4449"},{"day":1,"utc":"06:13:00","flight":"G4685"},{"day":1,"utc":"02:24:00","flight":"G4494"},{"day":1,"utc":"06:53:00","flight":"G4096"},{"day":2,"utc":"05:09:00","flight":"G4094"},{"day":3,"utc":"10:35:00","flight":"G4682"},{"day":4,"utc":"12:06:00","flight":"G4681"},{"day":5,"utc":"11:06:00","flight":"G4382"},{"day":5,"utc":"16:33:00","flight":"G4762"},{"day":5,"utc":"04:02:00","flight":"G4098"},{"day":6,"utc":"13:27:00","flight":"G4945"},{"day":6,"utc":"17:07:00","flight":"G4385"},{"day":6,"utc":"06:22:00","flight":"G4241"},{"day":6,"utc":"15:50:00","flight":"G4223"}],"distance":1684.4550501542926}