{"id":39294,"type":"route","airline":"LS","airlineid":"airline_3026","sourceairport":"EMA","destinationairport":"CDG","stops":0,"equipment":"733","schedule":[{"day":0,"utc":"11:20:00","flight":"LS439"},{"day":0,"utc":"14:22:00","flight":"LS687"},{"day":0,"utc":"10:36:00","flight":"LS946"},{"day":1,"utc":"14:11:00","flight":"LS292"},{"day":1,"utc":"18:04:00","flight":"LS162"},{"day":2,"utc":"12:02:00","flight":"LS971"},{"day":2,"utc":"08:29:00","flight":"LS298"},{"day":2,"utc":"09:49:00","flight":"LS816"},{"day":3,"utc":"04:24:00","flight":"LS799"},{"day":3,"utc":"22:09:00","flight":"LS417"},{"day":3,"utc":"23:48:00","flight":"LS129"},{"day":4,"utc":"17:48:00","flight":"LS275"},{"day":4,"utc":"07:27:00","flight":"LS020"},{"day":4,"utc":"14:15:00","flight":"LS016"},{"day":5,"utc":"16:33:00","flight":"LS490"},{"day":5,"utc":"13:23:00","flight":"LS224"},{"day":6,"utc":"18:25:00","flight":"LS719"}],"distance":503.9754416535322}