{"id":48007,"type":"route","airline":"RJ","airlineid":"airline_4259","sourceairport":"LHR","destinationairport":"AMM","stops":0,"equipment":"330 321","schedule":[{"day":0,"utc":"18:21:00","flight":"RJ041"},{"day":0,"utc":"18:57:00","flight":"RJ705"},{"day":0,"utc":"16:20:00","flight":"RJ457"},{"day":0,"utc":"00:32:00","flight":"RJ145"},{"day":0,"utc":"00:24:00","flight":"RJ420"},{"day":1,"utc":"08:38:00","flight":"RJ386"},{"day":1,"utc":"21:09:00","flight":"RJ525"},{"day":1,"utc":"04:18:00","flight":"RJ851"},{"day":1,"utc":"04:00:00","flight":"RJ845"},{"day":1,"utc":"02:14:00","flight":"RJ224"},{"day":2,"utc":"00:48:00","flight":"RJ309"},{"day":2,"utc":"16:17:00","flight":"RJ118"},{"day":2,"utc":"10:53:00","flight":"RJ724"},{"day":2,"utc":"13:37:00","flight":"RJ458"},{"day":2,"utc":"20:52:00","flight":"RJ255"},{"day":3,"utc":"09:32:00","flight":"RJ437"},{"day":3,"utc":"00:31:00","flight":"RJ959"},{"day":3,"utc":"10:38:00","flight":"RJ108"},{"day":3,"utc":"03:15:00","flight":"RJ371"},{"day":3,"utc":"15:32:00","flight":"RJ876"},{"day":4,"utc":"03:39:00","flight":"RJ379"},{"day":4,"utc":"13:41:00","flight":"RJ093"},{"day":5,"utc":"15:54:00","flight":"RJ422"},{"day":5,"utc":"11:09:00","flight":"RJ875"},{"day":6,"utc":"10:01:00","flight":"RJ277"},{"day":6,"utc":"14:48:00","flight":"RJ565"},{"day":6,"utc":"06:28:00","flight":"RJ151"}],"distance":3683.2814939010495}