{"id":12185,"type":"route","airline":"AT","airlineid":"airline_4248","sourceairport":"JFK","destinationairport":"CMN","stops":0,"equipment":"763","schedule":[{"day":0,"utc":"02:16:00","flight":"AT614"},{"day":1,"utc":"12:29:00","flight":"AT382"},{"day":2,"utc":"23:54:00","flight":"AT890"},{"day":2,"utc":"00:20:00","flight":"AT806"},{"day":2,"utc":"02:24:00","flight":"AT943"},{"day":2,"utc":"16:43:00","flight":"AT450"},{"day":3,"utc":"03:00:00","flight":"AT742"},{"day":3,"utc":"15:13:00","flight":"AT344"},{"day":4,"utc":"23:41:00","flight":"AT150"},{"day":4,"utc":"07:06:00","flight":"AT528"},{"day":4,"utc":"06:33:00","flight":"AT622"},{"day":4,"utc":"12:19:00","flight":"AT110"},{"day":5,"utc":"05:20:00","flight":"AT295"},{"day":5,"utc":"22:28:00","flight":"AT064"},{"day":5,"utc":"20:09:00","flight":"AT545"},{"day":5,"utc":"15:47:00","flight":"AT127"},{"day":5,"utc":"04:46:00","flight":"AT537"},{"day":6,"utc":"05:53:00","flight":"AT877"},{"day":6,"utc":"12:54:00","flight":"AT416"}],"distance":5794.971191284151}