{"id":26032,"type":"route","airline":"FR","airlineid":"airline_4296","sourceairport":"BGY","destinationairport":"EMA","stops":0,"equipment":"738","schedule":[{"day":0,"utc":"01:39:00","flight":"FR485"},{"day":0,"utc":"21:23:00","flight":"FR290"},{"day":0,"utc":"15:47:00","flight":"FR247"},{"day":0,"utc":"22:18:00","flight":"FR962"},{"day":1,"utc":"15:00:00","flight":"FR018"},{"day":1,"utc":"17:04:00","flight":"FR724"},{"day":2,"utc":"05:02:00","flight":"FR796"},{"day":2,"utc":"12:29:00","flight":"FR219"},{"day":2,"utc":"03:50:00","flight":"FR815"},{"day":3,"utc":"13:22:00","flight":"FR254"},{"day":3,"utc":"15:36:00","flight":"FR672"},{"day":3,"utc":"02:51:00","flight":"FR914"},{"day":3,"utc":"08:46:00","flight":"FR322"},{"day":3,"utc":"07:05:00","flight":"FR946"},{"day":4,"utc":"22:47:00","flight":"FR196"},{"day":5,"utc":"15:29:00","flight":"FR389"},{"day":5,"utc":"11:08:00","flight":"FR811"},{"day":5,"utc":"13:42:00","flight":"FR443"},{"day":5,"utc":"03:20:00","flight":"FR753"},{"day":6,"utc":"18:18:00","flight":"FR313"},{"day":6,"utc":"21:52:00","flight":"FR220"},{"day":6,"utc":"20:17:00","flight":"FR419"},{"day":6,"utc":"23:49:00","flight":"FR570"}],"distance":1126.5779489632403}