{"id":38539,"type":"route","airline":"LH","airlineid":"airline_3320","sourceairport":"MIA","destinationairport":"FRA","stops":0,"equipment":"388","schedule":[{"day":0,"utc":"23:06:00","flight":"LH905"},{"day":1,"utc":"19:20:00","flight":"LH202"},{"day":1,"utc":"11:22:00","flight":"LH757"},{"day":1,"utc":"12:22:00","flight":"LH703"},{"day":1,"utc":"14:26:00","flight":"LH148"},{"day":1,"utc":"01:58:00","flight":"LH724"},{"day":2,"utc":"17:07:00","flight":"LH253"},{"day":3,"utc":"04:43:00","flight":"LH074"},{"day":3,"utc":"16:11:00","flight":"LH454"},{"day":3,"utc":"17:17:00","flight":"LH414"},{"day":4,"utc":"21:46:00","flight":"LH243"},{"day":4,"utc":"04:51:00","flight":"LH290"},{"day":4,"utc":"10:14:00","flight":"LH731"},{"day":4,"utc":"01:58:00","flight":"LH335"},{"day":4,"utc":"22:31:00","flight":"LH727"},{"day":5,"utc":"17:00:00","flight":"LH229"},{"day":5,"utc":"06:11:00","flight":"LH920"},{"day":6,"utc":"00:02:00","flight":"LH029"},{"day":6,"utc":"07:23:00","flight":"LH818"},{"day":6,"utc":"09:19:00","flight":"LH802"},{"day":6,"utc":"02:26:00","flight":"LH265"}],"distance":7761.883830119852}