{"id":37859,"type":"route","airline":"LG","airlineid":"airline_3329","sourceairport":"ANG","destinationairport":"FSC","stops":0,"equipment":"DH4","schedule":[{"day":0,"utc":"11:24:00","flight":"LG900"},{"day":0,"utc":"02:25:00","flight":"LG678"},{"day":0,"utc":"10:30:00","flight":"LG136"},{"day":0,"utc":"00:10:00","flight":"LG514"},{"day":0,"utc":"04:57:00","flight":"LG734"},{"day":1,"utc":"01:20:00","flight":"LG161"},{"day":1,"utc":"00:38:00","flight":"LG692"},{"day":1,"utc":"19:17:00","flight":"LG425"},{"day":2,"utc":"22:01:00","flight":"LG432"},{"day":2,"utc":"00:18:00","flight":"LG248"},{"day":2,"utc":"18:09:00","flight":"LG169"},{"day":3,"utc":"22:14:00","flight":"LG832"},{"day":3,"utc":"17:26:00","flight":"LG802"},{"day":3,"utc":"00:38:00","flight":"LG212"},{"day":3,"utc":"14:50:00","flight":"LG100"},{"day":3,"utc":"21:20:00","flight":"LG564"},{"day":4,"utc":"01:06:00","flight":"LG095"},{"day":4,"utc":"10:24:00","flight":"LG886"},{"day":5,"utc":"04:16:00","flight":"LG286"},{"day":5,"utc":"01:07:00","flight":"LG471"},{"day":5,"utc":"07:53:00","flight":"LG587"},{"day":5,"utc":"14:28:00","flight":"LG516"},{"day":5,"utc":"03:00:00","flight":"LG672"},{"day":6,"utc":"08:25:00","flight":"LG658"},{"day":6,"utc":"13:54:00","flight":"LG261"},{"day":6,"utc":"19:42:00","flight":"LG718"},{"day":6,"utc":"14:14:00","flight":"LG128"},{"day":6,"utc":"08:18:00","flight":"LG508"}],"distance":854.6192682231223}