{"id":25075,"type":"route","airline":"FL","airlineid":"airline_1316","sourceairport":"EWR","destinationairport":"BNA","stops":0,"equipment":"73W","schedule":[{"day":0,"utc":"07:15:00","flight":"FL333"},{"day":0,"utc":"19:11:00","flight":"FL912"},{"day":0,"utc":"06:07:00","flight":"FL517"},{"day":0,"utc":"03:22:00","flight":"FL515"},{"day":1,"utc":"14:42:00","flight":"FL015"},{"day":2,"utc":"21:12:00","flight":"FL675"},{"day":2,"utc":"00:32:00","flight":"FL340"},{"day":2,"utc":"05:33:00","flight":"FL776"},{"day":2,"utc":"06:17:00","flight":"FL506"},{"day":3,"utc":"06:02:00","flight":"FL386"},{"day":3,"utc":"03:05:00","flight":"FL502"},{"day":3,"utc":"08:32:00","flight":"FL829"},{"day":3,"utc":"00:17:00","flight":"FL940"},{"day":3,"utc":"07:36:00","flight":"FL343"},{"day":4,"utc":"21:07:00","flight":"FL144"},{"day":4,"utc":"22:29:00","flight":"FL388"},{"day":4,"utc":"19:41:00","flight":"FL967"},{"day":4,"utc":"04:17:00","flight":"FL008"},{"day":5,"utc":"01:06:00","flight":"FL765"},{"day":6,"utc":"22:54:00","flight":"FL989"},{"day":6,"utc":"15:42:00","flight":"FL205"},{"day":6,"utc":"04:45:00","flight":"FL982"},{"day":6,"utc":"19:32:00","flight":"FL460"},{"day":6,"utc":"03:17:00","flight":"FL683"}],"distance":1201.0129321295942}