{"id":62792,"type":"route","airline":"W6","airlineid":"airline_5461","sourceairport":"GDN","destinationairport":"LPL","stops":0,"equipment":"320","schedule":[{"day":0,"utc":"10:08:00","flight":"W6997"},{"day":1,"utc":"06:26:00","flight":"W6484"},{"day":1,"utc":"02:34:00","flight":"W6794"},{"day":1,"utc":"12:19:00","flight":"W6904"},{"day":1,"utc":"04:47:00","flight":"W6535"},{"day":1,"utc":"16:20:00","flight":"W6742"},{"day":2,"utc":"23:41:00","flight":"W6900"},{"day":2,"utc":"03:30:00","flight":"W6468"},{"day":2,"utc":"15:27:00","flight":"W6352"},{"day":3,"utc":"10:24:00","flight":"W6496"},{"day":3,"utc":"17:02:00","flight":"W6883"},{"day":4,"utc":"13:02:00","flight":"W6737"},{"day":4,"utc":"03:15:00","flight":"W6796"},{"day":5,"utc":"03:11:00","flight":"W6169"},{"day":6,"utc":"20:10:00","flight":"W6439"},{"day":6,"utc":"17:30:00","flight":"W6391"},{"day":6,"utc":"20:22:00","flight":"W6279"},{"day":6,"utc":"03:51:00","flight":"W6057"},{"day":6,"utc":"17:48:00","flight":"W6840"}],"distance":1397.4366017914504}