{"id":15247,"type":"route","airline":"BE","airlineid":"airline_2421","sourceairport":"NCL","destinationairport":"CDG","stops":0,"equipment":"ARJ","schedule":[{"day":0,"utc":"07:15:00","flight":"BE959"},{"day":0,"utc":"13:05:00","flight":"BE555"},{"day":1,"utc":"10:39:00","flight":"BE723"},{"day":1,"utc":"03:34:00","flight":"BE368"},{"day":1,"utc":"06:55:00","flight":"BE927"},{"day":1,"utc":"19:28:00","flight":"BE796"},{"day":2,"utc":"18:21:00","flight":"BE070"},{"day":2,"utc":"08:02:00","flight":"BE544"},{"day":2,"utc":"10:59:00","flight":"BE443"},{"day":2,"utc":"03:18:00","flight":"BE477"},{"day":3,"utc":"14:47:00","flight":"BE871"},{"day":3,"utc":"15:48:00","flight":"BE732"},{"day":3,"utc":"21:38:00","flight":"BE815"},{"day":3,"utc":"01:49:00","flight":"BE141"},{"day":4,"utc":"05:38:00","flight":"BE024"},{"day":4,"utc":"12:27:00","flight":"BE753"},{"day":4,"utc":"18:51:00","flight":"BE263"},{"day":4,"utc":"19:24:00","flight":"BE232"},{"day":4,"utc":"03:18:00","flight":"BE711"},{"day":5,"utc":"19:17:00","flight":"BE833"},{"day":5,"utc":"08:49:00","flight":"BE587"},{"day":5,"utc":"22:40:00","flight":"BE685"},{"day":5,"utc":"15:46:00","flight":"BE733"},{"day":5,"utc":"01:42:00","flight":"BE644"},{"day":6,"utc":"12:32:00","flight":"BE359"},{"day":6,"utc":"01:46:00","flight":"BE642"},{"day":6,"utc":"20:32:00","flight":"BE650"},{"day":6,"utc":"22:17:00","flight":"BE153"}],"distance":729.7474755366684}