{"id":11068,"type":"route","airline":"AM","airlineid":"airline_321","sourceairport":"MEX","destinationairport":"DFW","stops":0,"equipment":"EMJ","schedule":[{"day":0,"utc":"12:19:00","flight":"AM677"},{"day":0,"utc":"09:51:00","flight":"AM018"},{"day":0,"utc":"08:41:00","flight":"AM177"},{"day":1,"utc":"22:49:00","flight":"AM825"},{"day":1,"utc":"00:38:00","flight":"AM720"},{"day":1,"utc":"06:16:00","flight":"AM443"},{"day":1,"utc":"08:33:00","flight":"AM009"},{"day":2,"utc":"21:14:00","flight":"AM730"},{"day":2,"utc":"20:44:00","flight":"AM975"},{"day":2,"utc":"14:39:00","flight":"AM296"},{"day":2,"utc":"17:15:00","flight":"AM136"},{"day":3,"utc":"02:55:00","flight":"AM362"},{"day":3,"utc":"04:06:00","flight":"AM774"},{"day":4,"utc":"05:18:00","flight":"AM285"},{"day":4,"utc":"01:46:00","flight":"AM995"},{"day":4,"utc":"22:11:00","flight":"AM469"},{"day":4,"utc":"16:48:00","flight":"AM897"},{"day":4,"utc":"00:06:00","flight":"AM284"},{"day":5,"utc":"08:13:00","flight":"AM803"},{"day":5,"utc":"16:59:00","flight":"AM323"},{"day":5,"utc":"06:56:00","flight":"AM015"},{"day":5,"utc":"17:27:00","flight":"AM083"},{"day":6,"utc":"06:03:00","flight":"AM281"},{"day":6,"utc":"05:56:00","flight":"AM531"},{"day":6,"utc":"06:17:00","flight":"AM634"}],"distance":1510.3370666661701}