{"id":14682,"type":"route","airline":"BA","airlineid":"airline_1355","sourceairport":"LHR","destinationairport":"BRU","stops":0,"equipment":"320 319 321","schedule":[{"day":0,"utc":"10:09:00","flight":"BA441"},{"day":0,"utc":"11:47:00","flight":"BA891"},{"day":0,"utc":"21:00:00","flight":"BA041"},{"day":0,"utc":"22:30:00","flight":"BA285"},{"day":0,"utc":"14:06:00","flight":"BA389"},{"day":1,"utc":"10:36:00","flight":"BA601"},{"day":1,"utc":"01:23:00","flight":"BA247"},{"day":1,"utc":"14:53:00","flight":"BA670"},{"day":2,"utc":"15:00:00","flight":"BA914"},{"day":3,"utc":"00:10:00","flight":"BA389"},{"day":3,"utc":"07:30:00","flight":"BA787"},{"day":3,"utc":"07:13:00","flight":"BA406"},{"day":3,"utc":"16:37:00","flight":"BA095"},{"day":4,"utc":"16:45:00","flight":"BA348"},{"day":4,"utc":"01:21:00","flight":"BA398"},{"day":4,"utc":"12:51:00","flight":"BA461"},{"day":4,"utc":"14:05:00","flight":"BA317"},{"day":5,"utc":"04:57:00","flight":"BA304"},{"day":5,"utc":"09:40:00","flight":"BA785"},{"day":5,"utc":"15:30:00","flight":"BA741"},{"day":6,"utc":"11:35:00","flight":"BA236"},{"day":6,"utc":"17:50:00","flight":"BA780"},{"day":6,"utc":"10:15:00","flight":"BA186"},{"day":6,"utc":"08:11:00","flight":"BA559"}],"distance":350.51119192900126}