{"id":6432,"type":"route","airline":"AA","airlineid":"airline_24","sourceairport":"PHL","destinationairport":"DEN","stops":0,"equipment":"321 320","schedule":[{"day":0,"utc":"22:48:00","flight":"AA211"},{"day":0,"utc":"01:42:00","flight":"AA449"},{"day":0,"utc":"20:58:00","flight":"AA306"},{"day":0,"utc":"14:07:00","flight":"AA362"},{"day":1,"utc":"09:39:00","flight":"AA945"},{"day":1,"utc":"01:24:00","flight":"AA060"},{"day":2,"utc":"04:11:00","flight":"AA607"},{"day":2,"utc":"10:18:00","flight":"AA994"},{"day":3,"utc":"12:05:00","flight":"AA908"},{"day":4,"utc":"10:19:00","flight":"AA687"},{"day":4,"utc":"12:58:00","flight":"AA130"},{"day":4,"utc":"03:07:00","flight":"AA326"},{"day":4,"utc":"15:01:00","flight":"AA094"},{"day":4,"utc":"15:26:00","flight":"AA153"},{"day":5,"utc":"18:17:00","flight":"AA332"},{"day":6,"utc":"18:22:00","flight":"AA885"},{"day":6,"utc":"09:39:00","flight":"AA485"},{"day":6,"utc":"07:38:00","flight":"AA553"},{"day":6,"utc":"22:35:00","flight":"AA579"},{"day":6,"utc":"12:38:00","flight":"AA638"}],"distance":2500.4022406869144}