{"id":14513,"type":"route","airline":"BA","airlineid":"airline_1355","sourceairport":"FAO","destinationairport":"LHR","stops":0,"equipment":"320","schedule":[{"day":0,"utc":"07:14:00","flight":"BA332"},{"day":0,"utc":"03:07:00","flight":"BA022"},{"day":0,"utc":"14:45:00","flight":"BA361"},{"day":0,"utc":"05:52:00","flight":"BA577"},{"day":0,"utc":"01:32:00","flight":"BA969"},{"day":1,"utc":"09:40:00","flight":"BA590"},{"day":2,"utc":"13:17:00","flight":"BA655"},{"day":3,"utc":"22:27:00","flight":"BA807"},{"day":3,"utc":"01:53:00","flight":"BA971"},{"day":3,"utc":"09:50:00","flight":"BA736"},{"day":3,"utc":"06:53:00","flight":"BA825"},{"day":3,"utc":"22:14:00","flight":"BA393"},{"day":4,"utc":"19:37:00","flight":"BA624"},{"day":4,"utc":"23:29:00","flight":"BA645"},{"day":4,"utc":"16:15:00","flight":"BA067"},{"day":4,"utc":"10:16:00","flight":"BA603"},{"day":5,"utc":"08:42:00","flight":"BA844"},{"day":5,"utc":"05:39:00","flight":"BA845"},{"day":5,"utc":"15:00:00","flight":"BA611"},{"day":5,"utc":"00:16:00","flight":"BA364"},{"day":6,"utc":"14:01:00","flight":"BA522"}],"distance":1713.5126300243278}