{"id":17942,"type":"route","airline":"CX","airlineid":"airline_1680","sourceairport":"HKG","destinationairport":"SFO","stops":0,"equipment":"77W 744","schedule":[{"day":0,"utc":"19:40:00","flight":"CX222"},{"day":0,"utc":"21:34:00","flight":"CX616"},{"day":0,"utc":"00:03:00","flight":"CX501"},{"day":0,"utc":"01:25:00","flight":"CX296"},{"day":1,"utc":"04:54:00","flight":"CX539"},{"day":1,"utc":"04:10:00","flight":"CX591"},{"day":2,"utc":"15:35:00","flight":"CX903"},{"day":2,"utc":"23:34:00","flight":"CX652"},{"day":3,"utc":"05:18:00","flight":"CX805"},{"day":3,"utc":"14:59:00","flight":"CX065"},{"day":3,"utc":"00:18:00","flight":"CX860"},{"day":3,"utc":"02:14:00","flight":"CX730"},{"day":4,"utc":"23:04:00","flight":"CX812"},{"day":4,"utc":"20:51:00","flight":"CX993"},{"day":4,"utc":"23:14:00","flight":"CX412"},{"day":5,"utc":"22:05:00","flight":"CX647"},{"day":5,"utc":"17:22:00","flight":"CX196"},{"day":5,"utc":"21:06:00","flight":"CX659"},{"day":5,"utc":"15:58:00","flight":"CX177"},{"day":5,"utc":"15:16:00","flight":"CX821"},{"day":6,"utc":"09:21:00","flight":"CX530"},{"day":6,"utc":"00:13:00","flight":"CX017"},{"day":6,"utc":"10:23:00","flight":"CX469"},{"day":6,"utc":"20:30:00","flight":"CX913"}],"distance":11128.182035009515}