{"id":30220,"type":"route","airline":"GS","airlineid":"airline_690","sourceairport":"DSN","destinationairport":"XIY","stops":0,"equipment":"E90 ERJ","schedule":[{"day":0,"utc":"09:50:00","flight":"GS612"},{"day":0,"utc":"08:56:00","flight":"GS599"},{"day":0,"utc":"21:30:00","flight":"GS169"},{"day":0,"utc":"03:53:00","flight":"GS274"},{"day":1,"utc":"12:27:00","flight":"GS391"},{"day":1,"utc":"07:08:00","flight":"GS731"},{"day":1,"utc":"12:39:00","flight":"GS564"},{"day":1,"utc":"08:14:00","flight":"GS403"},{"day":1,"utc":"11:59:00","flight":"GS618"},{"day":2,"utc":"14:38:00","flight":"GS696"},{"day":2,"utc":"21:22:00","flight":"GS165"},{"day":3,"utc":"00:24:00","flight":"GS928"},{"day":3,"utc":"02:21:00","flight":"GS859"},{"day":3,"utc":"07:43:00","flight":"GS184"},{"day":3,"utc":"11:13:00","flight":"GS108"},{"day":3,"utc":"19:52:00","flight":"GS357"},{"day":4,"utc":"15:11:00","flight":"GS909"},{"day":4,"utc":"02:07:00","flight":"GS787"},{"day":5,"utc":"05:14:00","flight":"GS888"},{"day":5,"utc":"07:43:00","flight":"GS869"},{"day":5,"utc":"18:57:00","flight":"GS580"},{"day":5,"utc":"15:45:00","flight":"GS194"},{"day":6,"utc":"14:33:00","flight":"GS419"},{"day":6,"utc":"08:55:00","flight":"GS606"},{"day":6,"utc":"13:35:00","flight":"GS377"},{"day":6,"utc":"00:53:00","flight":"GS145"},{"day":6,"utc":"05:41:00","flight":"GS416"}],"distance":611.3922251360073}