{"id":65391,"type":"route","airline":"X4","airlineid":"airline_N","sourceairport":"EXI","destinationairport":"JNU","stops":0,"equipment":"PA1","schedule":[{"day":0,"utc":"00:54:00","flight":"X4432"},{"day":1,"utc":"05:40:00","flight":"X4231"},{"day":1,"utc":"14:26:00","flight":"X4709"},{"day":2,"utc":"20:59:00","flight":"X4331"},{"day":2,"utc":"22:58:00","flight":"X4691"},{"day":2,"utc":"10:27:00","flight":"X4396"},{"day":2,"utc":"20:30:00","flight":"X4608"},{"day":2,"utc":"22:28:00","flight":"X4124"},{"day":3,"utc":"01:49:00","flight":"X4023"},{"day":3,"utc":"23:00:00","flight":"X4909"},{"day":3,"utc":"21:34:00","flight":"X4699"},{"day":3,"utc":"16:39:00","flight":"X4539"},{"day":4,"utc":"18:33:00","flight":"X4356"},{"day":4,"utc":"02:04:00","flight":"X4230"},{"day":4,"utc":"19:36:00","flight":"X4899"},{"day":4,"utc":"19:57:00","flight":"X4146"},{"day":4,"utc":"17:07:00","flight":"X4514"},{"day":5,"utc":"21:26:00","flight":"X4465"},{"day":5,"utc":"17:11:00","flight":"X4367"},{"day":5,"utc":"21:49:00","flight":"X4875"},{"day":6,"utc":"04:48:00","flight":"X4966"},{"day":6,"utc":"01:42:00","flight":"X4636"},{"day":6,"utc":"22:43:00","flight":"X4465"}],"distance":51.39578701633143}