{"id":460,"type":"route","airline":"3M","airlineid":"airline_N","sourceairport":"FLL","destinationairport":"GGT","stops":0,"equipment":"SF3","schedule":[{"day":0,"utc":"20:42:00","flight":"3M953"},{"day":0,"utc":"10:54:00","flight":"3M990"},{"day":1,"utc":"10:34:00","flight":"3M865"},{"day":1,"utc":"01:24:00","flight":"3M398"},{"day":1,"utc":"19:31:00","flight":"3M428"},{"day":1,"utc":"16:33:00","flight":"3M936"},{"day":2,"utc":"01:16:00","flight":"3M887"},{"day":3,"utc":"09:09:00","flight":"3M885"},{"day":3,"utc":"08:03:00","flight":"3M872"},{"day":3,"utc":"11:41:00","flight":"3M237"},{"day":3,"utc":"02:00:00","flight":"3M631"},{"day":3,"utc":"23:58:00","flight":"3M910"},{"day":4,"utc":"15:31:00","flight":"3M234"},{"day":4,"utc":"11:51:00","flight":"3M853"},{"day":4,"utc":"17:55:00","flight":"3M059"},{"day":4,"utc":"06:45:00","flight":"3M790"},{"day":5,"utc":"00:50:00","flight":"3M518"},{"day":5,"utc":"05:14:00","flight":"3M236"},{"day":5,"utc":"15:40:00","flight":"3M772"},{"day":6,"utc":"00:09:00","flight":"3M044"}],"distance":513.7776352377198}