{"id":58683,"type":"route","airline":"US","airlineid":"airline_5265","sourceairport":"BOS","destinationairport":"ROC","stops":0,"equipment":"CRJ","schedule":[{"day":0,"utc":"03:24:00","flight":"US664"},{"day":1,"utc":"07:57:00","flight":"US661"},{"day":2,"utc":"10:21:00","flight":"US755"},{"day":2,"utc":"15:00:00","flight":"US830"},{"day":2,"utc":"17:55:00","flight":"US501"},{"day":3,"utc":"22:37:00","flight":"US182"},{"day":3,"utc":"13:28:00","flight":"US465"},{"day":3,"utc":"09:09:00","flight":"US581"},{"day":4,"utc":"21:42:00","flight":"US355"},{"day":4,"utc":"12:42:00","flight":"US538"},{"day":4,"utc":"17:08:00","flight":"US827"},{"day":4,"utc":"21:28:00","flight":"US316"},{"day":5,"utc":"10:49:00","flight":"US970"},{"day":5,"utc":"15:07:00","flight":"US826"},{"day":6,"utc":"15:45:00","flight":"US129"}],"distance":550.7431835201866}