{"id":54531,"type":"route","airline":"U2","airlineid":"airline_2297","sourceairport":"BRS","destinationairport":"ALC","stops":0,"equipment":"319 320","schedule":[{"day":0,"utc":"04:42:00","flight":"U2323"},{"day":0,"utc":"10:31:00","flight":"U2093"},{"day":0,"utc":"04:00:00","flight":"U2388"},{"day":0,"utc":"22:30:00","flight":"U2777"},{"day":0,"utc":"13:20:00","flight":"U2585"},{"day":1,"utc":"09:31:00","flight":"U2130"},{"day":1,"utc":"00:33:00","flight":"U2551"},{"day":1,"utc":"20:00:00","flight":"U2505"},{"day":2,"utc":"11:24:00","flight":"U2684"},{"day":2,"utc":"20:08:00","flight":"U2041"},{"day":2,"utc":"15:54:00","flight":"U2626"},{"day":3,"utc":"05:48:00","flight":"U2133"},{"day":4,"utc":"23:20:00","flight":"U2414"},{"day":4,"utc":"10:05:00","flight":"U2804"},{"day":5,"utc":"02:36:00","flight":"U2574"},{"day":5,"utc":"14:44:00","flight":"U2875"},{"day":5,"utc":"00:44:00","flight":"U2082"},{"day":6,"utc":"18:46:00","flight":"U2110"},{"day":6,"utc":"16:44:00","flight":"U2165"},{"day":6,"utc":"03:05:00","flight":"U2801"}],"distance":1466.4698111372916}