{"id":24371,"type":"route","airline":"F9","airlineid":"airline_2468","sourceairport":"DEN","destinationairport":"FAR","stops":0,"equipment":"319","schedule":[{"day":0,"utc":"09:13:00","flight":"F9564"},{"day":0,"utc":"11:25:00","flight":"F9301"},{"day":0,"utc":"14:43:00","flight":"F9504"},{"day":0,"utc":"04:56:00","flight":"F9065"},{"day":1,"utc":"04:46:00","flight":"F9446"},{"day":2,"utc":"00:45:00","flight":"F9700"},{"day":2,"utc":"14:18:00","flight":"F9277"},{"day":2,"utc":"17:46:00","flight":"F9035"},{"day":2,"utc":"12:30:00","flight":"F9301"},{"day":2,"utc":"16:03:00","flight":"F9649"},{"day":3,"utc":"20:50:00","flight":"F9775"},{"day":3,"utc":"01:55:00","flight":"F9322"},{"day":4,"utc":"09:54:00","flight":"F9059"},{"day":4,"utc":"00:12:00","flight":"F9718"},{"day":4,"utc":"15:00:00","flight":"F9184"},{"day":5,"utc":"02:13:00","flight":"F9124"},{"day":5,"utc":"17:07:00","flight":"F9260"},{"day":5,"utc":"12:30:00","flight":"F9790"},{"day":6,"utc":"09:11:00","flight":"F9763"},{"day":6,"utc":"22:41:00","flight":"F9808"},{"day":6,"utc":"10:14:00","flight":"F9610"},{"day":6,"utc":"02:26:00","flight":"F9975"}],"distance":1008.4803749901262}