{"id":20332,"type":"route","airline":"DL","airlineid":"airline_2009","sourceairport":"BOM","destinationairport":"AMS","stops":0,"equipment":"76W","schedule":[{"day":0,"utc":"09:09:00","flight":"DL934"},{"day":0,"utc":"22:10:00","flight":"DL847"},{"day":1,"utc":"13:33:00","flight":"DL788"},{"day":1,"utc":"18:50:00","flight":"DL652"},{"day":2,"utc":"07:10:00","flight":"DL538"},{"day":2,"utc":"11:34:00","flight":"DL416"},{"day":2,"utc":"17:09:00","flight":"DL411"},{"day":2,"utc":"07:22:00","flight":"DL077"},{"day":2,"utc":"13:26:00","flight":"DL120"},{"day":3,"utc":"14:18:00","flight":"DL438"},{"day":3,"utc":"09:16:00","flight":"DL084"},{"day":3,"utc":"12:33:00","flight":"DL169"},{"day":3,"utc":"01:47:00","flight":"DL700"},{"day":3,"utc":"11:17:00","flight":"DL305"},{"day":4,"utc":"22:40:00","flight":"DL245"},{"day":4,"utc":"07:53:00","flight":"DL867"},{"day":5,"utc":"14:37:00","flight":"DL053"},{"day":5,"utc":"07:53:00","flight":"DL946"},{"day":5,"utc":"10:40:00","flight":"DL062"},{"day":5,"utc":"07:26:00","flight":"DL533"},{"day":5,"utc":"03:32:00","flight":"DL201"},{"day":6,"utc":"07:01:00","flight":"DL309"}],"distance":6859.517043795037}