{"id":22837,"type":"route","airline":"EI","airlineid":"airline_837","sourceairport":"ABZ","destinationairport":"DUB","stops":0,"equipment":"AT7","schedule":[{"day":0,"utc":"14:07:00","flight":"EI527"},{"day":1,"utc":"09:40:00","flight":"EI684"},{"day":1,"utc":"13:55:00","flight":"EI685"},{"day":1,"utc":"21:45:00","flight":"EI943"},{"day":1,"utc":"23:36:00","flight":"EI982"},{"day":1,"utc":"16:47:00","flight":"EI469"},{"day":2,"utc":"18:19:00","flight":"EI118"},{"day":3,"utc":"21:33:00","flight":"EI564"},{"day":3,"utc":"16:53:00","flight":"EI639"},{"day":3,"utc":"21:06:00","flight":"EI633"},{"day":3,"utc":"19:50:00","flight":"EI882"},{"day":4,"utc":"06:15:00","flight":"EI938"},{"day":4,"utc":"23:41:00","flight":"EI405"},{"day":4,"utc":"00:10:00","flight":"EI454"},{"day":5,"utc":"20:11:00","flight":"EI743"},{"day":5,"utc":"21:15:00","flight":"EI578"},{"day":5,"utc":"21:04:00","flight":"EI831"},{"day":5,"utc":"22:04:00","flight":"EI880"},{"day":5,"utc":"17:23:00","flight":"EI811"},{"day":6,"utc":"23:37:00","flight":"EI752"}],"distance":492.890656809241}