{"id":20277,"type":"route","airline":"DL","airlineid":"airline_2009","sourceairport":"AUS","destinationairport":"JFK","stops":0,"equipment":"319","schedule":[{"day":0,"utc":"23:56:00","flight":"DL321"},{"day":0,"utc":"05:17:00","flight":"DL306"},{"day":0,"utc":"02:42:00","flight":"DL328"},{"day":1,"utc":"15:16:00","flight":"DL012"},{"day":1,"utc":"04:50:00","flight":"DL663"},{"day":1,"utc":"06:45:00","flight":"DL285"},{"day":2,"utc":"10:42:00","flight":"DL612"},{"day":2,"utc":"05:12:00","flight":"DL783"},{"day":2,"utc":"14:02:00","flight":"DL867"},{"day":3,"utc":"15:12:00","flight":"DL221"},{"day":3,"utc":"13:48:00","flight":"DL881"},{"day":3,"utc":"03:11:00","flight":"DL825"},{"day":3,"utc":"15:21:00","flight":"DL959"},{"day":4,"utc":"12:38:00","flight":"DL686"},{"day":4,"utc":"00:03:00","flight":"DL068"},{"day":4,"utc":"14:33:00","flight":"DL764"},{"day":5,"utc":"20:10:00","flight":"DL384"},{"day":5,"utc":"02:09:00","flight":"DL174"},{"day":5,"utc":"23:51:00","flight":"DL512"},{"day":5,"utc":"19:21:00","flight":"DL150"},{"day":5,"utc":"10:22:00","flight":"DL287"},{"day":6,"utc":"23:37:00","flight":"DL872"},{"day":6,"utc":"17:02:00","flight":"DL091"},{"day":6,"utc":"18:45:00","flight":"DL917"},{"day":6,"utc":"10:55:00","flight":"DL119"},{"day":6,"utc":"05:02:00","flight":"DL111"}],"distance":2445.4568528692034}