{"id":38493,"type":"route","airline":"LH","airlineid":"airline_3320","sourceairport":"LHR","destinationairport":"IAD","stops":0,"equipment":"752 777","schedule":[{"day":0,"utc":"18:06:00","flight":"LH344"},{"day":0,"utc":"05:26:00","flight":"LH857"},{"day":1,"utc":"20:43:00","flight":"LH302"},{"day":1,"utc":"17:27:00","flight":"LH477"},{"day":2,"utc":"01:07:00","flight":"LH420"},{"day":3,"utc":"23:51:00","flight":"LH405"},{"day":3,"utc":"08:28:00","flight":"LH184"},{"day":3,"utc":"20:05:00","flight":"LH690"},{"day":3,"utc":"13:07:00","flight":"LH541"},{"day":3,"utc":"20:31:00","flight":"LH353"},{"day":4,"utc":"10:22:00","flight":"LH528"},{"day":4,"utc":"09:54:00","flight":"LH798"},{"day":4,"utc":"17:05:00","flight":"LH236"},{"day":4,"utc":"11:23:00","flight":"LH059"},{"day":5,"utc":"18:05:00","flight":"LH854"},{"day":5,"utc":"00:36:00","flight":"LH334"},{"day":5,"utc":"21:05:00","flight":"LH175"},{"day":6,"utc":"01:22:00","flight":"LH481"},{"day":6,"utc":"02:47:00","flight":"LH474"},{"day":6,"utc":"04:35:00","flight":"LH415"}],"distance":5901.572561928371}