{"id":39451,"type":"route","airline":"LS","airlineid":"airline_3026","sourceairport":"NCL","destinationairport":"FAO","stops":0,"equipment":"733 73C","schedule":[{"day":0,"utc":"12:29:00","flight":"LS512"},{"day":0,"utc":"17:25:00","flight":"LS103"},{"day":0,"utc":"00:48:00","flight":"LS227"},{"day":1,"utc":"13:47:00","flight":"LS120"},{"day":2,"utc":"04:56:00","flight":"LS403"},{"day":3,"utc":"18:23:00","flight":"LS196"},{"day":4,"utc":"07:04:00","flight":"LS024"},{"day":4,"utc":"08:09:00","flight":"LS791"},{"day":5,"utc":"19:45:00","flight":"LS049"},{"day":5,"utc":"18:46:00","flight":"LS991"},{"day":5,"utc":"10:48:00","flight":"LS855"},{"day":6,"utc":"12:23:00","flight":"LS057"},{"day":6,"utc":"16:58:00","flight":"LS570"},{"day":6,"utc":"06:38:00","flight":"LS543"},{"day":6,"utc":"07:16:00","flight":"LS842"},{"day":6,"utc":"06:22:00","flight":"LS117"}],"distance":2059.7626530040884}