{"id":22972,"type":"route","airline":"EI","airlineid":"airline_837","sourceairport":"GLA","destinationairport":"ORK","stops":0,"equipment":"AT7","schedule":[{"day":0,"utc":"19:52:00","flight":"EI153"},{"day":0,"utc":"09:18:00","flight":"EI856"},{"day":0,"utc":"18:00:00","flight":"EI869"},{"day":0,"utc":"20:38:00","flight":"EI391"},{"day":0,"utc":"10:14:00","flight":"EI177"},{"day":1,"utc":"07:29:00","flight":"EI885"},{"day":1,"utc":"00:40:00","flight":"EI638"},{"day":1,"utc":"20:23:00","flight":"EI174"},{"day":1,"utc":"20:14:00","flight":"EI264"},{"day":2,"utc":"21:42:00","flight":"EI520"},{"day":2,"utc":"15:59:00","flight":"EI307"},{"day":3,"utc":"09:49:00","flight":"EI606"},{"day":4,"utc":"00:06:00","flight":"EI310"},{"day":4,"utc":"15:51:00","flight":"EI306"},{"day":5,"utc":"10:24:00","flight":"EI006"},{"day":5,"utc":"09:25:00","flight":"EI525"},{"day":6,"utc":"04:18:00","flight":"EI257"},{"day":6,"utc":"16:52:00","flight":"EI959"}],"distance":521.0504964652068}