{"id":6609,"type":"route","airline":"AA","airlineid":"airline_24","sourceairport":"PLS","destinationairport":"MIA","stops":0,"equipment":"757","schedule":[{"day":0,"utc":"07:24:00","flight":"AA240"},{"day":0,"utc":"00:01:00","flight":"AA136"},{"day":1,"utc":"23:20:00","flight":"AA060"},{"day":2,"utc":"10:35:00","flight":"AA149"},{"day":2,"utc":"21:37:00","flight":"AA852"},{"day":3,"utc":"22:57:00","flight":"AA146"},{"day":4,"utc":"09:30:00","flight":"AA813"},{"day":4,"utc":"10:02:00","flight":"AA052"},{"day":4,"utc":"11:01:00","flight":"AA266"},{"day":4,"utc":"03:52:00","flight":"AA741"},{"day":4,"utc":"11:10:00","flight":"AA023"},{"day":5,"utc":"18:21:00","flight":"AA215"},{"day":5,"utc":"00:31:00","flight":"AA109"},{"day":5,"utc":"13:50:00","flight":"AA172"},{"day":6,"utc":"17:29:00","flight":"AA932"},{"day":6,"utc":"04:18:00","flight":"AA503"},{"day":6,"utc":"11:40:00","flight":"AA472"},{"day":6,"utc":"02:09:00","flight":"AA418"}],"distance":930.5253081161644}