{"id":19771,"type":"route","airline":"DE","airlineid":"airline_1868","sourceairport":"GLA","destinationairport":"MCO","stops":0,"equipment":"330","schedule":[{"day":0,"utc":"22:43:00","flight":"DE301"},{"day":0,"utc":"04:32:00","flight":"DE720"},{"day":0,"utc":"05:45:00","flight":"DE958"},{"day":1,"utc":"10:58:00","flight":"DE566"},{"day":1,"utc":"06:05:00","flight":"DE188"},{"day":2,"utc":"01:22:00","flight":"DE459"},{"day":2,"utc":"16:55:00","flight":"DE831"},{"day":2,"utc":"10:50:00","flight":"DE879"},{"day":3,"utc":"19:36:00","flight":"DE275"},{"day":3,"utc":"11:17:00","flight":"DE438"},{"day":4,"utc":"08:17:00","flight":"DE629"},{"day":4,"utc":"09:07:00","flight":"DE331"},{"day":5,"utc":"19:24:00","flight":"DE145"},{"day":6,"utc":"08:28:00","flight":"DE053"}],"distance":6626.605913794151}