{"id":61805,"type":"route","airline":"VS","airlineid":"airline_5347","sourceairport":"MIA","destinationairport":"ATL","stops":0,"equipment":"M88 757 M90 73H","schedule":[{"day":0,"utc":"01:40:00","flight":"VS024"},{"day":1,"utc":"07:51:00","flight":"VS566"},{"day":1,"utc":"23:15:00","flight":"VS282"},{"day":2,"utc":"00:40:00","flight":"VS618"},{"day":3,"utc":"06:28:00","flight":"VS042"},{"day":3,"utc":"19:14:00","flight":"VS591"},{"day":3,"utc":"22:24:00","flight":"VS849"},{"day":3,"utc":"03:16:00","flight":"VS519"},{"day":3,"utc":"11:32:00","flight":"VS074"},{"day":4,"utc":"17:20:00","flight":"VS564"},{"day":4,"utc":"11:34:00","flight":"VS491"},{"day":5,"utc":"13:11:00","flight":"VS634"},{"day":5,"utc":"07:02:00","flight":"VS920"},{"day":5,"utc":"22:43:00","flight":"VS071"},{"day":5,"utc":"00:53:00","flight":"VS348"},{"day":6,"utc":"06:06:00","flight":"VS092"}],"distance":959.0618701672437}