{"title":"Barrow-in-Furness","name":"Furness Abbey","alt":null,"address":"Manor Road, LA13 0PJ","directions":null,"phone":"+44 1229 823420","tollfree":null,"email":null,"url":"http://www.english-heritage.org.uk/daysout/properties/furness-abbey/","hours":null,"image":null,"price":"adults £4.00, children £2.40, concessions £3.60","content":"A ruined monastery, originally founded in 1127 to the Savigniac order by King Stephen before being granted to the Cistercian order in 1148.  The abbey was ruined in 1536 during the dissolution of the monasteries under Thomas Cromwell.","geo":{"lat":54.13513,"lon":-3.198358,"accuracy":"RANGE_INTERPOLATED"},"activity":"see","type":"landmark","id":2500,"country":"United Kingdom","city":"Barrow-in-Furness","state":null}