{"id":25864,"type":"route","airline":"FR","airlineid":"airline_4296","sourceairport":"AGP","destinationairport":"MRS","stops":0,"equipment":"738","schedule":[{"day":0,"utc":"13:00:00","flight":"FR159"},{"day":0,"utc":"17:19:00","flight":"FR789"},{"day":0,"utc":"07:01:00","flight":"FR391"},{"day":0,"utc":"03:18:00","flight":"FR059"},{"day":0,"utc":"06:07:00","flight":"FR835"},{"day":1,"utc":"12:18:00","flight":"FR586"},{"day":1,"utc":"00:37:00","flight":"FR523"},{"day":1,"utc":"19:07:00","flight":"FR929"},{"day":2,"utc":"04:48:00","flight":"FR232"},{"day":2,"utc":"06:21:00","flight":"FR697"},{"day":3,"utc":"21:51:00","flight":"FR334"},{"day":3,"utc":"21:06:00","flight":"FR071"},{"day":4,"utc":"16:50:00","flight":"FR031"},{"day":4,"utc":"22:52:00","flight":"FR164"},{"day":4,"utc":"10:32:00","flight":"FR081"},{"day":4,"utc":"20:00:00","flight":"FR429"},{"day":5,"utc":"04:54:00","flight":"FR305"},{"day":5,"utc":"08:30:00","flight":"FR108"},{"day":5,"utc":"06:42:00","flight":"FR797"},{"day":5,"utc":"06:27:00","flight":"FR170"},{"day":5,"utc":"19:35:00","flight":"FR532"},{"day":6,"utc":"13:19:00","flight":"FR581"},{"day":6,"utc":"20:51:00","flight":"FR186"},{"day":6,"utc":"17:12:00","flight":"FR242"},{"day":6,"utc":"06:21:00","flight":"FR043"},{"day":6,"utc":"18:20:00","flight":"FR478"}],"distance":1115.9498971858168}