{"id":43470,"type":"route","airline":"NK","airlineid":"airline_4687","sourceairport":"LAX","destinationairport":"IAH","stops":0,"equipment":"320","schedule":[{"day":0,"utc":"14:52:00","flight":"NK958"},{"day":0,"utc":"09:29:00","flight":"NK168"},{"day":0,"utc":"12:38:00","flight":"NK249"},{"day":1,"utc":"20:53:00","flight":"NK806"},{"day":1,"utc":"19:55:00","flight":"NK810"},{"day":1,"utc":"18:11:00","flight":"NK032"},{"day":1,"utc":"21:51:00","flight":"NK567"},{"day":1,"utc":"19:33:00","flight":"NK483"},{"day":2,"utc":"19:25:00","flight":"NK646"},{"day":2,"utc":"09:40:00","flight":"NK054"},{"day":3,"utc":"15:06:00","flight":"NK768"},{"day":3,"utc":"10:01:00","flight":"NK533"},{"day":4,"utc":"22:15:00","flight":"NK728"},{"day":4,"utc":"05:07:00","flight":"NK828"},{"day":5,"utc":"14:56:00","flight":"NK363"},{"day":6,"utc":"03:21:00","flight":"NK882"},{"day":6,"utc":"07:47:00","flight":"NK056"},{"day":6,"utc":"15:52:00","flight":"NK710"},{"day":6,"utc":"07:47:00","flight":"NK768"},{"day":6,"utc":"05:59:00","flight":"NK104"}],"distance":2215.0760336492654}