{"id":54927,"type":"route","airline":"U2","airlineid":"airline_2297","sourceairport":"LGW","destinationairport":"BLQ","stops":0,"equipment":"320 319","schedule":[{"day":0,"utc":"09:31:00","flight":"U2694"},{"day":1,"utc":"18:23:00","flight":"U2266"},{"day":1,"utc":"20:27:00","flight":"U2058"},{"day":2,"utc":"17:11:00","flight":"U2581"},{"day":2,"utc":"08:53:00","flight":"U2641"},{"day":2,"utc":"05:33:00","flight":"U2843"},{"day":2,"utc":"17:14:00","flight":"U2886"},{"day":3,"utc":"02:28:00","flight":"U2541"},{"day":3,"utc":"13:18:00","flight":"U2040"},{"day":3,"utc":"21:35:00","flight":"U2090"},{"day":3,"utc":"23:24:00","flight":"U2575"},{"day":4,"utc":"20:22:00","flight":"U2399"},{"day":4,"utc":"03:38:00","flight":"U2071"},{"day":4,"utc":"20:11:00","flight":"U2899"},{"day":5,"utc":"23:35:00","flight":"U2411"},{"day":5,"utc":"09:25:00","flight":"U2137"},{"day":6,"utc":"02:48:00","flight":"U2046"},{"day":6,"utc":"01:51:00","flight":"U2768"}],"distance":1126.6893721870267}