{"title":"San Francisco/Western Addition","name":"Mifune","alt":null,"address":"1737 Post Street","directions":"between Buchanan and Webster, in the Kintetsu Mall","phone":"+1 415 922-0337","tollfree":null,"email":null,"url":"http://www.mifune.com/","hours":"Su-Th 11AM-9:30pm, F-Sa 11AM-10PM","image":null,"price":null,"content":"Wheelchair Accessible. Looking like a '60s movie-set depiction of a Japanese house, Mifune is one of San Francisco's most popular noodle parlors. A mere $5 will set you up with a hearty bowl of udon or soba noodles, either in a bowl of hot broth or served cold with a dipping cup of sauce. Many delicious vegetarian selections are available.","geo":{"lat":37.785,"lon":-122.4304,"accuracy":"RANGE_INTERPOLATED"},"activity":"eat","type":"landmark","id":26254,"country":"United States","city":"San Francisco","state":"California"}