{"id":59568,"type":"route","airline":"US","airlineid":"airline_5265","sourceairport":"LGA","destinationairport":"RIC","stops":0,"equipment":"ERD","schedule":[{"day":0,"utc":"13:54:00","flight":"US618"},{"day":0,"utc":"20:36:00","flight":"US090"},{"day":0,"utc":"16:05:00","flight":"US925"},{"day":1,"utc":"03:39:00","flight":"US210"},{"day":2,"utc":"18:22:00","flight":"US304"},{"day":2,"utc":"16:09:00","flight":"US702"},{"day":2,"utc":"00:59:00","flight":"US643"},{"day":2,"utc":"19:41:00","flight":"US044"},{"day":3,"utc":"03:38:00","flight":"US663"},{"day":3,"utc":"09:41:00","flight":"US335"},{"day":3,"utc":"16:10:00","flight":"US122"},{"day":3,"utc":"00:47:00","flight":"US982"},{"day":3,"utc":"10:44:00","flight":"US081"},{"day":4,"utc":"23:21:00","flight":"US878"},{"day":4,"utc":"16:01:00","flight":"US155"},{"day":4,"utc":"04:43:00","flight":"US981"},{"day":4,"utc":"01:31:00","flight":"US606"},{"day":4,"utc":"21:26:00","flight":"US504"},{"day":5,"utc":"08:29:00","flight":"US093"},{"day":6,"utc":"21:59:00","flight":"US720"},{"day":6,"utc":"06:19:00","flight":"US390"},{"day":6,"utc":"05:07:00","flight":"US657"},{"day":6,"utc":"10:02:00","flight":"US587"},{"day":6,"utc":"09:38:00","flight":"US944"}],"distance":469.75751952854193}