{"id":9397,"type":"route","airline":"AF","airlineid":"airline_137","sourceairport":"CDG","destinationairport":"SGN","stops":0,"equipment":"772","schedule":[{"day":0,"utc":"17:51:00","flight":"AF369"},{"day":1,"utc":"21:55:00","flight":"AF428"},{"day":1,"utc":"22:41:00","flight":"AF105"},{"day":1,"utc":"22:55:00","flight":"AF022"},{"day":2,"utc":"09:53:00","flight":"AF625"},{"day":2,"utc":"05:29:00","flight":"AF191"},{"day":2,"utc":"17:30:00","flight":"AF883"},{"day":2,"utc":"17:26:00","flight":"AF223"},{"day":2,"utc":"06:33:00","flight":"AF741"},{"day":3,"utc":"08:33:00","flight":"AF141"},{"day":4,"utc":"23:00:00","flight":"AF230"},{"day":4,"utc":"18:31:00","flight":"AF601"},{"day":4,"utc":"06:06:00","flight":"AF790"},{"day":4,"utc":"07:38:00","flight":"AF477"},{"day":5,"utc":"08:54:00","flight":"AF588"},{"day":5,"utc":"11:30:00","flight":"AF812"},{"day":5,"utc":"00:30:00","flight":"AF001"},{"day":5,"utc":"07:04:00","flight":"AF759"},{"day":5,"utc":"20:02:00","flight":"AF508"},{"day":6,"utc":"15:23:00","flight":"AF064"},{"day":6,"utc":"06:25:00","flight":"AF821"},{"day":6,"utc":"04:18:00","flight":"AF877"},{"day":6,"utc":"21:08:00","flight":"AF447"},{"day":6,"utc":"04:29:00","flight":"AF482"}],"distance":10104.869676436116}