{"id":27336,"type":"route","airline":"FR","airlineid":"airline_4296","sourceairport":"MRS","destinationairport":"BES","stops":0,"equipment":"738","schedule":[{"day":0,"utc":"05:09:00","flight":"FR121"},{"day":0,"utc":"19:18:00","flight":"FR575"},{"day":0,"utc":"01:34:00","flight":"FR664"},{"day":0,"utc":"15:34:00","flight":"FR039"},{"day":0,"utc":"10:11:00","flight":"FR617"},{"day":1,"utc":"22:31:00","flight":"FR488"},{"day":1,"utc":"04:26:00","flight":"FR752"},{"day":1,"utc":"13:15:00","flight":"FR570"},{"day":2,"utc":"19:04:00","flight":"FR902"},{"day":2,"utc":"11:09:00","flight":"FR207"},{"day":2,"utc":"11:01:00","flight":"FR598"},{"day":3,"utc":"11:10:00","flight":"FR479"},{"day":4,"utc":"11:46:00","flight":"FR702"},{"day":4,"utc":"16:17:00","flight":"FR135"},{"day":4,"utc":"09:50:00","flight":"FR268"},{"day":4,"utc":"17:47:00","flight":"FR743"},{"day":5,"utc":"17:13:00","flight":"FR158"},{"day":5,"utc":"14:54:00","flight":"FR979"},{"day":6,"utc":"05:18:00","flight":"FR257"},{"day":6,"utc":"15:20:00","flight":"FR470"},{"day":6,"utc":"05:03:00","flight":"FR612"},{"day":6,"utc":"20:53:00","flight":"FR837"},{"day":6,"utc":"07:01:00","flight":"FR618"}],"distance":929.0818921642857}