{"id":28217,"type":"route","airline":"FR","airlineid":"airline_4296","sourceairport":"WMI","destinationairport":"BRS","stops":0,"equipment":"738","schedule":[{"day":0,"utc":"08:13:00","flight":"FR169"},{"day":1,"utc":"22:27:00","flight":"FR854"},{"day":1,"utc":"07:56:00","flight":"FR578"},{"day":2,"utc":"15:56:00","flight":"FR083"},{"day":3,"utc":"09:35:00","flight":"FR876"},{"day":3,"utc":"06:09:00","flight":"FR411"},{"day":3,"utc":"03:47:00","flight":"FR772"},{"day":3,"utc":"02:29:00","flight":"FR389"},{"day":3,"utc":"03:04:00","flight":"FR993"},{"day":4,"utc":"03:33:00","flight":"FR908"},{"day":4,"utc":"02:52:00","flight":"FR622"},{"day":4,"utc":"06:06:00","flight":"FR390"},{"day":4,"utc":"15:02:00","flight":"FR490"},{"day":4,"utc":"18:06:00","flight":"FR524"},{"day":5,"utc":"20:27:00","flight":"FR660"},{"day":5,"utc":"08:06:00","flight":"FR407"},{"day":5,"utc":"19:00:00","flight":"FR470"},{"day":6,"utc":"07:20:00","flight":"FR825"}],"distance":1600.2543964282645}