{"id":59180,"type":"route","airline":"US","airlineid":"airline_5265","sourceairport":"DFW","destinationairport":"TUL","stops":0,"equipment":"M83 M80 757 738","schedule":[{"day":0,"utc":"00:45:00","flight":"US398"},{"day":0,"utc":"11:49:00","flight":"US151"},{"day":0,"utc":"11:38:00","flight":"US471"},{"day":0,"utc":"16:23:00","flight":"US799"},{"day":1,"utc":"13:14:00","flight":"US381"},{"day":1,"utc":"00:40:00","flight":"US077"},{"day":2,"utc":"15:27:00","flight":"US446"},{"day":2,"utc":"04:27:00","flight":"US712"},{"day":2,"utc":"23:23:00","flight":"US589"},{"day":2,"utc":"12:54:00","flight":"US543"},{"day":3,"utc":"07:21:00","flight":"US670"},{"day":4,"utc":"12:40:00","flight":"US657"},{"day":5,"utc":"15:32:00","flight":"US074"},{"day":6,"utc":"00:17:00","flight":"US767"}],"distance":381.91387634907755}