{"id":49354,"type":"route","airline":"SE","airlineid":"airline_5479","sourceairport":"PUJ","destinationairport":"LYS","stops":0,"equipment":"332","schedule":[{"day":0,"utc":"23:24:00","flight":"SE419"},{"day":0,"utc":"21:17:00","flight":"SE744"},{"day":0,"utc":"02:57:00","flight":"SE318"},{"day":1,"utc":"14:35:00","flight":"SE035"},{"day":1,"utc":"16:37:00","flight":"SE646"},{"day":1,"utc":"19:28:00","flight":"SE731"},{"day":2,"utc":"03:26:00","flight":"SE482"},{"day":2,"utc":"03:47:00","flight":"SE245"},{"day":3,"utc":"13:08:00","flight":"SE387"},{"day":3,"utc":"13:34:00","flight":"SE099"},{"day":4,"utc":"11:35:00","flight":"SE598"},{"day":4,"utc":"12:00:00","flight":"SE831"},{"day":5,"utc":"11:48:00","flight":"SE331"},{"day":5,"utc":"17:35:00","flight":"SE393"},{"day":5,"utc":"22:57:00","flight":"SE191"},{"day":5,"utc":"13:42:00","flight":"SE777"},{"day":5,"utc":"18:27:00","flight":"SE575"},{"day":6,"utc":"23:19:00","flight":"SE900"},{"day":6,"utc":"12:48:00","flight":"SE902"},{"day":6,"utc":"19:23:00","flight":"SE954"}],"distance":7270.986913915984}