{"title":"Oban","name":"Dunollie Castle","alt":null,"address":null,"directions":null,"phone":null,"tollfree":null,"email":null,"url":"http://www.obanargyll.com/dunollie-castle.html","hours":null,"image":null,"price":null,"content":"Ancient seat of the MacDougalls of Lorn. A small castle situated at the far end of the bay from the station - just walk in and up the hill.","geo":{"lat":56.4266,"lon":-5.4844,"accuracy":"RANGE_INTERPOLATED"},"activity":"see","type":"landmark","id":20945,"country":"United Kingdom","city":"Argyll and Bute","state":null}