{"id":5530,"type":"route","airline":"AA","airlineid":"airline_24","sourceairport":"HNL","destinationairport":"SYD","stops":0,"equipment":"763","schedule":[{"day":0,"utc":"22:16:00","flight":"AA348"},{"day":0,"utc":"15:40:00","flight":"AA753"},{"day":1,"utc":"18:14:00","flight":"AA002"},{"day":1,"utc":"07:57:00","flight":"AA279"},{"day":1,"utc":"03:19:00","flight":"AA687"},{"day":2,"utc":"03:06:00","flight":"AA829"},{"day":2,"utc":"06:24:00","flight":"AA298"},{"day":2,"utc":"01:04:00","flight":"AA653"},{"day":2,"utc":"14:17:00","flight":"AA571"},{"day":2,"utc":"09:09:00","flight":"AA017"},{"day":3,"utc":"08:30:00","flight":"AA239"},{"day":3,"utc":"05:57:00","flight":"AA982"},{"day":3,"utc":"22:09:00","flight":"AA627"},{"day":3,"utc":"03:21:00","flight":"AA578"},{"day":4,"utc":"17:31:00","flight":"AA730"},{"day":4,"utc":"04:18:00","flight":"AA893"},{"day":4,"utc":"04:13:00","flight":"AA854"},{"day":5,"utc":"11:45:00","flight":"AA506"},{"day":5,"utc":"00:35:00","flight":"AA205"},{"day":5,"utc":"02:44:00","flight":"AA440"},{"day":5,"utc":"10:59:00","flight":"AA111"},{"day":5,"utc":"16:21:00","flight":"AA673"},{"day":6,"utc":"19:39:00","flight":"AA111"},{"day":6,"utc":"08:25:00","flight":"AA257"}],"distance":8170.485015880451}