{"id":63838,"type":"route","airline":"WN","airlineid":"airline_4547","sourceairport":"HOU","destinationairport":"BWI","stops":0,"equipment":"73W","schedule":[{"day":0,"utc":"22:52:00","flight":"WN534"},{"day":0,"utc":"04:11:00","flight":"WN833"},{"day":0,"utc":"20:32:00","flight":"WN022"},{"day":1,"utc":"05:49:00","flight":"WN456"},{"day":2,"utc":"12:35:00","flight":"WN592"},{"day":2,"utc":"14:27:00","flight":"WN777"},{"day":3,"utc":"21:12:00","flight":"WN508"},{"day":4,"utc":"01:23:00","flight":"WN664"},{"day":4,"utc":"00:18:00","flight":"WN527"},{"day":4,"utc":"02:20:00","flight":"WN249"},{"day":5,"utc":"20:39:00","flight":"WN514"},{"day":5,"utc":"17:38:00","flight":"WN503"},{"day":5,"utc":"22:38:00","flight":"WN165"},{"day":5,"utc":"18:40:00","flight":"WN083"},{"day":6,"utc":"05:54:00","flight":"WN307"},{"day":6,"utc":"03:04:00","flight":"WN278"},{"day":6,"utc":"03:26:00","flight":"WN890"},{"day":6,"utc":"00:00:00","flight":"WN769"},{"day":6,"utc":"17:04:00","flight":"WN743"}],"distance":2003.3131618530347}