{"title":"Liverpool","name":"The Liverpool Philharmonic Orchestra Hall","alt":null,"address":"36 Hope Street, Liverpool L1 9BP","directions":null,"phone":"+44 151 709 3789","tollfree":null,"email":null,"url":"http://www.liverpoolphil.com/","hours":null,"image":null,"price":null,"content":"One of the world's great orchestras and one well worth listening to. Go for a pre-concert drink in the philharmonic pub over the road then sit back and let the music carry you away.","geo":{"lat":53.401694,"lon":-2.970467,"accuracy":"ROOFTOP"},"activity":"do","type":"landmark","id":15867,"country":"United Kingdom","city":"Liverpool","state":null}