{"id":10911,"type":"route","airline":"AM","airlineid":"airline_321","sourceairport":"CDG","destinationairport":"TLS","stops":0,"equipment":"320","schedule":[{"day":0,"utc":"15:52:00","flight":"AM017"},{"day":0,"utc":"14:21:00","flight":"AM467"},{"day":0,"utc":"09:36:00","flight":"AM524"},{"day":1,"utc":"00:49:00","flight":"AM868"},{"day":1,"utc":"00:22:00","flight":"AM188"},{"day":2,"utc":"12:25:00","flight":"AM532"},{"day":3,"utc":"05:04:00","flight":"AM655"},{"day":3,"utc":"16:34:00","flight":"AM616"},{"day":4,"utc":"03:30:00","flight":"AM129"},{"day":4,"utc":"05:46:00","flight":"AM377"},{"day":4,"utc":"00:05:00","flight":"AM720"},{"day":5,"utc":"13:59:00","flight":"AM655"},{"day":5,"utc":"06:17:00","flight":"AM845"},{"day":5,"utc":"06:53:00","flight":"AM042"},{"day":5,"utc":"08:03:00","flight":"AM337"},{"day":5,"utc":"13:35:00","flight":"AM191"},{"day":6,"utc":"18:17:00","flight":"AM072"},{"day":6,"utc":"19:16:00","flight":"AM787"},{"day":6,"utc":"06:05:00","flight":"AM346"}],"distance":605.5094451553542}