{"id":43132,"type":"route","airline":"NH","airlineid":"airline_324","sourceairport":"NRT","destinationairport":"HNL","stops":0,"equipment":"744 763","schedule":[{"day":0,"utc":"20:47:00","flight":"NH829"},{"day":0,"utc":"01:57:00","flight":"NH200"},{"day":0,"utc":"19:14:00","flight":"NH523"},{"day":0,"utc":"03:50:00","flight":"NH831"},{"day":1,"utc":"03:08:00","flight":"NH201"},{"day":1,"utc":"04:55:00","flight":"NH740"},{"day":1,"utc":"18:04:00","flight":"NH286"},{"day":1,"utc":"08:00:00","flight":"NH083"},{"day":2,"utc":"20:24:00","flight":"NH816"},{"day":2,"utc":"04:20:00","flight":"NH639"},{"day":3,"utc":"03:53:00","flight":"NH610"},{"day":3,"utc":"11:39:00","flight":"NH118"},{"day":3,"utc":"01:32:00","flight":"NH032"},{"day":3,"utc":"08:20:00","flight":"NH664"},{"day":4,"utc":"01:09:00","flight":"NH493"},{"day":5,"utc":"05:25:00","flight":"NH718"},{"day":6,"utc":"09:52:00","flight":"NH667"},{"day":6,"utc":"06:05:00","flight":"NH832"},{"day":6,"utc":"16:36:00","flight":"NH651"},{"day":6,"utc":"07:29:00","flight":"NH683"}],"distance":6136.136779672516}