{"id":36209,"type":"route","airline":"KL","airlineid":"airline_3090","sourceairport":"AMS","destinationairport":"DFW","stops":0,"equipment":"330","schedule":[{"day":0,"utc":"18:47:00","flight":"KL521"},{"day":0,"utc":"14:51:00","flight":"KL028"},{"day":0,"utc":"06:30:00","flight":"KL237"},{"day":0,"utc":"02:14:00","flight":"KL651"},{"day":0,"utc":"06:55:00","flight":"KL269"},{"day":1,"utc":"03:10:00","flight":"KL166"},{"day":1,"utc":"03:59:00","flight":"KL172"},{"day":1,"utc":"07:40:00","flight":"KL144"},{"day":1,"utc":"00:32:00","flight":"KL814"},{"day":2,"utc":"16:47:00","flight":"KL555"},{"day":3,"utc":"10:16:00","flight":"KL118"},{"day":3,"utc":"03:48:00","flight":"KL535"},{"day":4,"utc":"23:43:00","flight":"KL286"},{"day":4,"utc":"18:02:00","flight":"KL921"},{"day":4,"utc":"15:04:00","flight":"KL832"},{"day":4,"utc":"18:54:00","flight":"KL220"},{"day":5,"utc":"21:56:00","flight":"KL820"},{"day":5,"utc":"18:35:00","flight":"KL743"},{"day":5,"utc":"15:04:00","flight":"KL421"},{"day":5,"utc":"05:22:00","flight":"KL594"},{"day":5,"utc":"07:50:00","flight":"KL064"},{"day":6,"utc":"11:47:00","flight":"KL130"},{"day":6,"utc":"05:52:00","flight":"KL963"},{"day":6,"utc":"21:33:00","flight":"KL670"},{"day":6,"utc":"04:56:00","flight":"KL978"}],"distance":7900.101698526827}