{"id":56367,"type":"route","airline":"UA","airlineid":"airline_5209","sourceairport":"EWR","destinationairport":"ORF","stops":0,"equipment":"DH3 DH4 DH2","schedule":[{"day":0,"utc":"15:47:00","flight":"UA392"},{"day":1,"utc":"04:13:00","flight":"UA765"},{"day":1,"utc":"02:27:00","flight":"UA658"},{"day":1,"utc":"23:54:00","flight":"UA812"},{"day":2,"utc":"02:12:00","flight":"UA831"},{"day":3,"utc":"11:49:00","flight":"UA494"},{"day":3,"utc":"08:16:00","flight":"UA728"},{"day":3,"utc":"08:50:00","flight":"UA050"},{"day":3,"utc":"02:32:00","flight":"UA780"},{"day":3,"utc":"13:51:00","flight":"UA825"},{"day":4,"utc":"11:11:00","flight":"UA703"},{"day":4,"utc":"12:42:00","flight":"UA865"},{"day":5,"utc":"09:42:00","flight":"UA047"},{"day":6,"utc":"15:46:00","flight":"UA822"},{"day":6,"utc":"06:14:00","flight":"UA527"},{"day":6,"utc":"21:10:00","flight":"UA856"},{"day":6,"utc":"16:10:00","flight":"UA744"},{"day":6,"utc":"04:36:00","flight":"UA585"}],"distance":457.5345773506596}