{"id":25022,"type":"route","airline":"FL","airlineid":"airline_1316","sourceairport":"DAL","destinationairport":"MSY","stops":0,"equipment":"73W 73C","schedule":[{"day":0,"utc":"06:04:00","flight":"FL897"},{"day":0,"utc":"19:49:00","flight":"FL529"},{"day":0,"utc":"22:36:00","flight":"FL853"},{"day":0,"utc":"23:40:00","flight":"FL379"},{"day":0,"utc":"05:17:00","flight":"FL277"},{"day":1,"utc":"04:47:00","flight":"FL147"},{"day":1,"utc":"08:45:00","flight":"FL415"},{"day":2,"utc":"10:56:00","flight":"FL833"},{"day":2,"utc":"10:35:00","flight":"FL756"},{"day":2,"utc":"02:35:00","flight":"FL769"},{"day":3,"utc":"18:04:00","flight":"FL015"},{"day":4,"utc":"22:11:00","flight":"FL300"},{"day":4,"utc":"11:11:00","flight":"FL358"},{"day":4,"utc":"02:38:00","flight":"FL451"},{"day":5,"utc":"16:47:00","flight":"FL622"},{"day":6,"utc":"01:40:00","flight":"FL118"}],"distance":701.3411721218805}