{"id":25425,"type":"route","airline":"FL","airlineid":"airline_1316","sourceairport":"RDU","destinationairport":"ATL","stops":0,"equipment":"717","schedule":[{"day":0,"utc":"11:18:00","flight":"FL341"},{"day":0,"utc":"16:51:00","flight":"FL027"},{"day":1,"utc":"21:33:00","flight":"FL520"},{"day":1,"utc":"15:05:00","flight":"FL036"},{"day":2,"utc":"19:31:00","flight":"FL346"},{"day":3,"utc":"12:39:00","flight":"FL615"},{"day":3,"utc":"21:46:00","flight":"FL712"},{"day":3,"utc":"13:01:00","flight":"FL740"},{"day":3,"utc":"06:09:00","flight":"FL189"},{"day":4,"utc":"20:12:00","flight":"FL458"},{"day":4,"utc":"12:10:00","flight":"FL799"},{"day":4,"utc":"20:19:00","flight":"FL589"},{"day":4,"utc":"09:09:00","flight":"FL401"},{"day":4,"utc":"07:38:00","flight":"FL997"},{"day":5,"utc":"14:41:00","flight":"FL219"},{"day":6,"utc":"08:03:00","flight":"FL132"},{"day":6,"utc":"11:26:00","flight":"FL818"},{"day":6,"utc":"21:23:00","flight":"FL939"}],"distance":572.2485045552424}