{"id":5137,"type":"route","airline":"AA","airlineid":"airline_24","sourceairport":"DCA","destinationairport":"RSW","stops":0,"equipment":"E75 E70","schedule":[{"day":0,"utc":"12:28:00","flight":"AA051"},{"day":0,"utc":"00:27:00","flight":"AA843"},{"day":1,"utc":"06:13:00","flight":"AA766"},{"day":1,"utc":"22:40:00","flight":"AA347"},{"day":1,"utc":"16:27:00","flight":"AA994"},{"day":2,"utc":"13:34:00","flight":"AA171"},{"day":2,"utc":"00:08:00","flight":"AA308"},{"day":2,"utc":"18:30:00","flight":"AA135"},{"day":3,"utc":"20:04:00","flight":"AA045"},{"day":3,"utc":"07:29:00","flight":"AA979"},{"day":3,"utc":"10:22:00","flight":"AA166"},{"day":3,"utc":"04:23:00","flight":"AA281"},{"day":3,"utc":"13:58:00","flight":"AA452"},{"day":4,"utc":"16:40:00","flight":"AA173"},{"day":5,"utc":"17:24:00","flight":"AA004"},{"day":5,"utc":"07:17:00","flight":"AA136"},{"day":5,"utc":"02:07:00","flight":"AA142"},{"day":5,"utc":"08:04:00","flight":"AA762"},{"day":6,"utc":"22:47:00","flight":"AA640"}],"distance":1438.2640738705265}