{"id":15139,"type":"route","airline":"BE","airlineid":"airline_2421","sourceairport":"EXT","destinationairport":"MAN","stops":0,"equipment":"DH4","schedule":[{"day":0,"utc":"10:54:00","flight":"BE602"},{"day":0,"utc":"02:12:00","flight":"BE177"},{"day":0,"utc":"10:24:00","flight":"BE378"},{"day":0,"utc":"22:55:00","flight":"BE960"},{"day":0,"utc":"22:44:00","flight":"BE581"},{"day":1,"utc":"08:23:00","flight":"BE191"},{"day":1,"utc":"16:52:00","flight":"BE882"},{"day":1,"utc":"14:44:00","flight":"BE190"},{"day":2,"utc":"19:40:00","flight":"BE178"},{"day":3,"utc":"16:22:00","flight":"BE755"},{"day":3,"utc":"00:25:00","flight":"BE082"},{"day":3,"utc":"02:53:00","flight":"BE176"},{"day":3,"utc":"20:35:00","flight":"BE343"},{"day":3,"utc":"13:20:00","flight":"BE408"},{"day":4,"utc":"19:32:00","flight":"BE027"},{"day":4,"utc":"03:47:00","flight":"BE733"},{"day":4,"utc":"21:26:00","flight":"BE049"},{"day":5,"utc":"22:43:00","flight":"BE979"},{"day":5,"utc":"01:13:00","flight":"BE711"},{"day":5,"utc":"06:34:00","flight":"BE100"},{"day":5,"utc":"13:31:00","flight":"BE756"},{"day":5,"utc":"20:57:00","flight":"BE509"},{"day":6,"utc":"19:13:00","flight":"BE125"},{"day":6,"utc":"16:05:00","flight":"BE876"},{"day":6,"utc":"14:03:00","flight":"BE081"}],"distance":301.4783355805704}