{"id":24849,"type":"route","airline":"FL","airlineid":"airline_1316","sourceairport":"ABQ","destinationairport":"PDX","stops":0,"equipment":"73W","schedule":[{"day":0,"utc":"09:43:00","flight":"FL842"},{"day":0,"utc":"00:06:00","flight":"FL319"},{"day":0,"utc":"12:18:00","flight":"FL677"},{"day":0,"utc":"09:00:00","flight":"FL414"},{"day":0,"utc":"05:05:00","flight":"FL635"},{"day":1,"utc":"07:19:00","flight":"FL535"},{"day":1,"utc":"00:03:00","flight":"FL944"},{"day":1,"utc":"12:12:00","flight":"FL125"},{"day":2,"utc":"02:01:00","flight":"FL896"},{"day":2,"utc":"03:16:00","flight":"FL387"},{"day":2,"utc":"18:48:00","flight":"FL557"},{"day":2,"utc":"19:17:00","flight":"FL311"},{"day":2,"utc":"01:37:00","flight":"FL502"},{"day":3,"utc":"01:55:00","flight":"FL488"},{"day":3,"utc":"22:27:00","flight":"FL591"},{"day":3,"utc":"19:50:00","flight":"FL418"},{"day":3,"utc":"19:52:00","flight":"FL779"},{"day":4,"utc":"02:50:00","flight":"FL716"},{"day":4,"utc":"18:23:00","flight":"FL762"},{"day":5,"utc":"01:18:00","flight":"FL699"},{"day":5,"utc":"16:29:00","flight":"FL708"},{"day":5,"utc":"06:32:00","flight":"FL061"},{"day":6,"utc":"17:23:00","flight":"FL507"},{"day":6,"utc":"14:21:00","flight":"FL851"}],"distance":1786.6114247493592}