{"id":39328,"type":"route","airline":"LS","airlineid":"airline_3026","sourceairport":"GLA","destinationairport":"AGP","stops":0,"equipment":"73H 738","schedule":[{"day":0,"utc":"21:50:00","flight":"LS374"},{"day":0,"utc":"10:56:00","flight":"LS142"},{"day":0,"utc":"10:23:00","flight":"LS219"},{"day":1,"utc":"04:23:00","flight":"LS707"},{"day":2,"utc":"18:31:00","flight":"LS036"},{"day":2,"utc":"15:21:00","flight":"LS486"},{"day":2,"utc":"21:20:00","flight":"LS092"},{"day":2,"utc":"05:43:00","flight":"LS194"},{"day":3,"utc":"16:11:00","flight":"LS277"},{"day":3,"utc":"12:33:00","flight":"LS761"},{"day":3,"utc":"08:14:00","flight":"LS070"},{"day":3,"utc":"19:54:00","flight":"LS523"},{"day":3,"utc":"14:14:00","flight":"LS485"},{"day":4,"utc":"23:02:00","flight":"LS469"},{"day":4,"utc":"03:01:00","flight":"LS629"},{"day":4,"utc":"15:23:00","flight":"LS476"},{"day":4,"utc":"06:58:00","flight":"LS349"},{"day":4,"utc":"15:10:00","flight":"LS469"},{"day":5,"utc":"05:54:00","flight":"LS099"},{"day":5,"utc":"22:08:00","flight":"LS244"},{"day":6,"utc":"06:09:00","flight":"LS243"},{"day":6,"utc":"16:56:00","flight":"LS847"}],"distance":2134.619692508452}