{"id":60255,"type":"route","airline":"US","airlineid":"airline_5265","sourceairport":"RAR","destinationairport":"LAX","stops":0,"equipment":"763","schedule":[{"day":0,"utc":"12:21:00","flight":"US357"},{"day":0,"utc":"00:18:00","flight":"US665"},{"day":0,"utc":"01:48:00","flight":"US186"},{"day":0,"utc":"10:52:00","flight":"US926"},{"day":0,"utc":"17:20:00","flight":"US235"},{"day":1,"utc":"07:41:00","flight":"US404"},{"day":1,"utc":"00:21:00","flight":"US935"},{"day":1,"utc":"11:36:00","flight":"US154"},{"day":1,"utc":"21:34:00","flight":"US068"},{"day":1,"utc":"16:11:00","flight":"US268"},{"day":2,"utc":"00:07:00","flight":"US907"},{"day":2,"utc":"13:18:00","flight":"US243"},{"day":2,"utc":"17:34:00","flight":"US220"},{"day":2,"utc":"18:38:00","flight":"US973"},{"day":2,"utc":"09:04:00","flight":"US787"},{"day":3,"utc":"16:11:00","flight":"US968"},{"day":3,"utc":"05:47:00","flight":"US372"},{"day":3,"utc":"04:28:00","flight":"US711"},{"day":3,"utc":"14:34:00","flight":"US744"},{"day":4,"utc":"04:54:00","flight":"US907"},{"day":4,"utc":"18:36:00","flight":"US206"},{"day":4,"utc":"01:14:00","flight":"US947"},{"day":4,"utc":"06:55:00","flight":"US922"},{"day":4,"utc":"07:24:00","flight":"US521"},{"day":5,"utc":"19:52:00","flight":"US542"},{"day":5,"utc":"04:53:00","flight":"US048"},{"day":6,"utc":"23:05:00","flight":"US938"},{"day":6,"utc":"12:59:00","flight":"US007"},{"day":6,"utc":"11:33:00","flight":"US055"},{"day":6,"utc":"23:47:00","flight":"US880"},{"day":6,"utc":"12:04:00","flight":"US830"}],"distance":7536.226761144111}