{"title":"Downpatrick","name":"Down Cathedral","alt":null,"address":null,"directions":null,"phone":"+44 28 4461-4922","tollfree":null,"email":"info@downcathedral.org","url":"http://www.downcathedral.org/","hours":"Monday - Saturday - 9.30am to 4.00pm","image":null,"price":null,"content":"Built on the site of a former Benedictine monastery, which it encompasses, the cathedral is a central landmark in town. Its graveyard is believed to be the final resting place of Saint Patrick. There's a small souvenir shop.","geo":{"lat":54.327,"lon":-5.722,"accuracy":"APPROXIMATE"},"activity":"see","type":"landmark","id":37279,"country":"United Kingdom","city":"Downpatrick","state":null}