{"id":10012,"type":"route","airline":"AF","airlineid":"airline_137","sourceairport":"TXL","destinationairport":"CDG","stops":0,"equipment":"321 319 320 318","schedule":[{"day":0,"utc":"13:52:00","flight":"AF839"},{"day":0,"utc":"06:06:00","flight":"AF767"},{"day":0,"utc":"22:08:00","flight":"AF775"},{"day":1,"utc":"15:23:00","flight":"AF458"},{"day":1,"utc":"01:38:00","flight":"AF115"},{"day":2,"utc":"01:02:00","flight":"AF782"},{"day":2,"utc":"12:46:00","flight":"AF072"},{"day":3,"utc":"23:57:00","flight":"AF982"},{"day":3,"utc":"15:30:00","flight":"AF280"},{"day":4,"utc":"06:55:00","flight":"AF334"},{"day":5,"utc":"00:39:00","flight":"AF100"},{"day":5,"utc":"21:55:00","flight":"AF952"},{"day":5,"utc":"11:30:00","flight":"AF228"},{"day":5,"utc":"21:50:00","flight":"AF413"},{"day":5,"utc":"23:44:00","flight":"AF132"},{"day":6,"utc":"21:37:00","flight":"AF709"},{"day":6,"utc":"15:11:00","flight":"AF041"}],"distance":850.4987892267409}