{"id":21124,"type":"route","airline":"DL","airlineid":"airline_2009","sourceairport":"LGA","destinationairport":"FLL","stops":0,"equipment":"M88 738 319","schedule":[{"day":0,"utc":"19:05:00","flight":"DL028"},{"day":0,"utc":"05:17:00","flight":"DL090"},{"day":1,"utc":"06:38:00","flight":"DL414"},{"day":1,"utc":"07:21:00","flight":"DL221"},{"day":1,"utc":"00:13:00","flight":"DL561"},{"day":2,"utc":"16:55:00","flight":"DL732"},{"day":2,"utc":"00:40:00","flight":"DL388"},{"day":2,"utc":"00:56:00","flight":"DL048"},{"day":3,"utc":"10:19:00","flight":"DL352"},{"day":3,"utc":"14:25:00","flight":"DL678"},{"day":3,"utc":"20:26:00","flight":"DL446"},{"day":3,"utc":"15:18:00","flight":"DL219"},{"day":4,"utc":"15:53:00","flight":"DL713"},{"day":5,"utc":"18:47:00","flight":"DL530"},{"day":5,"utc":"23:00:00","flight":"DL114"},{"day":5,"utc":"02:13:00","flight":"DL489"},{"day":5,"utc":"21:32:00","flight":"DL218"},{"day":5,"utc":"06:44:00","flight":"DL915"},{"day":6,"utc":"21:03:00","flight":"DL553"}],"distance":1734.5783658706484}