{"id":28978,"type":"route","airline":"G4","airlineid":"airline_35","sourceairport":"GSP","destinationairport":"PIE","stops":0,"equipment":"M80 320","schedule":[{"day":0,"utc":"16:30:00","flight":"G4811"},{"day":0,"utc":"01:21:00","flight":"G4498"},{"day":0,"utc":"02:38:00","flight":"G4877"},{"day":0,"utc":"01:46:00","flight":"G4577"},{"day":0,"utc":"06:41:00","flight":"G4195"},{"day":1,"utc":"07:34:00","flight":"G4296"},{"day":1,"utc":"10:16:00","flight":"G4345"},{"day":1,"utc":"17:19:00","flight":"G4224"},{"day":1,"utc":"23:50:00","flight":"G4191"},{"day":2,"utc":"08:17:00","flight":"G4608"},{"day":2,"utc":"19:21:00","flight":"G4503"},{"day":2,"utc":"19:16:00","flight":"G4148"},{"day":3,"utc":"04:57:00","flight":"G4546"},{"day":3,"utc":"19:50:00","flight":"G4751"},{"day":3,"utc":"22:10:00","flight":"G4580"},{"day":4,"utc":"01:28:00","flight":"G4108"},{"day":4,"utc":"00:16:00","flight":"G4715"},{"day":4,"utc":"17:28:00","flight":"G4055"},{"day":4,"utc":"01:25:00","flight":"G4448"},{"day":4,"utc":"19:55:00","flight":"G4812"},{"day":5,"utc":"20:00:00","flight":"G4979"},{"day":5,"utc":"23:24:00","flight":"G4962"},{"day":5,"utc":"03:28:00","flight":"G4055"},{"day":6,"utc":"19:13:00","flight":"G4780"},{"day":6,"utc":"14:27:00","flight":"G4843"}],"distance":778.0081086735539}