{"id":37361,"type":"route","airline":"KS","airlineid":"airline_3935","sourceairport":"STG","destinationairport":"SNP","stops":0,"equipment":"SF3","schedule":[{"day":0,"utc":"04:54:00","flight":"KS401"},{"day":0,"utc":"05:31:00","flight":"KS543"},{"day":0,"utc":"14:15:00","flight":"KS746"},{"day":1,"utc":"16:17:00","flight":"KS491"},{"day":1,"utc":"07:58:00","flight":"KS096"},{"day":2,"utc":"10:56:00","flight":"KS950"},{"day":2,"utc":"15:45:00","flight":"KS151"},{"day":2,"utc":"04:57:00","flight":"KS755"},{"day":3,"utc":"01:01:00","flight":"KS429"},{"day":3,"utc":"20:19:00","flight":"KS092"},{"day":3,"utc":"14:28:00","flight":"KS028"},{"day":4,"utc":"17:29:00","flight":"KS310"},{"day":4,"utc":"09:21:00","flight":"KS381"},{"day":5,"utc":"05:44:00","flight":"KS001"},{"day":6,"utc":"00:35:00","flight":"KS516"},{"day":6,"utc":"06:04:00","flight":"KS664"}],"distance":73.8279429235788}