{"id":11316,"type":"route","airline":"AP","airlineid":"airline_240","sourceairport":"LYS","destinationairport":"CTA","stops":0,"equipment":"320","schedule":[{"day":0,"utc":"17:39:00","flight":"AP915"},{"day":0,"utc":"16:02:00","flight":"AP013"},{"day":1,"utc":"13:32:00","flight":"AP262"},{"day":2,"utc":"17:28:00","flight":"AP114"},{"day":3,"utc":"13:29:00","flight":"AP368"},{"day":3,"utc":"07:14:00","flight":"AP407"},{"day":3,"utc":"22:03:00","flight":"AP234"},{"day":4,"utc":"08:51:00","flight":"AP567"},{"day":4,"utc":"18:54:00","flight":"AP030"},{"day":5,"utc":"13:30:00","flight":"AP205"},{"day":5,"utc":"12:30:00","flight":"AP372"},{"day":5,"utc":"03:42:00","flight":"AP289"},{"day":5,"utc":"04:02:00","flight":"AP716"},{"day":6,"utc":"03:53:00","flight":"AP998"},{"day":6,"utc":"09:23:00","flight":"AP348"},{"day":6,"utc":"02:30:00","flight":"AP458"},{"day":6,"utc":"00:17:00","flight":"AP581"}],"distance":1235.6531493193133}