{"id":5567,"type":"route","airline":"AA","airlineid":"airline_24","sourceairport":"IND","destinationairport":"CLT","stops":0,"equipment":"319","schedule":[{"day":0,"utc":"21:19:00","flight":"AA287"},{"day":1,"utc":"16:31:00","flight":"AA680"},{"day":1,"utc":"01:25:00","flight":"AA873"},{"day":1,"utc":"21:43:00","flight":"AA554"},{"day":2,"utc":"23:26:00","flight":"AA392"},{"day":2,"utc":"06:23:00","flight":"AA147"},{"day":3,"utc":"10:52:00","flight":"AA973"},{"day":3,"utc":"18:57:00","flight":"AA557"},{"day":3,"utc":"18:15:00","flight":"AA388"},{"day":3,"utc":"23:04:00","flight":"AA281"},{"day":4,"utc":"20:58:00","flight":"AA344"},{"day":4,"utc":"11:08:00","flight":"AA604"},{"day":4,"utc":"03:30:00","flight":"AA854"},{"day":4,"utc":"20:12:00","flight":"AA663"},{"day":5,"utc":"13:42:00","flight":"AA803"},{"day":5,"utc":"07:41:00","flight":"AA790"},{"day":5,"utc":"16:22:00","flight":"AA014"},{"day":5,"utc":"08:39:00","flight":"AA671"},{"day":5,"utc":"06:40:00","flight":"AA132"},{"day":6,"utc":"17:09:00","flight":"AA592"},{"day":6,"utc":"15:33:00","flight":"AA304"},{"day":6,"utc":"09:46:00","flight":"AA993"}],"distance":688.0594299192716}