{"id":54862,"type":"route","airline":"U2","airlineid":"airline_2297","sourceairport":"HER","destinationairport":"LTN","stops":0,"equipment":"320","schedule":[{"day":0,"utc":"08:32:00","flight":"U2310"},{"day":0,"utc":"18:50:00","flight":"U2511"},{"day":0,"utc":"05:55:00","flight":"U2630"},{"day":0,"utc":"02:02:00","flight":"U2566"},{"day":0,"utc":"05:37:00","flight":"U2282"},{"day":1,"utc":"16:58:00","flight":"U2346"},{"day":1,"utc":"17:14:00","flight":"U2060"},{"day":1,"utc":"00:38:00","flight":"U2318"},{"day":1,"utc":"16:57:00","flight":"U2401"},{"day":2,"utc":"16:36:00","flight":"U2043"},{"day":2,"utc":"20:38:00","flight":"U2489"},{"day":2,"utc":"14:04:00","flight":"U2486"},{"day":3,"utc":"23:22:00","flight":"U2359"},{"day":3,"utc":"10:57:00","flight":"U2429"},{"day":3,"utc":"11:13:00","flight":"U2444"},{"day":3,"utc":"23:05:00","flight":"U2610"},{"day":4,"utc":"09:44:00","flight":"U2767"},{"day":4,"utc":"21:35:00","flight":"U2479"},{"day":4,"utc":"22:14:00","flight":"U2309"},{"day":5,"utc":"00:19:00","flight":"U2090"},{"day":5,"utc":"23:07:00","flight":"U2252"},{"day":5,"utc":"00:43:00","flight":"U2313"},{"day":6,"utc":"20:13:00","flight":"U2964"}],"distance":2732.8603701109287}