{"id":13844,"type":"route","airline":"B2","airlineid":"airline_1478","sourceairport":"MSQ","destinationairport":"LGW","stops":0,"equipment":"735 E75","schedule":[{"day":0,"utc":"09:41:00","flight":"B2450"},{"day":0,"utc":"18:38:00","flight":"B2995"},{"day":0,"utc":"17:00:00","flight":"B2944"},{"day":0,"utc":"01:59:00","flight":"B2319"},{"day":1,"utc":"06:48:00","flight":"B2452"},{"day":1,"utc":"17:31:00","flight":"B2051"},{"day":2,"utc":"01:53:00","flight":"B2959"},{"day":3,"utc":"15:22:00","flight":"B2626"},{"day":3,"utc":"11:08:00","flight":"B2572"},{"day":3,"utc":"09:24:00","flight":"B2182"},{"day":3,"utc":"02:45:00","flight":"B2542"},{"day":4,"utc":"14:21:00","flight":"B2920"},{"day":4,"utc":"03:13:00","flight":"B2249"},{"day":4,"utc":"02:37:00","flight":"B2794"},{"day":5,"utc":"04:25:00","flight":"B2035"},{"day":5,"utc":"06:45:00","flight":"B2459"},{"day":6,"utc":"12:16:00","flight":"B2760"},{"day":6,"utc":"02:10:00","flight":"B2697"},{"day":6,"utc":"16:04:00","flight":"B2071"}],"distance":1920.5244016854924}