{"id":13669,"type":"route","airline":"AZ","airlineid":"airline_596","sourceairport":"SJU","destinationairport":"ATL","stops":0,"equipment":"757 753","schedule":[{"day":0,"utc":"06:18:00","flight":"AZ201"},{"day":0,"utc":"00:44:00","flight":"AZ276"},{"day":1,"utc":"09:50:00","flight":"AZ371"},{"day":1,"utc":"05:20:00","flight":"AZ457"},{"day":1,"utc":"23:18:00","flight":"AZ877"},{"day":1,"utc":"19:28:00","flight":"AZ656"},{"day":1,"utc":"02:07:00","flight":"AZ119"},{"day":2,"utc":"03:05:00","flight":"AZ153"},{"day":2,"utc":"13:36:00","flight":"AZ792"},{"day":2,"utc":"06:35:00","flight":"AZ396"},{"day":2,"utc":"14:44:00","flight":"AZ478"},{"day":2,"utc":"03:05:00","flight":"AZ143"},{"day":3,"utc":"04:15:00","flight":"AZ389"},{"day":3,"utc":"17:34:00","flight":"AZ598"},{"day":4,"utc":"09:40:00","flight":"AZ488"},{"day":4,"utc":"05:22:00","flight":"AZ690"},{"day":5,"utc":"19:39:00","flight":"AZ168"},{"day":5,"utc":"16:28:00","flight":"AZ395"},{"day":5,"utc":"01:14:00","flight":"AZ877"},{"day":5,"utc":"09:30:00","flight":"AZ572"},{"day":6,"utc":"17:47:00","flight":"AZ561"},{"day":6,"utc":"00:03:00","flight":"AZ365"},{"day":6,"utc":"17:52:00","flight":"AZ211"}],"distance":2490.937524449582}