{"id":38186,"type":"route","airline":"LH","airlineid":"airline_3320","sourceairport":"EWR","destinationairport":"MAD","stops":0,"equipment":"752","schedule":[{"day":0,"utc":"15:26:00","flight":"LH291"},{"day":0,"utc":"20:05:00","flight":"LH093"},{"day":0,"utc":"20:55:00","flight":"LH214"},{"day":0,"utc":"23:42:00","flight":"LH451"},{"day":1,"utc":"03:01:00","flight":"LH260"},{"day":1,"utc":"14:17:00","flight":"LH359"},{"day":1,"utc":"06:33:00","flight":"LH153"},{"day":1,"utc":"08:59:00","flight":"LH664"},{"day":2,"utc":"09:45:00","flight":"LH873"},{"day":2,"utc":"16:40:00","flight":"LH799"},{"day":2,"utc":"03:21:00","flight":"LH941"},{"day":2,"utc":"15:40:00","flight":"LH611"},{"day":3,"utc":"21:20:00","flight":"LH064"},{"day":3,"utc":"23:24:00","flight":"LH899"},{"day":3,"utc":"07:05:00","flight":"LH126"},{"day":4,"utc":"07:49:00","flight":"LH643"},{"day":4,"utc":"16:14:00","flight":"LH348"},{"day":5,"utc":"20:29:00","flight":"LH156"},{"day":5,"utc":"02:30:00","flight":"LH665"},{"day":5,"utc":"20:01:00","flight":"LH278"},{"day":6,"utc":"08:46:00","flight":"LH198"},{"day":6,"utc":"03:39:00","flight":"LH917"},{"day":6,"utc":"02:28:00","flight":"LH126"},{"day":6,"utc":"11:21:00","flight":"LH467"}],"distance":5788.344977654525}