{"id":20298,"type":"route","airline":"DL","airlineid":"airline_2009","sourceairport":"BDL","destinationairport":"MSP","stops":0,"equipment":"319","schedule":[{"day":0,"utc":"21:34:00","flight":"DL943"},{"day":0,"utc":"10:34:00","flight":"DL031"},{"day":1,"utc":"12:54:00","flight":"DL953"},{"day":1,"utc":"05:18:00","flight":"DL998"},{"day":2,"utc":"01:15:00","flight":"DL651"},{"day":2,"utc":"17:41:00","flight":"DL902"},{"day":2,"utc":"13:58:00","flight":"DL593"},{"day":2,"utc":"16:22:00","flight":"DL988"},{"day":3,"utc":"14:32:00","flight":"DL954"},{"day":3,"utc":"17:47:00","flight":"DL546"},{"day":3,"utc":"02:16:00","flight":"DL569"},{"day":3,"utc":"18:06:00","flight":"DL568"},{"day":3,"utc":"17:55:00","flight":"DL252"},{"day":4,"utc":"02:15:00","flight":"DL006"},{"day":4,"utc":"12:41:00","flight":"DL090"},{"day":5,"utc":"06:18:00","flight":"DL419"},{"day":5,"utc":"08:39:00","flight":"DL382"},{"day":5,"utc":"04:11:00","flight":"DL816"},{"day":5,"utc":"13:55:00","flight":"DL939"},{"day":6,"utc":"09:54:00","flight":"DL168"}],"distance":1686.219563792213}