{"id":53165,"type":"route","airline":"TO","airlineid":"airline_8745","sourceairport":"JMK","destinationairport":"LGW","stops":0,"equipment":"73H","schedule":[{"day":0,"utc":"20:43:00","flight":"TO970"},{"day":0,"utc":"09:11:00","flight":"TO205"},{"day":0,"utc":"02:14:00","flight":"TO067"},{"day":1,"utc":"18:50:00","flight":"TO987"},{"day":1,"utc":"07:25:00","flight":"TO015"},{"day":1,"utc":"06:22:00","flight":"TO994"},{"day":1,"utc":"16:25:00","flight":"TO781"},{"day":2,"utc":"02:43:00","flight":"TO882"},{"day":2,"utc":"13:47:00","flight":"TO186"},{"day":2,"utc":"01:56:00","flight":"TO365"},{"day":2,"utc":"21:42:00","flight":"TO674"},{"day":3,"utc":"14:37:00","flight":"TO174"},{"day":3,"utc":"04:10:00","flight":"TO581"},{"day":3,"utc":"05:07:00","flight":"TO988"},{"day":3,"utc":"17:22:00","flight":"TO929"},{"day":4,"utc":"16:36:00","flight":"TO896"},{"day":4,"utc":"05:47:00","flight":"TO154"},{"day":5,"utc":"05:11:00","flight":"TO603"},{"day":5,"utc":"03:20:00","flight":"TO330"},{"day":6,"utc":"02:52:00","flight":"TO991"},{"day":6,"utc":"03:35:00","flight":"TO051"},{"day":6,"utc":"12:02:00","flight":"TO384"},{"day":6,"utc":"00:53:00","flight":"TO570"}],"distance":2519.3243921102685}