{"id":14544,"type":"route","airline":"BA","airlineid":"airline_1355","sourceairport":"HEL","destinationairport":"LHR","stops":0,"equipment":"320","schedule":[{"day":0,"utc":"15:23:00","flight":"BA026"},{"day":0,"utc":"21:10:00","flight":"BA281"},{"day":0,"utc":"17:02:00","flight":"BA327"},{"day":0,"utc":"05:58:00","flight":"BA999"},{"day":0,"utc":"22:41:00","flight":"BA206"},{"day":1,"utc":"09:23:00","flight":"BA564"},{"day":1,"utc":"22:37:00","flight":"BA440"},{"day":1,"utc":"23:50:00","flight":"BA659"},{"day":2,"utc":"15:47:00","flight":"BA421"},{"day":2,"utc":"06:10:00","flight":"BA317"},{"day":2,"utc":"10:54:00","flight":"BA531"},{"day":2,"utc":"03:01:00","flight":"BA564"},{"day":3,"utc":"07:12:00","flight":"BA700"},{"day":3,"utc":"05:57:00","flight":"BA960"},{"day":3,"utc":"17:39:00","flight":"BA903"},{"day":4,"utc":"02:56:00","flight":"BA074"},{"day":4,"utc":"09:10:00","flight":"BA331"},{"day":5,"utc":"15:31:00","flight":"BA774"},{"day":5,"utc":"04:16:00","flight":"BA642"},{"day":6,"utc":"04:05:00","flight":"BA057"},{"day":6,"utc":"21:42:00","flight":"BA236"},{"day":6,"utc":"12:20:00","flight":"BA614"},{"day":6,"utc":"09:16:00","flight":"BA970"}],"distance":1847.4166358220557}