{"id":11746,"type":"route","airline":"AS","airlineid":"airline_439","sourceairport":"LGB","destinationairport":"SEA","stops":0,"equipment":"CR7","schedule":[{"day":0,"utc":"06:09:00","flight":"AS298"},{"day":0,"utc":"20:07:00","flight":"AS398"},{"day":0,"utc":"03:33:00","flight":"AS433"},{"day":0,"utc":"03:52:00","flight":"AS216"},{"day":0,"utc":"01:41:00","flight":"AS936"},{"day":1,"utc":"23:54:00","flight":"AS972"},{"day":1,"utc":"02:58:00","flight":"AS192"},{"day":2,"utc":"03:56:00","flight":"AS337"},{"day":2,"utc":"12:25:00","flight":"AS093"},{"day":2,"utc":"15:15:00","flight":"AS793"},{"day":2,"utc":"12:38:00","flight":"AS425"},{"day":3,"utc":"12:32:00","flight":"AS455"},{"day":3,"utc":"15:17:00","flight":"AS650"},{"day":4,"utc":"05:20:00","flight":"AS262"},{"day":4,"utc":"18:02:00","flight":"AS262"},{"day":4,"utc":"13:38:00","flight":"AS953"},{"day":4,"utc":"23:12:00","flight":"AS922"},{"day":5,"utc":"22:30:00","flight":"AS339"},{"day":5,"utc":"21:49:00","flight":"AS584"},{"day":5,"utc":"23:29:00","flight":"AS982"},{"day":6,"utc":"20:40:00","flight":"AS748"},{"day":6,"utc":"12:43:00","flight":"AS210"}],"distance":1555.196162293681}