{"id":37336,"type":"route","airline":"KS","airlineid":"airline_3935","sourceairport":"ANC","destinationairport":"AKN","stops":0,"equipment":"SF3","schedule":[{"day":0,"utc":"17:16:00","flight":"KS461"},{"day":0,"utc":"18:38:00","flight":"KS829"},{"day":1,"utc":"06:14:00","flight":"KS319"},{"day":1,"utc":"12:47:00","flight":"KS450"},{"day":2,"utc":"19:00:00","flight":"KS543"},{"day":2,"utc":"03:43:00","flight":"KS024"},{"day":2,"utc":"05:37:00","flight":"KS980"},{"day":2,"utc":"02:07:00","flight":"KS523"},{"day":3,"utc":"20:27:00","flight":"KS296"},{"day":3,"utc":"08:27:00","flight":"KS124"},{"day":3,"utc":"19:21:00","flight":"KS827"},{"day":4,"utc":"05:18:00","flight":"KS063"},{"day":4,"utc":"19:38:00","flight":"KS093"},{"day":5,"utc":"15:29:00","flight":"KS845"},{"day":5,"utc":"01:13:00","flight":"KS263"},{"day":6,"utc":"23:47:00","flight":"KS972"}],"distance":462.84650491721726}