{"title":"Wales Coast Path","name":"Langland Bay","alt":null,"address":null,"directions":null,"phone":null,"tollfree":null,"email":null,"url":"http://www.blueflag.org/menu/awarded-sites/2012/northern-hemisphere/wales/wales/langlandbay","hours":null,"image":"https://en.wikivoyage.org/wiki/File:Langland Bay, in Winter - geograph.org.uk - 292768.jpg","price":null,"content":"Blue Flag beach","geo":{"lat":51.566907,"lon":-4.007265,"accuracy":"ROOFTOP"},"activity":"do","type":"landmark","id":40082,"country":"United Kingdom","city":"Newton","state":null,"image_direct_url":"https://upload.wikimedia.org/wikipedia/commons/4/48/Langland_Bay%2C_in_Winter_-_geograph.org.uk_-_292768.jpg"}