{"id":56737,"type":"route","airline":"UA","airlineid":"airline_5209","sourceairport":"IAH","destinationairport":"CUU","stops":0,"equipment":"ERJ","schedule":[{"day":0,"utc":"01:02:00","flight":"UA818"},{"day":0,"utc":"16:28:00","flight":"UA090"},{"day":0,"utc":"23:39:00","flight":"UA046"},{"day":0,"utc":"17:54:00","flight":"UA322"},{"day":1,"utc":"03:14:00","flight":"UA157"},{"day":1,"utc":"13:59:00","flight":"UA379"},{"day":1,"utc":"19:57:00","flight":"UA055"},{"day":2,"utc":"06:46:00","flight":"UA723"},{"day":2,"utc":"11:24:00","flight":"UA632"},{"day":2,"utc":"20:33:00","flight":"UA414"},{"day":2,"utc":"05:08:00","flight":"UA765"},{"day":2,"utc":"21:45:00","flight":"UA811"},{"day":3,"utc":"06:59:00","flight":"UA561"},{"day":3,"utc":"22:54:00","flight":"UA334"},{"day":3,"utc":"09:41:00","flight":"UA833"},{"day":3,"utc":"00:42:00","flight":"UA583"},{"day":4,"utc":"23:39:00","flight":"UA145"},{"day":4,"utc":"20:50:00","flight":"UA984"},{"day":4,"utc":"09:56:00","flight":"UA603"},{"day":4,"utc":"14:45:00","flight":"UA559"},{"day":5,"utc":"08:12:00","flight":"UA206"},{"day":5,"utc":"09:07:00","flight":"UA391"},{"day":5,"utc":"23:15:00","flight":"UA805"},{"day":6,"utc":"02:20:00","flight":"UA614"},{"day":6,"utc":"12:12:00","flight":"UA058"},{"day":6,"utc":"00:11:00","flight":"UA387"},{"day":6,"utc":"19:37:00","flight":"UA701"},{"day":6,"utc":"09:55:00","flight":"UA084"}],"distance":1039.101173954715}