{"id":24408,"type":"route","airline":"F9","airlineid":"airline_2468","sourceairport":"DEN","destinationairport":"SFO","stops":0,"equipment":"320 319","schedule":[{"day":0,"utc":"07:46:00","flight":"F9324"},{"day":0,"utc":"13:11:00","flight":"F9808"},{"day":0,"utc":"06:20:00","flight":"F9748"},{"day":0,"utc":"09:33:00","flight":"F9215"},{"day":1,"utc":"20:43:00","flight":"F9301"},{"day":1,"utc":"03:00:00","flight":"F9254"},{"day":1,"utc":"02:46:00","flight":"F9792"},{"day":2,"utc":"08:17:00","flight":"F9659"},{"day":3,"utc":"20:11:00","flight":"F9425"},{"day":3,"utc":"14:55:00","flight":"F9172"},{"day":4,"utc":"05:43:00","flight":"F9320"},{"day":4,"utc":"03:28:00","flight":"F9161"},{"day":4,"utc":"16:39:00","flight":"F9206"},{"day":5,"utc":"20:58:00","flight":"F9226"},{"day":5,"utc":"16:40:00","flight":"F9997"},{"day":5,"utc":"06:49:00","flight":"F9986"},{"day":5,"utc":"06:44:00","flight":"F9983"},{"day":5,"utc":"17:33:00","flight":"F9852"},{"day":6,"utc":"14:47:00","flight":"F9961"},{"day":6,"utc":"03:40:00","flight":"F9061"},{"day":6,"utc":"13:53:00","flight":"F9329"},{"day":6,"utc":"08:25:00","flight":"F9395"},{"day":6,"utc":"23:06:00","flight":"F9292"}],"distance":1552.750398900973}