{"id":56019,"type":"route","airline":"UA","airlineid":"airline_5209","sourceairport":"CLT","destinationairport":"IAH","stops":0,"equipment":"ERJ E70","schedule":[{"day":0,"utc":"23:01:00","flight":"UA029"},{"day":0,"utc":"17:05:00","flight":"UA579"},{"day":0,"utc":"01:59:00","flight":"UA542"},{"day":1,"utc":"03:03:00","flight":"UA500"},{"day":2,"utc":"06:57:00","flight":"UA136"},{"day":2,"utc":"23:42:00","flight":"UA359"},{"day":2,"utc":"19:53:00","flight":"UA572"},{"day":2,"utc":"04:44:00","flight":"UA376"},{"day":2,"utc":"19:30:00","flight":"UA860"},{"day":3,"utc":"00:14:00","flight":"UA607"},{"day":4,"utc":"02:06:00","flight":"UA765"},{"day":5,"utc":"07:00:00","flight":"UA700"},{"day":5,"utc":"04:45:00","flight":"UA318"},{"day":5,"utc":"22:05:00","flight":"UA199"},{"day":6,"utc":"18:32:00","flight":"UA529"},{"day":6,"utc":"22:06:00","flight":"UA851"}],"distance":1466.895239568823}