{"id":58816,"type":"route","airline":"US","airlineid":"airline_5265","sourceairport":"CLT","destinationairport":"LIR","stops":0,"equipment":"320","schedule":[{"day":0,"utc":"23:06:00","flight":"US373"},{"day":0,"utc":"15:25:00","flight":"US880"},{"day":1,"utc":"00:06:00","flight":"US395"},{"day":1,"utc":"12:37:00","flight":"US742"},{"day":1,"utc":"00:50:00","flight":"US611"},{"day":1,"utc":"08:34:00","flight":"US203"},{"day":1,"utc":"07:37:00","flight":"US237"},{"day":2,"utc":"02:18:00","flight":"US673"},{"day":2,"utc":"20:46:00","flight":"US933"},{"day":3,"utc":"06:14:00","flight":"US543"},{"day":4,"utc":"07:02:00","flight":"US719"},{"day":4,"utc":"03:59:00","flight":"US557"},{"day":4,"utc":"10:31:00","flight":"US333"},{"day":5,"utc":"21:01:00","flight":"US762"},{"day":5,"utc":"00:28:00","flight":"US175"},{"day":5,"utc":"21:42:00","flight":"US005"},{"day":5,"utc":"17:51:00","flight":"US881"},{"day":5,"utc":"16:23:00","flight":"US790"},{"day":6,"utc":"09:07:00","flight":"US266"},{"day":6,"utc":"20:18:00","flight":"US500"},{"day":6,"utc":"03:52:00","flight":"US001"},{"day":6,"utc":"06:29:00","flight":"US522"}],"distance":2777.01441137131}