{"id":51676,"type":"route","airline":"SY","airlineid":"airline_4356","sourceairport":"LAN","destinationairport":"MSP","stops":0,"equipment":"73G","schedule":[{"day":0,"utc":"13:14:00","flight":"SY751"},{"day":1,"utc":"10:17:00","flight":"SY280"},{"day":1,"utc":"13:36:00","flight":"SY309"},{"day":1,"utc":"18:07:00","flight":"SY828"},{"day":1,"utc":"14:41:00","flight":"SY367"},{"day":1,"utc":"22:15:00","flight":"SY123"},{"day":2,"utc":"00:32:00","flight":"SY455"},{"day":2,"utc":"07:57:00","flight":"SY955"},{"day":2,"utc":"08:13:00","flight":"SY293"},{"day":2,"utc":"04:48:00","flight":"SY639"},{"day":3,"utc":"16:53:00","flight":"SY145"},{"day":3,"utc":"18:45:00","flight":"SY054"},{"day":3,"utc":"07:33:00","flight":"SY214"},{"day":3,"utc":"08:10:00","flight":"SY946"},{"day":3,"utc":"23:45:00","flight":"SY295"},{"day":4,"utc":"17:13:00","flight":"SY934"},{"day":4,"utc":"14:09:00","flight":"SY028"},{"day":4,"utc":"18:10:00","flight":"SY278"},{"day":4,"utc":"20:39:00","flight":"SY033"},{"day":4,"utc":"08:08:00","flight":"SY031"},{"day":5,"utc":"10:37:00","flight":"SY279"},{"day":5,"utc":"11:01:00","flight":"SY166"},{"day":5,"utc":"05:40:00","flight":"SY054"},{"day":5,"utc":"04:51:00","flight":"SY086"},{"day":5,"utc":"05:01:00","flight":"SY889"},{"day":6,"utc":"11:30:00","flight":"SY868"},{"day":6,"utc":"06:59:00","flight":"SY233"},{"day":6,"utc":"16:36:00","flight":"SY367"}],"distance":730.5947465519436}