{"id":39282,"type":"route","airline":"LS","airlineid":"airline_3026","sourceairport":"EDI","destinationairport":"DBV","stops":0,"equipment":"733","schedule":[{"day":0,"utc":"23:42:00","flight":"LS982"},{"day":0,"utc":"02:39:00","flight":"LS175"},{"day":1,"utc":"06:04:00","flight":"LS207"},{"day":1,"utc":"13:17:00","flight":"LS341"},{"day":1,"utc":"21:35:00","flight":"LS324"},{"day":1,"utc":"16:31:00","flight":"LS077"},{"day":2,"utc":"00:21:00","flight":"LS490"},{"day":2,"utc":"10:06:00","flight":"LS220"},{"day":3,"utc":"14:41:00","flight":"LS284"},{"day":3,"utc":"18:11:00","flight":"LS006"},{"day":3,"utc":"20:16:00","flight":"LS501"},{"day":4,"utc":"08:26:00","flight":"LS829"},{"day":4,"utc":"06:53:00","flight":"LS303"},{"day":5,"utc":"16:58:00","flight":"LS749"},{"day":6,"utc":"03:02:00","flight":"LS960"},{"day":6,"utc":"20:22:00","flight":"LS870"},{"day":6,"utc":"15:15:00","flight":"LS231"},{"day":6,"utc":"05:28:00","flight":"LS354"}],"distance":2146.9868006803686}