{"id":53427,"type":"route","airline":"TO","airlineid":"airline_8745","sourceairport":"SSH","destinationairport":"LTN","stops":0,"equipment":"73H","schedule":[{"day":0,"utc":"18:55:00","flight":"TO975"},{"day":0,"utc":"05:07:00","flight":"TO385"},{"day":0,"utc":"01:08:00","flight":"TO323"},{"day":0,"utc":"15:10:00","flight":"TO736"},{"day":1,"utc":"10:59:00","flight":"TO306"},{"day":1,"utc":"13:55:00","flight":"TO946"},{"day":1,"utc":"18:48:00","flight":"TO832"},{"day":1,"utc":"13:02:00","flight":"TO981"},{"day":1,"utc":"11:21:00","flight":"TO473"},{"day":2,"utc":"04:53:00","flight":"TO332"},{"day":2,"utc":"10:28:00","flight":"TO357"},{"day":3,"utc":"06:45:00","flight":"TO056"},{"day":3,"utc":"21:21:00","flight":"TO971"},{"day":3,"utc":"19:02:00","flight":"TO159"},{"day":3,"utc":"19:07:00","flight":"TO763"},{"day":4,"utc":"20:28:00","flight":"TO202"},{"day":4,"utc":"22:02:00","flight":"TO365"},{"day":4,"utc":"20:43:00","flight":"TO229"},{"day":4,"utc":"13:59:00","flight":"TO505"},{"day":5,"utc":"00:42:00","flight":"TO939"},{"day":6,"utc":"12:06:00","flight":"TO461"}],"distance":3916.137585682909}