{"id":54161,"type":"route","airline":"TU","airlineid":"airline_4870","sourceairport":"MRS","destinationairport":"DJE","stops":0,"equipment":"736","schedule":[{"day":0,"utc":"10:37:00","flight":"TU429"},{"day":0,"utc":"19:17:00","flight":"TU162"},{"day":1,"utc":"11:42:00","flight":"TU203"},{"day":1,"utc":"03:44:00","flight":"TU786"},{"day":2,"utc":"19:47:00","flight":"TU494"},{"day":2,"utc":"14:17:00","flight":"TU472"},{"day":2,"utc":"03:14:00","flight":"TU277"},{"day":2,"utc":"03:49:00","flight":"TU771"},{"day":2,"utc":"07:54:00","flight":"TU768"},{"day":3,"utc":"08:26:00","flight":"TU528"},{"day":3,"utc":"02:39:00","flight":"TU674"},{"day":3,"utc":"19:09:00","flight":"TU584"},{"day":3,"utc":"06:02:00","flight":"TU245"},{"day":4,"utc":"02:10:00","flight":"TU830"},{"day":5,"utc":"13:19:00","flight":"TU514"},{"day":5,"utc":"10:09:00","flight":"TU163"},{"day":5,"utc":"21:20:00","flight":"TU004"},{"day":5,"utc":"06:36:00","flight":"TU074"},{"day":5,"utc":"00:28:00","flight":"TU564"},{"day":6,"utc":"00:39:00","flight":"TU359"},{"day":6,"utc":"22:49:00","flight":"TU465"},{"day":6,"utc":"04:37:00","flight":"TU008"}],"distance":1166.935061776905}