{"id":25537,"type":"route","airline":"FL","airlineid":"airline_1316","sourceairport":"STL","destinationairport":"RDU","stops":0,"equipment":"73W","schedule":[{"day":0,"utc":"06:28:00","flight":"FL606"},{"day":1,"utc":"10:02:00","flight":"FL703"},{"day":2,"utc":"20:45:00","flight":"FL991"},{"day":2,"utc":"15:20:00","flight":"FL435"},{"day":2,"utc":"04:53:00","flight":"FL077"},{"day":2,"utc":"04:17:00","flight":"FL361"},{"day":3,"utc":"00:21:00","flight":"FL913"},{"day":3,"utc":"03:55:00","flight":"FL312"},{"day":3,"utc":"16:42:00","flight":"FL339"},{"day":3,"utc":"00:38:00","flight":"FL952"},{"day":3,"utc":"12:48:00","flight":"FL998"},{"day":4,"utc":"23:33:00","flight":"FL302"},{"day":4,"utc":"13:22:00","flight":"FL030"},{"day":4,"utc":"02:36:00","flight":"FL889"},{"day":5,"utc":"05:14:00","flight":"FL275"},{"day":5,"utc":"01:16:00","flight":"FL379"},{"day":5,"utc":"09:44:00","flight":"FL114"},{"day":5,"utc":"19:52:00","flight":"FL532"},{"day":5,"utc":"14:02:00","flight":"FL313"},{"day":6,"utc":"03:15:00","flight":"FL587"}],"distance":1072.0300331138576}