{"title":"San Diego/Balboa Park-Hillcrest","name":"San Diego Art Institute","alt":null,"address":"1439 El Prado","directions":null,"phone":"+1 619 236-0011","tollfree":null,"email":null,"url":"http://www.sandiego-art.org/","hours":"Tu-Sa 10AM-4PM, Su Noon-4PM","image":null,"price":"$3 adults, $2 seniors/military/students, free for children 12 and under","content":"A large gallery with changing exhibitions of San Diego artists.","geo":{"lat":32.73126,"lon":-117.15112,"accuracy":"RANGE_INTERPOLATED"},"activity":"see","type":"landmark","id":25090,"country":"United States","city":"San Diego","state":"California"}