{"id":29113,"type":"route","airline":"G4","airlineid":"airline_35","sourceairport":"PIE","destinationairport":"FSD","stops":0,"equipment":"320","schedule":[{"day":0,"utc":"22:50:00","flight":"G4272"},{"day":0,"utc":"06:41:00","flight":"G4866"},{"day":0,"utc":"02:45:00","flight":"G4801"},{"day":0,"utc":"22:49:00","flight":"G4273"},{"day":1,"utc":"11:40:00","flight":"G4761"},{"day":2,"utc":"03:31:00","flight":"G4847"},{"day":3,"utc":"17:21:00","flight":"G4727"},{"day":3,"utc":"08:39:00","flight":"G4636"},{"day":3,"utc":"05:34:00","flight":"G4386"},{"day":4,"utc":"08:00:00","flight":"G4307"},{"day":5,"utc":"20:10:00","flight":"G4345"},{"day":5,"utc":"07:50:00","flight":"G4325"},{"day":5,"utc":"21:22:00","flight":"G4321"},{"day":5,"utc":"09:43:00","flight":"G4445"},{"day":6,"utc":"17:23:00","flight":"G4979"},{"day":6,"utc":"10:36:00","flight":"G4279"},{"day":6,"utc":"15:17:00","flight":"G4014"},{"day":6,"utc":"19:26:00","flight":"G4129"},{"day":6,"utc":"21:07:00","flight":"G4542"}],"distance":2148.731927844394}