{"id":58787,"type":"route","airline":"US","airlineid":"airline_5265","sourceairport":"CLT","destinationairport":"FAY","stops":0,"equipment":"CRJ","schedule":[{"day":0,"utc":"06:21:00","flight":"US781"},{"day":1,"utc":"22:15:00","flight":"US259"},{"day":2,"utc":"04:45:00","flight":"US904"},{"day":2,"utc":"04:18:00","flight":"US152"},{"day":2,"utc":"07:58:00","flight":"US121"},{"day":2,"utc":"05:04:00","flight":"US224"},{"day":3,"utc":"17:41:00","flight":"US844"},{"day":3,"utc":"07:50:00","flight":"US502"},{"day":3,"utc":"20:19:00","flight":"US637"},{"day":3,"utc":"09:56:00","flight":"US363"},{"day":3,"utc":"10:18:00","flight":"US306"},{"day":4,"utc":"19:13:00","flight":"US724"},{"day":4,"utc":"07:19:00","flight":"US240"},{"day":4,"utc":"01:18:00","flight":"US739"},{"day":4,"utc":"17:45:00","flight":"US729"},{"day":5,"utc":"00:25:00","flight":"US289"},{"day":6,"utc":"14:28:00","flight":"US128"},{"day":6,"utc":"21:51:00","flight":"US692"},{"day":6,"utc":"06:43:00","flight":"US884"},{"day":6,"utc":"09:26:00","flight":"US760"},{"day":6,"utc":"06:46:00","flight":"US227"}],"distance":189.28356757759204}