{"id":13147,"type":"route","airline":"AZ","airlineid":"airline_596","sourceairport":"CDG","destinationairport":"DKR","stops":0,"equipment":"77W","schedule":[{"day":0,"utc":"11:53:00","flight":"AZ241"},{"day":0,"utc":"07:39:00","flight":"AZ262"},{"day":0,"utc":"08:20:00","flight":"AZ670"},{"day":1,"utc":"14:19:00","flight":"AZ623"},{"day":1,"utc":"21:38:00","flight":"AZ427"},{"day":1,"utc":"10:13:00","flight":"AZ776"},{"day":1,"utc":"16:07:00","flight":"AZ728"},{"day":2,"utc":"16:25:00","flight":"AZ841"},{"day":3,"utc":"21:43:00","flight":"AZ520"},{"day":3,"utc":"07:41:00","flight":"AZ379"},{"day":3,"utc":"13:15:00","flight":"AZ072"},{"day":4,"utc":"08:00:00","flight":"AZ306"},{"day":4,"utc":"22:57:00","flight":"AZ891"},{"day":4,"utc":"12:07:00","flight":"AZ237"},{"day":4,"utc":"07:39:00","flight":"AZ915"},{"day":5,"utc":"08:53:00","flight":"AZ122"},{"day":5,"utc":"13:51:00","flight":"AZ977"},{"day":5,"utc":"14:28:00","flight":"AZ007"},{"day":5,"utc":"10:35:00","flight":"AZ352"},{"day":5,"utc":"08:39:00","flight":"AZ805"},{"day":6,"utc":"03:16:00","flight":"AZ002"},{"day":6,"utc":"06:42:00","flight":"AZ530"},{"day":6,"utc":"01:56:00","flight":"AZ128"}],"distance":4225.960872442703}