{"id":54423,"type":"route","airline":"U2","airlineid":"airline_2297","sourceairport":"AMS","destinationairport":"BOD","stops":0,"equipment":"319","schedule":[{"day":0,"utc":"11:40:00","flight":"U2803"},{"day":0,"utc":"12:13:00","flight":"U2090"},{"day":0,"utc":"09:02:00","flight":"U2989"},{"day":0,"utc":"20:23:00","flight":"U2231"},{"day":1,"utc":"15:35:00","flight":"U2990"},{"day":1,"utc":"19:29:00","flight":"U2563"},{"day":1,"utc":"14:29:00","flight":"U2135"},{"day":2,"utc":"08:33:00","flight":"U2493"},{"day":2,"utc":"19:00:00","flight":"U2144"},{"day":2,"utc":"23:43:00","flight":"U2211"},{"day":3,"utc":"15:14:00","flight":"U2154"},{"day":4,"utc":"01:27:00","flight":"U2680"},{"day":5,"utc":"12:53:00","flight":"U2792"},{"day":5,"utc":"12:35:00","flight":"U2913"},{"day":5,"utc":"22:11:00","flight":"U2431"},{"day":5,"utc":"05:23:00","flight":"U2332"},{"day":5,"utc":"11:05:00","flight":"U2056"},{"day":6,"utc":"10:47:00","flight":"U2330"},{"day":6,"utc":"06:18:00","flight":"U2462"},{"day":6,"utc":"08:05:00","flight":"U2361"},{"day":6,"utc":"00:22:00","flight":"U2858"}],"distance":923.6896874613947}