{"id":5930,"type":"route","airline":"AA","airlineid":"airline_24","sourceairport":"MAD","destinationairport":"LAX","stops":0,"equipment":"340","schedule":[{"day":0,"utc":"20:55:00","flight":"AA821"},{"day":0,"utc":"21:00:00","flight":"AA647"},{"day":1,"utc":"21:03:00","flight":"AA712"},{"day":1,"utc":"11:22:00","flight":"AA636"},{"day":2,"utc":"05:20:00","flight":"AA984"},{"day":3,"utc":"10:18:00","flight":"AA384"},{"day":3,"utc":"16:43:00","flight":"AA186"},{"day":3,"utc":"04:47:00","flight":"AA218"},{"day":4,"utc":"05:56:00","flight":"AA732"},{"day":4,"utc":"06:34:00","flight":"AA067"},{"day":4,"utc":"19:25:00","flight":"AA718"},{"day":4,"utc":"19:44:00","flight":"AA835"},{"day":5,"utc":"10:27:00","flight":"AA886"},{"day":5,"utc":"13:39:00","flight":"AA058"},{"day":5,"utc":"21:17:00","flight":"AA353"},{"day":5,"utc":"10:55:00","flight":"AA702"},{"day":6,"utc":"20:15:00","flight":"AA960"},{"day":6,"utc":"06:26:00","flight":"AA969"}],"distance":9385.145372296232}