{"id":15705,"type":"route","airline":"BR","airlineid":"airline_2091","sourceairport":"TPE","destinationairport":"SFO","stops":0,"equipment":"77W","schedule":[{"day":0,"utc":"18:02:00","flight":"BR890"},{"day":1,"utc":"02:52:00","flight":"BR468"},{"day":1,"utc":"15:26:00","flight":"BR963"},{"day":1,"utc":"22:31:00","flight":"BR853"},{"day":1,"utc":"01:17:00","flight":"BR437"},{"day":2,"utc":"08:50:00","flight":"BR742"},{"day":2,"utc":"23:53:00","flight":"BR772"},{"day":2,"utc":"01:01:00","flight":"BR538"},{"day":3,"utc":"05:51:00","flight":"BR717"},{"day":3,"utc":"04:37:00","flight":"BR821"},{"day":3,"utc":"02:58:00","flight":"BR614"},{"day":3,"utc":"16:22:00","flight":"BR555"},{"day":3,"utc":"08:21:00","flight":"BR425"},{"day":4,"utc":"09:19:00","flight":"BR096"},{"day":4,"utc":"18:53:00","flight":"BR648"},{"day":4,"utc":"00:16:00","flight":"BR072"},{"day":4,"utc":"17:22:00","flight":"BR918"},{"day":4,"utc":"04:58:00","flight":"BR776"},{"day":5,"utc":"09:36:00","flight":"BR553"},{"day":5,"utc":"06:05:00","flight":"BR802"},{"day":5,"utc":"04:49:00","flight":"BR484"},{"day":6,"utc":"06:57:00","flight":"BR742"},{"day":6,"utc":"03:34:00","flight":"BR285"},{"day":6,"utc":"09:52:00","flight":"BR026"},{"day":6,"utc":"06:14:00","flight":"BR981"}],"distance":10391.208736055762}