{"id":61782,"type":"route","airline":"VS","airlineid":"airline_5347","sourceairport":"LHR","destinationairport":"NRT","stops":0,"equipment":"346 343","schedule":[{"day":0,"utc":"08:06:00","flight":"VS858"},{"day":0,"utc":"14:53:00","flight":"VS710"},{"day":0,"utc":"11:09:00","flight":"VS497"},{"day":1,"utc":"03:03:00","flight":"VS775"},{"day":1,"utc":"12:09:00","flight":"VS653"},{"day":1,"utc":"20:21:00","flight":"VS795"},{"day":1,"utc":"08:17:00","flight":"VS255"},{"day":1,"utc":"16:53:00","flight":"VS365"},{"day":2,"utc":"20:37:00","flight":"VS137"},{"day":2,"utc":"02:39:00","flight":"VS481"},{"day":2,"utc":"19:22:00","flight":"VS106"},{"day":2,"utc":"06:15:00","flight":"VS316"},{"day":3,"utc":"13:14:00","flight":"VS834"},{"day":3,"utc":"05:13:00","flight":"VS120"},{"day":3,"utc":"08:53:00","flight":"VS275"},{"day":3,"utc":"07:35:00","flight":"VS949"},{"day":3,"utc":"14:50:00","flight":"VS288"},{"day":4,"utc":"10:27:00","flight":"VS603"},{"day":4,"utc":"04:09:00","flight":"VS801"},{"day":4,"utc":"07:39:00","flight":"VS207"},{"day":4,"utc":"03:22:00","flight":"VS956"},{"day":4,"utc":"02:10:00","flight":"VS096"},{"day":5,"utc":"11:38:00","flight":"VS893"},{"day":5,"utc":"01:24:00","flight":"VS547"},{"day":5,"utc":"07:16:00","flight":"VS278"},{"day":5,"utc":"16:23:00","flight":"VS079"},{"day":5,"utc":"07:29:00","flight":"VS737"},{"day":6,"utc":"00:54:00","flight":"VS997"},{"day":6,"utc":"10:33:00","flight":"VS206"},{"day":6,"utc":"05:30:00","flight":"VS835"},{"day":6,"utc":"23:39:00","flight":"VS775"},{"day":6,"utc":"12:38:00","flight":"VS975"}],"distance":9590.857331159774}