{"id":53562,"type":"route","airline":"TOM","airlineid":"airline_5013","sourceairport":"MAN","destinationairport":"SSH","stops":0,"equipment":"73H","schedule":[{"day":0,"utc":"21:59:00","flight":"TOM233"},{"day":0,"utc":"18:48:00","flight":"TOM903"},{"day":0,"utc":"01:22:00","flight":"TOM819"},{"day":0,"utc":"04:59:00","flight":"TOM691"},{"day":0,"utc":"10:03:00","flight":"TOM270"},{"day":1,"utc":"10:39:00","flight":"TOM513"},{"day":2,"utc":"22:18:00","flight":"TOM357"},{"day":3,"utc":"16:22:00","flight":"TOM737"},{"day":3,"utc":"06:47:00","flight":"TOM523"},{"day":3,"utc":"02:50:00","flight":"TOM949"},{"day":3,"utc":"19:07:00","flight":"TOM664"},{"day":3,"utc":"01:14:00","flight":"TOM488"},{"day":4,"utc":"12:23:00","flight":"TOM373"},{"day":4,"utc":"18:11:00","flight":"TOM171"},{"day":4,"utc":"15:25:00","flight":"TOM834"},{"day":5,"utc":"01:10:00","flight":"TOM305"},{"day":5,"utc":"00:42:00","flight":"TOM405"},{"day":6,"utc":"09:35:00","flight":"TOM900"},{"day":6,"utc":"14:00:00","flight":"TOM450"},{"day":6,"utc":"12:51:00","flight":"TOM332"},{"day":6,"utc":"20:50:00","flight":"TOM172"},{"day":6,"utc":"08:39:00","flight":"TOM759"}],"distance":4108.339850135583}