{"id":47258,"type":"route","airline":"QH","airlineid":"airline_882","sourceairport":"URC","destinationairport":"FRU","stops":0,"equipment":"735","schedule":[{"day":0,"utc":"07:30:00","flight":"QH059"},{"day":0,"utc":"02:44:00","flight":"QH029"},{"day":1,"utc":"02:37:00","flight":"QH630"},{"day":1,"utc":"06:29:00","flight":"QH884"},{"day":1,"utc":"02:48:00","flight":"QH662"},{"day":1,"utc":"04:16:00","flight":"QH912"},{"day":2,"utc":"22:48:00","flight":"QH826"},{"day":2,"utc":"04:20:00","flight":"QH509"},{"day":2,"utc":"00:47:00","flight":"QH052"},{"day":2,"utc":"10:42:00","flight":"QH417"},{"day":2,"utc":"19:33:00","flight":"QH925"},{"day":3,"utc":"00:18:00","flight":"QH535"},{"day":3,"utc":"14:15:00","flight":"QH396"},{"day":4,"utc":"18:27:00","flight":"QH618"},{"day":5,"utc":"04:41:00","flight":"QH286"},{"day":5,"utc":"00:01:00","flight":"QH990"},{"day":5,"utc":"13:01:00","flight":"QH876"},{"day":5,"utc":"12:10:00","flight":"QH167"},{"day":6,"utc":"03:12:00","flight":"QH279"},{"day":6,"utc":"13:40:00","flight":"QH216"}],"distance":1051.6717398984028}