{"id":59991,"type":"route","airline":"US","airlineid":"airline_5265","sourceairport":"ORF","destinationairport":"JFK","stops":0,"equipment":"ER4","schedule":[{"day":0,"utc":"19:21:00","flight":"US901"},{"day":1,"utc":"19:12:00","flight":"US649"},{"day":1,"utc":"19:17:00","flight":"US547"},{"day":2,"utc":"07:57:00","flight":"US625"},{"day":2,"utc":"13:27:00","flight":"US017"},{"day":2,"utc":"21:17:00","flight":"US302"},{"day":2,"utc":"03:30:00","flight":"US002"},{"day":2,"utc":"05:31:00","flight":"US653"},{"day":3,"utc":"08:12:00","flight":"US294"},{"day":4,"utc":"01:00:00","flight":"US133"},{"day":4,"utc":"07:29:00","flight":"US465"},{"day":4,"utc":"02:11:00","flight":"US571"},{"day":4,"utc":"20:59:00","flight":"US700"},{"day":4,"utc":"04:58:00","flight":"US754"},{"day":5,"utc":"01:54:00","flight":"US675"},{"day":5,"utc":"20:17:00","flight":"US958"},{"day":6,"utc":"03:11:00","flight":"US086"},{"day":6,"utc":"07:12:00","flight":"US168"},{"day":6,"utc":"04:46:00","flight":"US622"},{"day":6,"utc":"10:39:00","flight":"US380"},{"day":6,"utc":"00:51:00","flight":"US583"}],"distance":466.3452478342713}