{"id":21489,"type":"route","airline":"DL","airlineid":"airline_2009","sourceairport":"NAS","destinationairport":"DTW","stops":0,"equipment":"M88","schedule":[{"day":0,"utc":"09:04:00","flight":"DL446"},{"day":1,"utc":"16:25:00","flight":"DL785"},{"day":2,"utc":"21:03:00","flight":"DL724"},{"day":2,"utc":"09:55:00","flight":"DL740"},{"day":3,"utc":"08:26:00","flight":"DL237"},{"day":3,"utc":"10:34:00","flight":"DL017"},{"day":4,"utc":"09:45:00","flight":"DL915"},{"day":4,"utc":"03:09:00","flight":"DL590"},{"day":4,"utc":"12:39:00","flight":"DL071"},{"day":4,"utc":"08:16:00","flight":"DL144"},{"day":4,"utc":"14:02:00","flight":"DL638"},{"day":5,"utc":"14:08:00","flight":"DL703"},{"day":5,"utc":"11:34:00","flight":"DL647"},{"day":5,"utc":"07:12:00","flight":"DL273"},{"day":6,"utc":"14:06:00","flight":"DL826"},{"day":6,"utc":"05:40:00","flight":"DL818"},{"day":6,"utc":"21:26:00","flight":"DL562"},{"day":6,"utc":"14:28:00","flight":"DL429"}],"distance":1984.5467520122345}