{"id":14401,"type":"route","airline":"BA","airlineid":"airline_1355","sourceairport":"AGP","destinationairport":"LCY","stops":0,"equipment":"E90","schedule":[{"day":0,"utc":"22:18:00","flight":"BA402"},{"day":0,"utc":"22:56:00","flight":"BA730"},{"day":0,"utc":"22:19:00","flight":"BA019"},{"day":1,"utc":"06:09:00","flight":"BA904"},{"day":1,"utc":"13:52:00","flight":"BA409"},{"day":1,"utc":"02:23:00","flight":"BA782"},{"day":1,"utc":"17:42:00","flight":"BA122"},{"day":1,"utc":"15:02:00","flight":"BA410"},{"day":2,"utc":"01:12:00","flight":"BA745"},{"day":2,"utc":"07:31:00","flight":"BA507"},{"day":3,"utc":"05:45:00","flight":"BA132"},{"day":4,"utc":"12:49:00","flight":"BA819"},{"day":4,"utc":"05:52:00","flight":"BA648"},{"day":4,"utc":"20:00:00","flight":"BA194"},{"day":5,"utc":"02:56:00","flight":"BA820"},{"day":5,"utc":"00:15:00","flight":"BA625"},{"day":5,"utc":"08:40:00","flight":"BA512"},{"day":5,"utc":"05:18:00","flight":"BA565"},{"day":6,"utc":"10:24:00","flight":"BA526"}],"distance":1687.8532954826824}