{"id":43061,"type":"route","airline":"NH","airlineid":"airline_324","sourceairport":"LIS","destinationairport":"LHR","stops":0,"equipment":"320 321 319","schedule":[{"day":0,"utc":"00:02:00","flight":"NH925"},{"day":0,"utc":"11:29:00","flight":"NH434"},{"day":0,"utc":"05:43:00","flight":"NH791"},{"day":0,"utc":"13:40:00","flight":"NH020"},{"day":1,"utc":"05:06:00","flight":"NH501"},{"day":1,"utc":"22:23:00","flight":"NH090"},{"day":2,"utc":"15:48:00","flight":"NH315"},{"day":2,"utc":"15:16:00","flight":"NH432"},{"day":2,"utc":"04:21:00","flight":"NH768"},{"day":3,"utc":"03:42:00","flight":"NH495"},{"day":3,"utc":"08:00:00","flight":"NH121"},{"day":3,"utc":"16:18:00","flight":"NH090"},{"day":3,"utc":"21:36:00","flight":"NH328"},{"day":3,"utc":"14:03:00","flight":"NH102"},{"day":4,"utc":"12:03:00","flight":"NH849"},{"day":4,"utc":"14:28:00","flight":"NH936"},{"day":4,"utc":"17:00:00","flight":"NH847"},{"day":4,"utc":"21:18:00","flight":"NH719"},{"day":5,"utc":"09:45:00","flight":"NH765"},{"day":5,"utc":"15:38:00","flight":"NH202"},{"day":5,"utc":"02:53:00","flight":"NH716"},{"day":6,"utc":"05:55:00","flight":"NH723"}],"distance":1564.6194724910558}