{"id":14840,"type":"route","airline":"BA","airlineid":"airline_1355","sourceairport":"MXP","destinationairport":"LHR","stops":0,"equipment":"319 320 321","schedule":[{"day":0,"utc":"08:11:00","flight":"BA783"},{"day":1,"utc":"04:11:00","flight":"BA170"},{"day":2,"utc":"17:12:00","flight":"BA760"},{"day":2,"utc":"15:56:00","flight":"BA354"},{"day":2,"utc":"11:31:00","flight":"BA297"},{"day":2,"utc":"19:22:00","flight":"BA667"},{"day":2,"utc":"11:32:00","flight":"BA519"},{"day":3,"utc":"16:20:00","flight":"BA674"},{"day":4,"utc":"12:48:00","flight":"BA342"},{"day":4,"utc":"14:37:00","flight":"BA240"},{"day":5,"utc":"02:29:00","flight":"BA372"},{"day":5,"utc":"16:32:00","flight":"BA934"},{"day":5,"utc":"11:29:00","flight":"BA211"},{"day":5,"utc":"10:42:00","flight":"BA111"},{"day":6,"utc":"08:06:00","flight":"BA244"},{"day":6,"utc":"01:16:00","flight":"BA144"},{"day":6,"utc":"20:39:00","flight":"BA978"},{"day":6,"utc":"15:21:00","flight":"BA696"},{"day":6,"utc":"21:13:00","flight":"BA801"}],"distance":936.8430962666731}