{"id":53309,"type":"route","airline":"TO","airlineid":"airline_8745","sourceairport":"NAP","destinationairport":"MAN","stops":0,"equipment":"73H","schedule":[{"day":0,"utc":"09:26:00","flight":"TO341"},{"day":0,"utc":"03:37:00","flight":"TO741"},{"day":0,"utc":"15:58:00","flight":"TO660"},{"day":1,"utc":"13:34:00","flight":"TO935"},{"day":1,"utc":"16:04:00","flight":"TO971"},{"day":1,"utc":"01:32:00","flight":"TO955"},{"day":2,"utc":"20:38:00","flight":"TO808"},{"day":3,"utc":"01:29:00","flight":"TO170"},{"day":3,"utc":"04:15:00","flight":"TO125"},{"day":3,"utc":"13:36:00","flight":"TO849"},{"day":3,"utc":"17:06:00","flight":"TO055"},{"day":3,"utc":"11:58:00","flight":"TO803"},{"day":4,"utc":"18:51:00","flight":"TO208"},{"day":4,"utc":"04:17:00","flight":"TO919"},{"day":4,"utc":"02:03:00","flight":"TO207"},{"day":5,"utc":"07:32:00","flight":"TO665"},{"day":6,"utc":"19:22:00","flight":"TO575"},{"day":6,"utc":"03:58:00","flight":"TO808"}],"distance":1859.9307966301033}