{"id":54970,"type":"route","airline":"U2","airlineid":"airline_2297","sourceairport":"LGW","destinationairport":"LUX","stops":0,"equipment":"319","schedule":[{"day":0,"utc":"14:18:00","flight":"U2803"},{"day":0,"utc":"06:33:00","flight":"U2827"},{"day":0,"utc":"20:13:00","flight":"U2607"},{"day":1,"utc":"06:12:00","flight":"U2997"},{"day":1,"utc":"08:37:00","flight":"U2304"},{"day":1,"utc":"03:42:00","flight":"U2340"},{"day":1,"utc":"23:21:00","flight":"U2767"},{"day":1,"utc":"03:04:00","flight":"U2566"},{"day":2,"utc":"09:58:00","flight":"U2668"},{"day":2,"utc":"21:10:00","flight":"U2842"},{"day":2,"utc":"23:08:00","flight":"U2086"},{"day":3,"utc":"15:54:00","flight":"U2158"},{"day":3,"utc":"12:02:00","flight":"U2392"},{"day":3,"utc":"07:51:00","flight":"U2612"},{"day":3,"utc":"06:33:00","flight":"U2397"},{"day":3,"utc":"03:17:00","flight":"U2194"},{"day":4,"utc":"00:06:00","flight":"U2164"},{"day":4,"utc":"19:55:00","flight":"U2073"},{"day":4,"utc":"19:13:00","flight":"U2788"},{"day":4,"utc":"11:08:00","flight":"U2995"},{"day":5,"utc":"07:03:00","flight":"U2005"},{"day":5,"utc":"05:04:00","flight":"U2238"},{"day":5,"utc":"08:20:00","flight":"U2236"},{"day":6,"utc":"16:36:00","flight":"U2199"},{"day":6,"utc":"17:26:00","flight":"U2899"},{"day":6,"utc":"17:45:00","flight":"U2526"},{"day":6,"utc":"22:56:00","flight":"U2142"}],"distance":484.1773593733499}