{"id":4819,"type":"route","airline":"AA","airlineid":"airline_24","sourceairport":"BSL","destinationairport":"LHR","stops":0,"equipment":"319 320","schedule":[{"day":0,"utc":"21:58:00","flight":"AA013"},{"day":0,"utc":"15:38:00","flight":"AA537"},{"day":0,"utc":"16:12:00","flight":"AA287"},{"day":1,"utc":"16:57:00","flight":"AA648"},{"day":1,"utc":"20:27:00","flight":"AA131"},{"day":1,"utc":"21:24:00","flight":"AA241"},{"day":1,"utc":"19:05:00","flight":"AA689"},{"day":1,"utc":"03:24:00","flight":"AA565"},{"day":2,"utc":"11:10:00","flight":"AA368"},{"day":2,"utc":"21:58:00","flight":"AA021"},{"day":3,"utc":"13:02:00","flight":"AA847"},{"day":3,"utc":"05:55:00","flight":"AA765"},{"day":3,"utc":"00:42:00","flight":"AA998"},{"day":4,"utc":"09:43:00","flight":"AA714"},{"day":4,"utc":"04:15:00","flight":"AA890"},{"day":4,"utc":"12:00:00","flight":"AA088"},{"day":4,"utc":"23:47:00","flight":"AA912"},{"day":4,"utc":"02:25:00","flight":"AA174"},{"day":5,"utc":"22:45:00","flight":"AA878"},{"day":5,"utc":"04:50:00","flight":"AA157"},{"day":5,"utc":"12:00:00","flight":"AA305"},{"day":5,"utc":"23:04:00","flight":"AA141"},{"day":5,"utc":"03:52:00","flight":"AA283"},{"day":6,"utc":"02:24:00","flight":"AA613"},{"day":6,"utc":"05:45:00","flight":"AA724"},{"day":6,"utc":"09:33:00","flight":"AA365"}],"distance":720.0060576412742}