{"id":9010,"type":"route","airline":"AF","airlineid":"airline_137","sourceairport":"AMS","destinationairport":"UIO","stops":0,"equipment":"772","schedule":[{"day":0,"utc":"17:02:00","flight":"AF358"},{"day":1,"utc":"21:28:00","flight":"AF413"},{"day":1,"utc":"16:50:00","flight":"AF523"},{"day":2,"utc":"07:30:00","flight":"AF602"},{"day":2,"utc":"00:50:00","flight":"AF744"},{"day":2,"utc":"22:29:00","flight":"AF103"},{"day":3,"utc":"08:01:00","flight":"AF805"},{"day":3,"utc":"20:56:00","flight":"AF351"},{"day":3,"utc":"13:04:00","flight":"AF154"},{"day":3,"utc":"23:37:00","flight":"AF713"},{"day":3,"utc":"04:07:00","flight":"AF561"},{"day":4,"utc":"11:13:00","flight":"AF806"},{"day":4,"utc":"06:04:00","flight":"AF176"},{"day":5,"utc":"15:08:00","flight":"AF335"},{"day":6,"utc":"09:34:00","flight":"AF891"},{"day":6,"utc":"21:48:00","flight":"AF074"},{"day":6,"utc":"01:00:00","flight":"AF172"}],"distance":9561.90155213372}