{"id":25472,"type":"route","airline":"FL","airlineid":"airline_1316","sourceairport":"SEA","destinationairport":"LAS","stops":0,"equipment":"73W","schedule":[{"day":0,"utc":"03:17:00","flight":"FL382"},{"day":0,"utc":"19:01:00","flight":"FL315"},{"day":0,"utc":"15:32:00","flight":"FL161"},{"day":1,"utc":"01:44:00","flight":"FL747"},{"day":1,"utc":"04:29:00","flight":"FL463"},{"day":2,"utc":"00:59:00","flight":"FL333"},{"day":2,"utc":"21:00:00","flight":"FL821"},{"day":3,"utc":"02:26:00","flight":"FL730"},{"day":3,"utc":"15:38:00","flight":"FL956"},{"day":3,"utc":"15:58:00","flight":"FL415"},{"day":4,"utc":"00:21:00","flight":"FL650"},{"day":4,"utc":"02:32:00","flight":"FL451"},{"day":4,"utc":"22:56:00","flight":"FL146"},{"day":4,"utc":"20:16:00","flight":"FL552"},{"day":4,"utc":"10:33:00","flight":"FL065"},{"day":5,"utc":"09:52:00","flight":"FL137"},{"day":5,"utc":"20:04:00","flight":"FL913"},{"day":5,"utc":"23:16:00","flight":"FL326"},{"day":6,"utc":"11:32:00","flight":"FL912"},{"day":6,"utc":"20:57:00","flight":"FL332"},{"day":6,"utc":"13:22:00","flight":"FL044"},{"day":6,"utc":"07:43:00","flight":"FL888"},{"day":6,"utc":"10:53:00","flight":"FL990"}],"distance":1395.1157558554953}