{"title":"San Francisco/Mission","name":"Boogaloo's","alt":null,"address":"3296 22nd St","directions":"at Valencia","phone":"+1 415 824-4088","tollfree":null,"email":null,"url":"http://www.blueplatesf.com/","hours":"8AM-3PM daily","image":null,"price":null,"content":"Hipster-ed up diner, only open for lunch & breakfast. Long lines on the weekends, but surprisingly it moves quickly. Much better vegan breakfast option than Herbivore. Try the plantain cake and the mimosas.","geo":{"lat":37.7555,"lon":-122.4208,"accuracy":"APPROXIMATE"},"activity":"eat","type":"landmark","id":25881,"country":"United States","city":"San Francisco","state":"California"}