{"id":45727,"type":"route","airline":"PI","airlineid":"airline_3969","sourceairport":"YKS","destinationairport":"IKS","stops":0,"equipment":"AN4","schedule":[{"day":0,"utc":"08:56:00","flight":"PI957"},{"day":0,"utc":"01:53:00","flight":"PI458"},{"day":0,"utc":"08:55:00","flight":"PI631"},{"day":1,"utc":"17:33:00","flight":"PI285"},{"day":1,"utc":"10:32:00","flight":"PI246"},{"day":1,"utc":"17:38:00","flight":"PI831"},{"day":1,"utc":"09:43:00","flight":"PI145"},{"day":2,"utc":"19:36:00","flight":"PI980"},{"day":3,"utc":"11:52:00","flight":"PI708"},{"day":3,"utc":"13:50:00","flight":"PI055"},{"day":3,"utc":"02:25:00","flight":"PI574"},{"day":3,"utc":"23:17:00","flight":"PI503"},{"day":3,"utc":"02:42:00","flight":"PI493"},{"day":4,"utc":"04:06:00","flight":"PI669"},{"day":4,"utc":"14:55:00","flight":"PI117"},{"day":4,"utc":"08:55:00","flight":"PI197"},{"day":4,"utc":"19:07:00","flight":"PI905"},{"day":4,"utc":"06:35:00","flight":"PI557"},{"day":5,"utc":"19:39:00","flight":"PI719"},{"day":5,"utc":"11:35:00","flight":"PI697"},{"day":5,"utc":"03:49:00","flight":"PI773"},{"day":5,"utc":"06:30:00","flight":"PI963"},{"day":5,"utc":"13:03:00","flight":"PI669"},{"day":6,"utc":"21:18:00","flight":"PI683"}],"distance":1068.6094536717221}