{"id":2758,"type":"route","airline":"7H","airlineid":"airline_16726","sourceairport":"VAK","destinationairport":"SCM","stops":0,"equipment":"CNA","schedule":[{"day":0,"utc":"21:11:00","flight":"7H814"},{"day":0,"utc":"11:07:00","flight":"7H818"},{"day":0,"utc":"12:36:00","flight":"7H065"},{"day":0,"utc":"02:27:00","flight":"7H933"},{"day":0,"utc":"07:19:00","flight":"7H916"},{"day":1,"utc":"11:31:00","flight":"7H515"},{"day":1,"utc":"21:35:00","flight":"7H427"},{"day":1,"utc":"10:18:00","flight":"7H820"},{"day":1,"utc":"09:46:00","flight":"7H738"},{"day":1,"utc":"03:22:00","flight":"7H980"},{"day":2,"utc":"01:05:00","flight":"7H629"},{"day":2,"utc":"03:28:00","flight":"7H089"},{"day":3,"utc":"04:16:00","flight":"7H649"},{"day":3,"utc":"09:57:00","flight":"7H924"},{"day":4,"utc":"04:48:00","flight":"7H640"},{"day":4,"utc":"04:12:00","flight":"7H585"},{"day":4,"utc":"16:04:00","flight":"7H305"},{"day":5,"utc":"10:20:00","flight":"7H927"},{"day":5,"utc":"23:35:00","flight":"7H533"},{"day":5,"utc":"12:45:00","flight":"7H621"},{"day":5,"utc":"02:42:00","flight":"7H361"},{"day":5,"utc":"07:51:00","flight":"7H909"},{"day":6,"utc":"19:04:00","flight":"7H166"},{"day":6,"utc":"17:18:00","flight":"7H377"}],"distance":34.64115727894103}