{"id":48142,"type":"route","airline":"RX","airlineid":"airline_19676","sourceairport":"BKK","destinationairport":"CGP","stops":0,"equipment":"737","schedule":[{"day":0,"utc":"14:08:00","flight":"RX197"},{"day":0,"utc":"06:31:00","flight":"RX717"},{"day":0,"utc":"17:08:00","flight":"RX248"},{"day":0,"utc":"05:08:00","flight":"RX068"},{"day":0,"utc":"09:38:00","flight":"RX422"},{"day":1,"utc":"16:13:00","flight":"RX456"},{"day":2,"utc":"11:25:00","flight":"RX486"},{"day":2,"utc":"09:50:00","flight":"RX069"},{"day":3,"utc":"19:13:00","flight":"RX841"},{"day":3,"utc":"19:33:00","flight":"RX596"},{"day":3,"utc":"22:05:00","flight":"RX399"},{"day":3,"utc":"08:52:00","flight":"RX272"},{"day":4,"utc":"01:16:00","flight":"RX313"},{"day":4,"utc":"15:02:00","flight":"RX415"},{"day":5,"utc":"17:46:00","flight":"RX945"},{"day":5,"utc":"22:49:00","flight":"RX573"},{"day":5,"utc":"07:21:00","flight":"RX557"},{"day":5,"utc":"07:03:00","flight":"RX478"},{"day":5,"utc":"20:58:00","flight":"RX066"},{"day":6,"utc":"14:08:00","flight":"RX521"},{"day":6,"utc":"03:25:00","flight":"RX317"},{"day":6,"utc":"16:37:00","flight":"RX681"}],"distance":1341.0443480504646}