{"id":8210,"type":"route","airline":"AC","airlineid":"airline_330","sourceairport":"YUL","destinationairport":"LAX","stops":0,"equipment":"319","schedule":[{"day":0,"utc":"03:36:00","flight":"AC908"},{"day":0,"utc":"15:49:00","flight":"AC368"},{"day":0,"utc":"23:11:00","flight":"AC843"},{"day":1,"utc":"18:42:00","flight":"AC200"},{"day":1,"utc":"01:33:00","flight":"AC605"},{"day":1,"utc":"10:22:00","flight":"AC768"},{"day":1,"utc":"03:18:00","flight":"AC178"},{"day":2,"utc":"05:13:00","flight":"AC721"},{"day":2,"utc":"00:19:00","flight":"AC085"},{"day":2,"utc":"05:32:00","flight":"AC135"},{"day":2,"utc":"06:00:00","flight":"AC312"},{"day":3,"utc":"18:57:00","flight":"AC869"},{"day":3,"utc":"03:24:00","flight":"AC750"},{"day":3,"utc":"16:04:00","flight":"AC879"},{"day":4,"utc":"13:58:00","flight":"AC765"},{"day":4,"utc":"16:40:00","flight":"AC784"},{"day":5,"utc":"17:26:00","flight":"AC345"},{"day":5,"utc":"02:13:00","flight":"AC978"},{"day":6,"utc":"19:59:00","flight":"AC444"},{"day":6,"utc":"15:30:00","flight":"AC013"},{"day":6,"utc":"03:34:00","flight":"AC062"}],"distance":3972.635554614465}