{"id":57171,"type":"route","airline":"UA","airlineid":"airline_5209","sourceairport":"MSN","destinationairport":"DEN","stops":0,"equipment":"CR7 CRJ ERJ","schedule":[{"day":0,"utc":"09:24:00","flight":"UA959"},{"day":1,"utc":"15:40:00","flight":"UA417"},{"day":1,"utc":"02:08:00","flight":"UA659"},{"day":2,"utc":"13:07:00","flight":"UA615"},{"day":3,"utc":"21:49:00","flight":"UA680"},{"day":3,"utc":"17:48:00","flight":"UA505"},{"day":3,"utc":"04:20:00","flight":"UA633"},{"day":3,"utc":"13:13:00","flight":"UA597"},{"day":3,"utc":"19:13:00","flight":"UA703"},{"day":4,"utc":"12:13:00","flight":"UA230"},{"day":4,"utc":"00:41:00","flight":"UA943"},{"day":4,"utc":"00:09:00","flight":"UA384"},{"day":4,"utc":"22:40:00","flight":"UA308"},{"day":5,"utc":"17:00:00","flight":"UA894"},{"day":6,"utc":"13:31:00","flight":"UA121"}],"distance":1325.9651130452212}