{"id":14114,"type":"route","airline":"B6","airlineid":"airline_3029","sourceairport":"KIN","destinationairport":"JFK","stops":0,"equipment":"320","schedule":[{"day":0,"utc":"13:56:00","flight":"B6020"},{"day":0,"utc":"17:12:00","flight":"B6420"},{"day":1,"utc":"03:30:00","flight":"B6282"},{"day":1,"utc":"10:33:00","flight":"B6550"},{"day":2,"utc":"22:42:00","flight":"B6456"},{"day":2,"utc":"12:02:00","flight":"B6563"},{"day":2,"utc":"01:47:00","flight":"B6670"},{"day":3,"utc":"16:26:00","flight":"B6360"},{"day":3,"utc":"06:29:00","flight":"B6378"},{"day":4,"utc":"23:25:00","flight":"B6653"},{"day":5,"utc":"09:11:00","flight":"B6153"},{"day":5,"utc":"09:06:00","flight":"B6424"},{"day":6,"utc":"20:58:00","flight":"B6797"},{"day":6,"utc":"05:40:00","flight":"B6401"},{"day":6,"utc":"13:26:00","flight":"B6505"},{"day":6,"utc":"02:55:00","flight":"B6333"},{"day":6,"utc":"23:43:00","flight":"B6956"}],"distance":2540.953538999981}