{"id":63615,"type":"route","airline":"WN","airlineid":"airline_4547","sourceairport":"BWI","destinationairport":"MDW","stops":0,"equipment":"73W 73H","schedule":[{"day":0,"utc":"02:15:00","flight":"WN766"},{"day":0,"utc":"14:31:00","flight":"WN380"},{"day":0,"utc":"09:57:00","flight":"WN233"},{"day":0,"utc":"23:20:00","flight":"WN202"},{"day":1,"utc":"06:01:00","flight":"WN303"},{"day":1,"utc":"20:21:00","flight":"WN215"},{"day":1,"utc":"12:32:00","flight":"WN606"},{"day":1,"utc":"03:11:00","flight":"WN615"},{"day":2,"utc":"12:09:00","flight":"WN925"},{"day":3,"utc":"16:04:00","flight":"WN534"},{"day":3,"utc":"05:00:00","flight":"WN835"},{"day":3,"utc":"20:09:00","flight":"WN760"},{"day":3,"utc":"09:51:00","flight":"WN086"},{"day":3,"utc":"11:46:00","flight":"WN920"},{"day":4,"utc":"13:54:00","flight":"WN009"},{"day":4,"utc":"10:58:00","flight":"WN763"},{"day":4,"utc":"05:58:00","flight":"WN778"},{"day":4,"utc":"04:26:00","flight":"WN394"},{"day":5,"utc":"03:09:00","flight":"WN702"},{"day":5,"utc":"23:29:00","flight":"WN177"},{"day":5,"utc":"06:14:00","flight":"WN711"},{"day":6,"utc":"19:46:00","flight":"WN832"},{"day":6,"utc":"03:06:00","flight":"WN383"}],"distance":980.5442392504575}