{"id":5072,"type":"route","airline":"AA","airlineid":"airline_24","sourceairport":"DAY","destinationairport":"LGA","stops":0,"equipment":"ERD","schedule":[{"day":0,"utc":"10:03:00","flight":"AA490"},{"day":0,"utc":"21:28:00","flight":"AA385"},{"day":0,"utc":"06:35:00","flight":"AA005"},{"day":1,"utc":"00:33:00","flight":"AA128"},{"day":1,"utc":"09:18:00","flight":"AA973"},{"day":1,"utc":"17:37:00","flight":"AA860"},{"day":1,"utc":"14:22:00","flight":"AA652"},{"day":2,"utc":"22:50:00","flight":"AA942"},{"day":2,"utc":"07:33:00","flight":"AA892"},{"day":3,"utc":"18:46:00","flight":"AA071"},{"day":3,"utc":"07:03:00","flight":"AA686"},{"day":3,"utc":"20:26:00","flight":"AA805"},{"day":3,"utc":"03:19:00","flight":"AA497"},{"day":3,"utc":"22:57:00","flight":"AA096"},{"day":4,"utc":"19:16:00","flight":"AA435"},{"day":5,"utc":"13:59:00","flight":"AA735"},{"day":5,"utc":"19:34:00","flight":"AA954"},{"day":5,"utc":"15:09:00","flight":"AA163"},{"day":6,"utc":"16:31:00","flight":"AA634"},{"day":6,"utc":"23:23:00","flight":"AA633"},{"day":6,"utc":"08:45:00","flight":"AA159"}],"distance":881.7941745061804}