{"id":21061,"type":"route","airline":"DL","airlineid":"airline_2009","sourceairport":"LAX","destinationairport":"KOA","stops":0,"equipment":"757","schedule":[{"day":0,"utc":"10:53:00","flight":"DL999"},{"day":0,"utc":"09:11:00","flight":"DL413"},{"day":0,"utc":"13:42:00","flight":"DL547"},{"day":0,"utc":"04:07:00","flight":"DL095"},{"day":1,"utc":"19:10:00","flight":"DL186"},{"day":1,"utc":"00:29:00","flight":"DL899"},{"day":1,"utc":"14:41:00","flight":"DL873"},{"day":2,"utc":"20:19:00","flight":"DL269"},{"day":2,"utc":"07:24:00","flight":"DL007"},{"day":2,"utc":"20:22:00","flight":"DL564"},{"day":3,"utc":"16:42:00","flight":"DL382"},{"day":4,"utc":"17:07:00","flight":"DL350"},{"day":4,"utc":"11:26:00","flight":"DL335"},{"day":5,"utc":"06:23:00","flight":"DL742"},{"day":5,"utc":"07:26:00","flight":"DL844"},{"day":5,"utc":"07:54:00","flight":"DL265"},{"day":5,"utc":"18:24:00","flight":"DL073"},{"day":5,"utc":"22:18:00","flight":"DL407"},{"day":6,"utc":"13:42:00","flight":"DL632"},{"day":6,"utc":"14:13:00","flight":"DL628"},{"day":6,"utc":"10:32:00","flight":"DL974"}],"distance":4025.6307801957932}