{"id":3372,"type":"route","airline":"8V","airlineid":"airline_55","sourceairport":"BTT","destinationairport":"AKP","stops":0,"equipment":"CNC","schedule":[{"day":0,"utc":"03:57:00","flight":"8V682"},{"day":0,"utc":"07:50:00","flight":"8V852"},{"day":0,"utc":"02:45:00","flight":"8V310"},{"day":0,"utc":"23:58:00","flight":"8V012"},{"day":1,"utc":"12:31:00","flight":"8V389"},{"day":1,"utc":"22:51:00","flight":"8V023"},{"day":1,"utc":"14:39:00","flight":"8V845"},{"day":2,"utc":"21:18:00","flight":"8V539"},{"day":3,"utc":"08:27:00","flight":"8V986"},{"day":3,"utc":"08:29:00","flight":"8V205"},{"day":3,"utc":"03:25:00","flight":"8V645"},{"day":3,"utc":"11:01:00","flight":"8V726"},{"day":4,"utc":"04:10:00","flight":"8V482"},{"day":4,"utc":"17:57:00","flight":"8V959"},{"day":4,"utc":"06:18:00","flight":"8V882"},{"day":4,"utc":"20:19:00","flight":"8V153"},{"day":5,"utc":"06:24:00","flight":"8V611"},{"day":5,"utc":"18:57:00","flight":"8V507"},{"day":5,"utc":"09:08:00","flight":"8V318"},{"day":6,"utc":"23:26:00","flight":"8V089"},{"day":6,"utc":"02:42:00","flight":"8V123"},{"day":6,"utc":"08:30:00","flight":"8V088"},{"day":6,"utc":"02:36:00","flight":"8V905"},{"day":6,"utc":"20:20:00","flight":"8V898"}],"distance":135.92395279199062}