{"id":53098,"type":"route","airline":"TO","airlineid":"airline_8745","sourceairport":"EDI","destinationairport":"TFS","stops":0,"equipment":"73H","schedule":[{"day":0,"utc":"04:08:00","flight":"TO897"},{"day":0,"utc":"12:58:00","flight":"TO966"},{"day":1,"utc":"03:52:00","flight":"TO234"},{"day":2,"utc":"16:09:00","flight":"TO169"},{"day":2,"utc":"09:24:00","flight":"TO475"},{"day":2,"utc":"23:14:00","flight":"TO392"},{"day":3,"utc":"11:29:00","flight":"TO305"},{"day":3,"utc":"18:25:00","flight":"TO925"},{"day":3,"utc":"16:25:00","flight":"TO428"},{"day":3,"utc":"05:22:00","flight":"TO523"},{"day":3,"utc":"12:56:00","flight":"TO818"},{"day":4,"utc":"01:20:00","flight":"TO895"},{"day":4,"utc":"06:16:00","flight":"TO373"},{"day":4,"utc":"09:41:00","flight":"TO535"},{"day":5,"utc":"12:22:00","flight":"TO188"},{"day":5,"utc":"04:41:00","flight":"TO443"},{"day":5,"utc":"14:00:00","flight":"TO936"},{"day":5,"utc":"11:34:00","flight":"TO107"},{"day":6,"utc":"18:11:00","flight":"TO417"},{"day":6,"utc":"13:56:00","flight":"TO463"},{"day":6,"utc":"23:15:00","flight":"TO778"},{"day":6,"utc":"08:33:00","flight":"TO743"}],"distance":3276.2599524999323}