{"id":59246,"type":"route","airline":"US","airlineid":"airline_5265","sourceairport":"FAT","destinationairport":"DFW","stops":0,"equipment":"M80","schedule":[{"day":0,"utc":"14:02:00","flight":"US718"},{"day":0,"utc":"18:48:00","flight":"US733"},{"day":1,"utc":"10:26:00","flight":"US097"},{"day":1,"utc":"05:48:00","flight":"US803"},{"day":1,"utc":"03:20:00","flight":"US565"},{"day":2,"utc":"12:35:00","flight":"US200"},{"day":2,"utc":"22:21:00","flight":"US821"},{"day":3,"utc":"07:03:00","flight":"US663"},{"day":3,"utc":"07:27:00","flight":"US538"},{"day":3,"utc":"23:55:00","flight":"US386"},{"day":3,"utc":"04:34:00","flight":"US853"},{"day":3,"utc":"07:59:00","flight":"US532"},{"day":4,"utc":"08:19:00","flight":"US188"},{"day":4,"utc":"11:19:00","flight":"US120"},{"day":4,"utc":"07:03:00","flight":"US270"},{"day":4,"utc":"08:37:00","flight":"US889"},{"day":4,"utc":"22:29:00","flight":"US787"},{"day":5,"utc":"04:35:00","flight":"US542"},{"day":5,"utc":"20:58:00","flight":"US274"},{"day":5,"utc":"18:25:00","flight":"US122"},{"day":6,"utc":"13:29:00","flight":"US436"},{"day":6,"utc":"15:49:00","flight":"US853"},{"day":6,"utc":"18:03:00","flight":"US792"},{"day":6,"utc":"07:59:00","flight":"US854"},{"day":6,"utc":"21:36:00","flight":"US766"}],"distance":2109.1081895313946}