{"id":55398,"type":"route","airline":"U2","airlineid":"airline_2297","sourceairport":"STN","destinationairport":"CPH","stops":0,"equipment":"319 320","schedule":[{"day":0,"utc":"03:46:00","flight":"U2753"},{"day":0,"utc":"15:42:00","flight":"U2916"},{"day":0,"utc":"15:34:00","flight":"U2623"},{"day":0,"utc":"21:39:00","flight":"U2802"},{"day":0,"utc":"23:41:00","flight":"U2792"},{"day":1,"utc":"15:35:00","flight":"U2752"},{"day":2,"utc":"05:25:00","flight":"U2628"},{"day":2,"utc":"10:49:00","flight":"U2197"},{"day":2,"utc":"17:36:00","flight":"U2692"},{"day":3,"utc":"22:13:00","flight":"U2602"},{"day":3,"utc":"06:12:00","flight":"U2827"},{"day":4,"utc":"23:02:00","flight":"U2745"},{"day":5,"utc":"18:06:00","flight":"U2607"},{"day":5,"utc":"09:39:00","flight":"U2089"},{"day":5,"utc":"04:55:00","flight":"U2055"},{"day":6,"utc":"11:34:00","flight":"U2975"},{"day":6,"utc":"13:00:00","flight":"U2472"}],"distance":914.3155409254289}