{"id":10854,"type":"route","airline":"AM","airlineid":"airline_321","sourceairport":"ATL","destinationairport":"ABY","stops":0,"equipment":"CRJ","schedule":[{"day":0,"utc":"03:16:00","flight":"AM111"},{"day":0,"utc":"19:38:00","flight":"AM098"},{"day":0,"utc":"21:24:00","flight":"AM061"},{"day":0,"utc":"17:52:00","flight":"AM465"},{"day":0,"utc":"14:05:00","flight":"AM421"},{"day":1,"utc":"19:45:00","flight":"AM073"},{"day":1,"utc":"08:31:00","flight":"AM401"},{"day":1,"utc":"20:47:00","flight":"AM626"},{"day":1,"utc":"19:59:00","flight":"AM801"},{"day":1,"utc":"08:03:00","flight":"AM741"},{"day":2,"utc":"06:52:00","flight":"AM683"},{"day":3,"utc":"18:53:00","flight":"AM419"},{"day":4,"utc":"11:27:00","flight":"AM440"},{"day":5,"utc":"03:14:00","flight":"AM741"},{"day":5,"utc":"12:01:00","flight":"AM222"},{"day":5,"utc":"03:31:00","flight":"AM310"},{"day":5,"utc":"19:02:00","flight":"AM377"},{"day":5,"utc":"03:05:00","flight":"AM394"},{"day":6,"utc":"11:46:00","flight":"AM922"},{"day":6,"utc":"14:56:00","flight":"AM584"},{"day":6,"utc":"15:25:00","flight":"AM230"},{"day":6,"utc":"09:51:00","flight":"AM143"},{"day":6,"utc":"18:20:00","flight":"AM509"}],"distance":234.66718324272296}