{"title":"San Francisco/Chinatown-North Beach","name":"Caffe Greco","alt":null,"address":"423 Columbus Ave","directions":"between Green St and Vallejo St","phone":"+1 415 397-6261","tollfree":null,"email":null,"url":"http://caffegreco.com/","hours":"Su-Th 7AM-11:30PM, F-Sa 7AM-12AM","image":null,"price":null,"content":"Probably North Beach's most popular cafe, especially with locals. It has a real European atmosphere and imports its coffee from Italy. Curbside tables add to the ambiance.","geo":{"lat":37.7991,"lon":-122.4087,"accuracy":"RANGE_INTERPOLATED"},"activity":"drink","type":"landmark","id":25497,"country":"United States","city":"San Francisco","state":"California"}