{"id":39406,"type":"route","airline":"LS","airlineid":"airline_3026","sourceairport":"MAN","destinationairport":"BJV","stops":0,"equipment":"73H 738","schedule":[{"day":0,"utc":"01:44:00","flight":"LS806"},{"day":0,"utc":"22:07:00","flight":"LS110"},{"day":0,"utc":"21:14:00","flight":"LS255"},{"day":0,"utc":"16:59:00","flight":"LS182"},{"day":0,"utc":"18:22:00","flight":"LS820"},{"day":1,"utc":"14:06:00","flight":"LS413"},{"day":1,"utc":"10:25:00","flight":"LS899"},{"day":1,"utc":"15:00:00","flight":"LS459"},{"day":1,"utc":"09:41:00","flight":"LS478"},{"day":1,"utc":"03:58:00","flight":"LS964"},{"day":2,"utc":"20:42:00","flight":"LS526"},{"day":3,"utc":"17:14:00","flight":"LS833"},{"day":3,"utc":"17:10:00","flight":"LS555"},{"day":3,"utc":"16:24:00","flight":"LS775"},{"day":3,"utc":"18:41:00","flight":"LS060"},{"day":3,"utc":"14:05:00","flight":"LS789"},{"day":4,"utc":"02:29:00","flight":"LS021"},{"day":5,"utc":"09:21:00","flight":"LS853"},{"day":5,"utc":"09:08:00","flight":"LS029"},{"day":6,"utc":"03:03:00","flight":"LS322"}],"distance":2912.087229235592}