{"id":13002,"type":"route","airline":"AZ","airlineid":"airline_596","sourceairport":"ATL","destinationairport":"ILM","stops":0,"equipment":"CRJ 319","schedule":[{"day":0,"utc":"14:06:00","flight":"AZ552"},{"day":0,"utc":"09:11:00","flight":"AZ599"},{"day":0,"utc":"11:39:00","flight":"AZ533"},{"day":1,"utc":"12:23:00","flight":"AZ469"},{"day":2,"utc":"09:08:00","flight":"AZ006"},{"day":2,"utc":"23:28:00","flight":"AZ151"},{"day":2,"utc":"08:20:00","flight":"AZ957"},{"day":3,"utc":"00:32:00","flight":"AZ579"},{"day":3,"utc":"10:27:00","flight":"AZ470"},{"day":3,"utc":"17:04:00","flight":"AZ527"},{"day":3,"utc":"19:48:00","flight":"AZ648"},{"day":4,"utc":"01:40:00","flight":"AZ086"},{"day":4,"utc":"16:43:00","flight":"AZ560"},{"day":4,"utc":"23:38:00","flight":"AZ328"},{"day":4,"utc":"15:33:00","flight":"AZ271"},{"day":4,"utc":"04:37:00","flight":"AZ430"},{"day":5,"utc":"04:42:00","flight":"AZ463"},{"day":5,"utc":"06:00:00","flight":"AZ273"},{"day":5,"utc":"13:22:00","flight":"AZ999"},{"day":5,"utc":"03:31:00","flight":"AZ343"},{"day":6,"utc":"22:04:00","flight":"AZ673"},{"day":6,"utc":"18:31:00","flight":"AZ949"}],"distance":605.8846448518032}