{"id":64538,"type":"route","airline":"WN","airlineid":"airline_4547","sourceairport":"TPA","destinationairport":"MHT","stops":0,"equipment":"73W 73H","schedule":[{"day":0,"utc":"22:34:00","flight":"WN808"},{"day":0,"utc":"01:57:00","flight":"WN336"},{"day":1,"utc":"04:43:00","flight":"WN668"},{"day":1,"utc":"14:15:00","flight":"WN328"},{"day":1,"utc":"06:47:00","flight":"WN573"},{"day":1,"utc":"10:26:00","flight":"WN187"},{"day":2,"utc":"17:51:00","flight":"WN705"},{"day":2,"utc":"01:47:00","flight":"WN655"},{"day":2,"utc":"01:06:00","flight":"WN681"},{"day":2,"utc":"11:37:00","flight":"WN639"},{"day":3,"utc":"00:13:00","flight":"WN333"},{"day":3,"utc":"08:24:00","flight":"WN616"},{"day":3,"utc":"03:11:00","flight":"WN860"},{"day":3,"utc":"11:44:00","flight":"WN298"},{"day":4,"utc":"11:38:00","flight":"WN879"},{"day":4,"utc":"04:39:00","flight":"WN495"},{"day":4,"utc":"19:19:00","flight":"WN061"},{"day":4,"utc":"12:14:00","flight":"WN100"},{"day":4,"utc":"08:01:00","flight":"WN404"},{"day":5,"utc":"09:44:00","flight":"WN327"},{"day":5,"utc":"01:58:00","flight":"WN060"},{"day":5,"utc":"10:02:00","flight":"WN035"},{"day":5,"utc":"03:13:00","flight":"WN046"},{"day":5,"utc":"09:07:00","flight":"WN367"},{"day":6,"utc":"12:18:00","flight":"WN117"},{"day":6,"utc":"03:43:00","flight":"WN600"},{"day":6,"utc":"02:54:00","flight":"WN884"}],"distance":1939.3004726636148}