{"id":30332,"type":"route","airline":"GS","airlineid":"airline_690","sourceairport":"LHW","destinationairport":"KWL","stops":0,"equipment":"E90","schedule":[{"day":0,"utc":"05:19:00","flight":"GS628"},{"day":0,"utc":"02:43:00","flight":"GS644"},{"day":0,"utc":"00:38:00","flight":"GS416"},{"day":0,"utc":"06:21:00","flight":"GS417"},{"day":1,"utc":"17:04:00","flight":"GS294"},{"day":2,"utc":"00:24:00","flight":"GS760"},{"day":2,"utc":"14:35:00","flight":"GS852"},{"day":2,"utc":"05:55:00","flight":"GS886"},{"day":2,"utc":"11:45:00","flight":"GS249"},{"day":2,"utc":"07:53:00","flight":"GS792"},{"day":3,"utc":"21:39:00","flight":"GS467"},{"day":3,"utc":"02:24:00","flight":"GS346"},{"day":3,"utc":"04:42:00","flight":"GS720"},{"day":3,"utc":"03:27:00","flight":"GS119"},{"day":3,"utc":"21:19:00","flight":"GS083"},{"day":4,"utc":"07:40:00","flight":"GS439"},{"day":4,"utc":"21:06:00","flight":"GS370"},{"day":5,"utc":"02:34:00","flight":"GS336"},{"day":5,"utc":"08:03:00","flight":"GS974"},{"day":6,"utc":"15:17:00","flight":"GS536"},{"day":6,"utc":"00:27:00","flight":"GS505"},{"day":6,"utc":"07:58:00","flight":"GS055"},{"day":6,"utc":"10:57:00","flight":"GS529"},{"day":6,"utc":"17:14:00","flight":"GS394"}],"distance":1357.774501795225}