{"id":4321,"type":"route","airline":"A3","airlineid":"airline_96","sourceairport":"CDG","destinationairport":"SKG","stops":0,"equipment":"320","schedule":[{"day":0,"utc":"19:54:00","flight":"A3697"},{"day":0,"utc":"08:14:00","flight":"A3030"},{"day":0,"utc":"11:45:00","flight":"A3840"},{"day":0,"utc":"19:36:00","flight":"A3050"},{"day":1,"utc":"09:49:00","flight":"A3613"},{"day":1,"utc":"10:55:00","flight":"A3968"},{"day":1,"utc":"11:56:00","flight":"A3703"},{"day":1,"utc":"11:19:00","flight":"A3267"},{"day":2,"utc":"04:17:00","flight":"A3079"},{"day":2,"utc":"10:35:00","flight":"A3418"},{"day":2,"utc":"21:15:00","flight":"A3442"},{"day":2,"utc":"20:30:00","flight":"A3375"},{"day":3,"utc":"10:29:00","flight":"A3461"},{"day":3,"utc":"03:20:00","flight":"A3728"},{"day":3,"utc":"03:41:00","flight":"A3287"},{"day":3,"utc":"17:39:00","flight":"A3910"},{"day":4,"utc":"12:17:00","flight":"A3252"},{"day":4,"utc":"07:14:00","flight":"A3181"},{"day":5,"utc":"20:48:00","flight":"A3496"},{"day":5,"utc":"09:26:00","flight":"A3921"},{"day":5,"utc":"07:15:00","flight":"A3031"},{"day":6,"utc":"04:02:00","flight":"A3093"},{"day":6,"utc":"05:40:00","flight":"A3569"}],"distance":1859.6865476938665}