{"title":"Ashbourne","name":"Red Chilli","alt":null,"address":"1-5 Dig Street","directions":null,"phone":"+44 1335 343232","tollfree":null,"email":null,"url":null,"hours":null,"image":null,"price":null,"content":"Sit-down Indian restaurant, very clean with friendly staff, good range of curries, licensed. Reasonably priced with good portions. Also does takeaway.","geo":{"lat":53.016836,"lon":-1.733515,"accuracy":"RANGE_INTERPOLATED"},"activity":"eat","type":"landmark","id":1156,"country":"United Kingdom","city":"Ashbourne","state":null}