{"title":"London/South Bank","name":"Young Vic Theatre","alt":null,"address":"The Cut, Waterloo","directions":"tube: Waterloo, Southwark","phone":null,"tollfree":null,"email":null,"url":"http://www.youngvic.org/","hours":null,"image":null,"price":null,"content":"Fab theatre on The Cut which is home to younger theatre artists, especially directors. Presents plays for audiences of all ages and backgrounds. Lively bar and restaurant too.","geo":{"lat":51.5033,"lon":-0.1074,"accuracy":"ROOFTOP"},"activity":"do","type":"landmark","id":16318,"country":"United Kingdom","city":"London","state":null}