{"id":11711,"type":"route","airline":"AS","airlineid":"airline_439","sourceairport":"LAX","destinationairport":"IND","stops":0,"equipment":"738","schedule":[{"day":0,"utc":"11:36:00","flight":"AS593"},{"day":0,"utc":"07:12:00","flight":"AS503"},{"day":0,"utc":"02:11:00","flight":"AS737"},{"day":1,"utc":"10:13:00","flight":"AS937"},{"day":1,"utc":"00:14:00","flight":"AS401"},{"day":1,"utc":"10:11:00","flight":"AS154"},{"day":1,"utc":"08:22:00","flight":"AS529"},{"day":1,"utc":"13:21:00","flight":"AS435"},{"day":2,"utc":"23:45:00","flight":"AS267"},{"day":2,"utc":"17:02:00","flight":"AS105"},{"day":2,"utc":"10:22:00","flight":"AS712"},{"day":2,"utc":"13:58:00","flight":"AS092"},{"day":2,"utc":"18:25:00","flight":"AS545"},{"day":3,"utc":"06:09:00","flight":"AS145"},{"day":3,"utc":"00:35:00","flight":"AS818"},{"day":3,"utc":"11:21:00","flight":"AS997"},{"day":3,"utc":"05:04:00","flight":"AS679"},{"day":4,"utc":"16:50:00","flight":"AS757"},{"day":4,"utc":"13:23:00","flight":"AS087"},{"day":5,"utc":"22:34:00","flight":"AS201"},{"day":5,"utc":"04:55:00","flight":"AS159"},{"day":5,"utc":"07:36:00","flight":"AS245"},{"day":5,"utc":"01:07:00","flight":"AS094"},{"day":6,"utc":"11:38:00","flight":"AS946"},{"day":6,"utc":"17:27:00","flight":"AS678"},{"day":6,"utc":"06:10:00","flight":"AS340"},{"day":6,"utc":"15:40:00","flight":"AS255"}],"distance":2912.884922778472}