{"title":"Abbots Langley","name":"Barkers Fish 'n' Chips","alt":null,"address":"4 Katherine Place, WD5 0BT","directions":null,"phone":"+44 1923  681841","tollfree":null,"email":null,"url":null,"hours":"M-Th 12:00-14:00, 16:30-21:00, F 12:00-14:00, 16:30-21:15, Sa 12:00-21:00","image":null,"price":null,"content":"Fish and chip shop.","geo":{"lat":51.7009809,"lon":-0.4040259,"accuracy":"RANGE_INTERPOLATED"},"activity":"eat","type":"landmark","id":36653,"country":"United Kingdom","city":"Abbots Langley","state":null}