{"id":57188,"type":"route","airline":"UA","airlineid":"airline_5209","sourceairport":"MSY","destinationairport":"IAH","stops":0,"equipment":"319 738 73G 320","schedule":[{"day":0,"utc":"03:05:00","flight":"UA947"},{"day":1,"utc":"09:33:00","flight":"UA415"},{"day":1,"utc":"18:28:00","flight":"UA978"},{"day":1,"utc":"02:39:00","flight":"UA901"},{"day":2,"utc":"14:19:00","flight":"UA056"},{"day":2,"utc":"08:07:00","flight":"UA056"},{"day":2,"utc":"05:04:00","flight":"UA474"},{"day":2,"utc":"00:23:00","flight":"UA895"},{"day":3,"utc":"21:25:00","flight":"UA304"},{"day":3,"utc":"19:49:00","flight":"UA061"},{"day":3,"utc":"06:36:00","flight":"UA509"},{"day":4,"utc":"18:02:00","flight":"UA084"},{"day":4,"utc":"00:37:00","flight":"UA923"},{"day":4,"utc":"00:26:00","flight":"UA946"},{"day":4,"utc":"07:16:00","flight":"UA176"},{"day":5,"utc":"06:08:00","flight":"UA907"},{"day":5,"utc":"16:10:00","flight":"UA798"},{"day":5,"utc":"03:41:00","flight":"UA858"},{"day":5,"utc":"14:06:00","flight":"UA615"},{"day":5,"utc":"07:08:00","flight":"UA881"},{"day":6,"utc":"09:07:00","flight":"UA087"},{"day":6,"utc":"06:27:00","flight":"UA030"},{"day":6,"utc":"17:22:00","flight":"UA477"}],"distance":489.53628952664894}