{"id":53020,"type":"route","airline":"TO","airlineid":"airline_8745","sourceairport":"AYT","destinationairport":"LTN","stops":0,"equipment":"73H","schedule":[{"day":0,"utc":"20:25:00","flight":"TO744"},{"day":0,"utc":"20:29:00","flight":"TO847"},{"day":0,"utc":"16:20:00","flight":"TO811"},{"day":0,"utc":"23:34:00","flight":"TO137"},{"day":1,"utc":"06:34:00","flight":"TO708"},{"day":1,"utc":"20:14:00","flight":"TO144"},{"day":1,"utc":"13:34:00","flight":"TO806"},{"day":1,"utc":"11:27:00","flight":"TO540"},{"day":1,"utc":"17:46:00","flight":"TO050"},{"day":2,"utc":"09:40:00","flight":"TO578"},{"day":2,"utc":"02:13:00","flight":"TO137"},{"day":2,"utc":"23:44:00","flight":"TO258"},{"day":2,"utc":"22:26:00","flight":"TO459"},{"day":2,"utc":"16:15:00","flight":"TO161"},{"day":3,"utc":"12:09:00","flight":"TO332"},{"day":3,"utc":"11:20:00","flight":"TO676"},{"day":3,"utc":"16:03:00","flight":"TO818"},{"day":4,"utc":"03:34:00","flight":"TO335"},{"day":4,"utc":"01:23:00","flight":"TO031"},{"day":4,"utc":"01:22:00","flight":"TO596"},{"day":5,"utc":"11:16:00","flight":"TO281"},{"day":5,"utc":"03:00:00","flight":"TO600"},{"day":5,"utc":"03:05:00","flight":"TO555"},{"day":5,"utc":"12:42:00","flight":"TO875"},{"day":5,"utc":"08:36:00","flight":"TO227"},{"day":6,"utc":"09:26:00","flight":"TO760"},{"day":6,"utc":"07:54:00","flight":"TO579"}],"distance":2949.098742300318}