{"id":64884,"type":"route","airline":"WS","airlineid":"airline_5416","sourceairport":"YYZ","destinationairport":"RSW","stops":0,"equipment":"73W 736","schedule":[{"day":0,"utc":"12:58:00","flight":"WS000"},{"day":0,"utc":"06:12:00","flight":"WS638"},{"day":1,"utc":"03:55:00","flight":"WS760"},{"day":1,"utc":"08:57:00","flight":"WS460"},{"day":1,"utc":"09:37:00","flight":"WS655"},{"day":2,"utc":"06:53:00","flight":"WS861"},{"day":3,"utc":"19:13:00","flight":"WS649"},{"day":3,"utc":"11:09:00","flight":"WS026"},{"day":4,"utc":"11:01:00","flight":"WS260"},{"day":4,"utc":"12:04:00","flight":"WS063"},{"day":4,"utc":"05:58:00","flight":"WS530"},{"day":4,"utc":"05:08:00","flight":"WS385"},{"day":4,"utc":"19:24:00","flight":"WS381"},{"day":5,"utc":"14:16:00","flight":"WS749"},{"day":6,"utc":"08:16:00","flight":"WS067"},{"day":6,"utc":"06:17:00","flight":"WS868"},{"day":6,"utc":"08:29:00","flight":"WS121"},{"day":6,"utc":"20:18:00","flight":"WS399"}],"distance":1915.5903414525592}