{"id":51764,"type":"route","airline":"T3","airlineid":"airline_2117","sourceairport":"DIJ","destinationairport":"TLS","stops":0,"equipment":"J41","schedule":[{"day":0,"utc":"05:49:00","flight":"T3982"},{"day":0,"utc":"18:08:00","flight":"T3367"},{"day":0,"utc":"00:24:00","flight":"T3049"},{"day":0,"utc":"02:30:00","flight":"T3517"},{"day":0,"utc":"08:15:00","flight":"T3994"},{"day":1,"utc":"21:08:00","flight":"T3023"},{"day":1,"utc":"03:09:00","flight":"T3451"},{"day":1,"utc":"20:26:00","flight":"T3197"},{"day":2,"utc":"01:56:00","flight":"T3929"},{"day":2,"utc":"07:24:00","flight":"T3980"},{"day":2,"utc":"22:21:00","flight":"T3122"},{"day":2,"utc":"21:20:00","flight":"T3518"},{"day":2,"utc":"09:50:00","flight":"T3775"},{"day":3,"utc":"18:44:00","flight":"T3929"},{"day":3,"utc":"12:43:00","flight":"T3746"},{"day":3,"utc":"22:25:00","flight":"T3839"},{"day":4,"utc":"05:25:00","flight":"T3207"},{"day":4,"utc":"14:50:00","flight":"T3877"},{"day":4,"utc":"02:53:00","flight":"T3102"},{"day":4,"utc":"23:30:00","flight":"T3318"},{"day":4,"utc":"01:17:00","flight":"T3185"},{"day":5,"utc":"14:58:00","flight":"T3107"},{"day":5,"utc":"14:44:00","flight":"T3376"},{"day":5,"utc":"10:48:00","flight":"T3794"},{"day":6,"utc":"00:51:00","flight":"T3260"},{"day":6,"utc":"21:58:00","flight":"T3236"},{"day":6,"utc":"19:39:00","flight":"T3154"}],"distance":498.1611053856414}