{"id":64304,"type":"route","airline":"WN","airlineid":"airline_4547","sourceairport":"PHX","destinationairport":"SFO","stops":0,"equipment":"73W 733","schedule":[{"day":0,"utc":"15:51:00","flight":"WN699"},{"day":0,"utc":"03:40:00","flight":"WN227"},{"day":0,"utc":"13:26:00","flight":"WN495"},{"day":1,"utc":"06:17:00","flight":"WN340"},{"day":2,"utc":"14:28:00","flight":"WN663"},{"day":2,"utc":"22:41:00","flight":"WN995"},{"day":2,"utc":"23:40:00","flight":"WN693"},{"day":2,"utc":"13:31:00","flight":"WN791"},{"day":3,"utc":"17:33:00","flight":"WN987"},{"day":3,"utc":"13:13:00","flight":"WN311"},{"day":3,"utc":"03:14:00","flight":"WN907"},{"day":3,"utc":"06:34:00","flight":"WN830"},{"day":3,"utc":"10:54:00","flight":"WN260"},{"day":4,"utc":"13:12:00","flight":"WN441"},{"day":4,"utc":"01:51:00","flight":"WN848"},{"day":5,"utc":"04:56:00","flight":"WN659"},{"day":5,"utc":"17:15:00","flight":"WN528"},{"day":5,"utc":"12:16:00","flight":"WN244"},{"day":5,"utc":"23:33:00","flight":"WN959"},{"day":6,"utc":"09:50:00","flight":"WN648"}],"distance":1046.063543330342}