{"id":59616,"type":"route","airline":"US","airlineid":"airline_5265","sourceairport":"MAD","destinationairport":"DOH","stops":0,"equipment":"77W 772","schedule":[{"day":0,"utc":"06:54:00","flight":"US412"},{"day":0,"utc":"19:15:00","flight":"US915"},{"day":1,"utc":"01:12:00","flight":"US529"},{"day":1,"utc":"13:17:00","flight":"US948"},{"day":2,"utc":"18:14:00","flight":"US413"},{"day":2,"utc":"21:50:00","flight":"US475"},{"day":2,"utc":"09:51:00","flight":"US899"},{"day":3,"utc":"04:28:00","flight":"US971"},{"day":3,"utc":"12:30:00","flight":"US614"},{"day":3,"utc":"10:49:00","flight":"US727"},{"day":4,"utc":"08:04:00","flight":"US881"},{"day":4,"utc":"23:41:00","flight":"US072"},{"day":4,"utc":"11:19:00","flight":"US866"},{"day":4,"utc":"15:31:00","flight":"US644"},{"day":5,"utc":"15:11:00","flight":"US391"},{"day":5,"utc":"10:00:00","flight":"US577"},{"day":5,"utc":"14:19:00","flight":"US603"},{"day":5,"utc":"03:50:00","flight":"US666"},{"day":5,"utc":"07:35:00","flight":"US549"},{"day":6,"utc":"06:11:00","flight":"US756"},{"day":6,"utc":"04:03:00","flight":"US748"},{"day":6,"utc":"15:55:00","flight":"US643"},{"day":6,"utc":"23:59:00","flight":"US334"},{"day":6,"utc":"00:29:00","flight":"US868"}],"distance":5327.364417877169}