{"id":9051,"type":"route","airline":"AF","airlineid":"airline_137","sourceairport":"ATL","destinationairport":"CVG","stops":0,"equipment":"738 M88 319","schedule":[{"day":0,"utc":"15:29:00","flight":"AF525"},{"day":1,"utc":"19:46:00","flight":"AF571"},{"day":1,"utc":"04:15:00","flight":"AF933"},{"day":1,"utc":"14:36:00","flight":"AF296"},{"day":2,"utc":"14:42:00","flight":"AF207"},{"day":2,"utc":"22:36:00","flight":"AF594"},{"day":2,"utc":"23:51:00","flight":"AF101"},{"day":2,"utc":"02:44:00","flight":"AF882"},{"day":2,"utc":"09:03:00","flight":"AF307"},{"day":3,"utc":"17:10:00","flight":"AF760"},{"day":3,"utc":"15:27:00","flight":"AF419"},{"day":3,"utc":"15:37:00","flight":"AF313"},{"day":3,"utc":"05:38:00","flight":"AF930"},{"day":3,"utc":"21:40:00","flight":"AF042"},{"day":4,"utc":"11:10:00","flight":"AF296"},{"day":5,"utc":"01:37:00","flight":"AF672"},{"day":5,"utc":"05:47:00","flight":"AF094"},{"day":5,"utc":"10:00:00","flight":"AF576"},{"day":5,"utc":"11:07:00","flight":"AF377"},{"day":6,"utc":"18:58:00","flight":"AF727"},{"day":6,"utc":"16:31:00","flight":"AF822"},{"day":6,"utc":"11:55:00","flight":"AF418"}],"distance":602.1822072210955}