{"id":20109,"type":"route","airline":"DL","airlineid":"airline_2009","sourceairport":"ATL","destinationairport":"DFW","stops":0,"equipment":"M88 319 738","schedule":[{"day":0,"utc":"04:04:00","flight":"DL850"},{"day":0,"utc":"17:04:00","flight":"DL244"},{"day":1,"utc":"18:00:00","flight":"DL222"},{"day":1,"utc":"12:17:00","flight":"DL966"},{"day":1,"utc":"03:59:00","flight":"DL383"},{"day":1,"utc":"14:41:00","flight":"DL654"},{"day":1,"utc":"23:04:00","flight":"DL107"},{"day":2,"utc":"20:00:00","flight":"DL508"},{"day":3,"utc":"03:31:00","flight":"DL316"},{"day":3,"utc":"05:31:00","flight":"DL481"},{"day":3,"utc":"15:02:00","flight":"DL002"},{"day":4,"utc":"13:29:00","flight":"DL110"},{"day":4,"utc":"22:22:00","flight":"DL309"},{"day":5,"utc":"05:31:00","flight":"DL648"},{"day":5,"utc":"16:47:00","flight":"DL701"},{"day":5,"utc":"06:53:00","flight":"DL242"},{"day":5,"utc":"04:31:00","flight":"DL322"},{"day":6,"utc":"15:39:00","flight":"DL997"},{"day":6,"utc":"21:49:00","flight":"DL656"},{"day":6,"utc":"17:43:00","flight":"DL108"},{"day":6,"utc":"06:51:00","flight":"DL601"}],"distance":1174.5341376297392}