{"id":36570,"type":"route","airline":"KL","airlineid":"airline_3090","sourceairport":"CVG","destinationairport":"ATL","stops":0,"equipment":"M88 738 319","schedule":[{"day":0,"utc":"06:32:00","flight":"KL676"},{"day":1,"utc":"01:54:00","flight":"KL882"},{"day":2,"utc":"15:14:00","flight":"KL093"},{"day":2,"utc":"11:03:00","flight":"KL458"},{"day":2,"utc":"07:43:00","flight":"KL916"},{"day":2,"utc":"22:26:00","flight":"KL439"},{"day":3,"utc":"03:33:00","flight":"KL420"},{"day":3,"utc":"15:08:00","flight":"KL648"},{"day":3,"utc":"00:08:00","flight":"KL632"},{"day":4,"utc":"00:58:00","flight":"KL096"},{"day":5,"utc":"22:53:00","flight":"KL438"},{"day":5,"utc":"14:46:00","flight":"KL473"},{"day":6,"utc":"00:06:00","flight":"KL872"},{"day":6,"utc":"01:35:00","flight":"KL998"},{"day":6,"utc":"01:46:00","flight":"KL366"},{"day":6,"utc":"22:39:00","flight":"KL456"},{"day":6,"utc":"09:52:00","flight":"KL604"}],"distance":602.1822072210955}