{"id":53470,"type":"route","airline":"TO","airlineid":"airline_8745","sourceairport":"VRN","destinationairport":"MAN","stops":0,"equipment":"75W","schedule":[{"day":0,"utc":"12:56:00","flight":"TO240"},{"day":0,"utc":"10:04:00","flight":"TO814"},{"day":0,"utc":"04:59:00","flight":"TO875"},{"day":0,"utc":"10:55:00","flight":"TO774"},{"day":1,"utc":"01:47:00","flight":"TO950"},{"day":1,"utc":"18:14:00","flight":"TO842"},{"day":1,"utc":"13:22:00","flight":"TO324"},{"day":2,"utc":"14:48:00","flight":"TO951"},{"day":2,"utc":"17:51:00","flight":"TO067"},{"day":3,"utc":"05:36:00","flight":"TO163"},{"day":3,"utc":"02:39:00","flight":"TO236"},{"day":3,"utc":"20:29:00","flight":"TO423"},{"day":4,"utc":"16:58:00","flight":"TO628"},{"day":4,"utc":"03:08:00","flight":"TO387"},{"day":5,"utc":"10:30:00","flight":"TO584"},{"day":5,"utc":"14:50:00","flight":"TO470"},{"day":5,"utc":"12:37:00","flight":"TO880"},{"day":6,"utc":"04:46:00","flight":"TO818"},{"day":6,"utc":"11:04:00","flight":"TO712"},{"day":6,"utc":"22:27:00","flight":"TO247"},{"day":6,"utc":"03:07:00","flight":"TO159"},{"day":6,"utc":"19:44:00","flight":"TO731"}],"distance":1296.763498622026}