{"id":23375,"type":"route","airline":"EO","airlineid":"airline_2293","sourceairport":"HBE","destinationairport":"JED","stops":0,"equipment":"320","schedule":[{"day":0,"utc":"11:13:00","flight":"EO557"},{"day":0,"utc":"10:10:00","flight":"EO174"},{"day":0,"utc":"02:34:00","flight":"EO056"},{"day":0,"utc":"08:44:00","flight":"EO110"},{"day":0,"utc":"13:35:00","flight":"EO397"},{"day":1,"utc":"23:29:00","flight":"EO525"},{"day":1,"utc":"09:38:00","flight":"EO818"},{"day":1,"utc":"07:42:00","flight":"EO843"},{"day":1,"utc":"06:20:00","flight":"EO977"},{"day":2,"utc":"18:12:00","flight":"EO312"},{"day":2,"utc":"18:06:00","flight":"EO482"},{"day":3,"utc":"06:38:00","flight":"EO124"},{"day":3,"utc":"19:46:00","flight":"EO465"},{"day":3,"utc":"09:07:00","flight":"EO704"},{"day":3,"utc":"18:09:00","flight":"EO533"},{"day":4,"utc":"20:57:00","flight":"EO597"},{"day":4,"utc":"07:31:00","flight":"EO754"},{"day":4,"utc":"04:13:00","flight":"EO010"},{"day":5,"utc":"17:09:00","flight":"EO298"},{"day":5,"utc":"20:30:00","flight":"EO833"},{"day":6,"utc":"10:08:00","flight":"EO035"}],"distance":1393.1218722891315}