{"id":27048,"type":"route","airline":"FR","airlineid":"airline_4296","sourceairport":"KRK","destinationairport":"STN","stops":0,"equipment":"738","schedule":[{"day":0,"utc":"17:01:00","flight":"FR045"},{"day":0,"utc":"11:00:00","flight":"FR723"},{"day":0,"utc":"06:17:00","flight":"FR597"},{"day":1,"utc":"18:00:00","flight":"FR111"},{"day":1,"utc":"10:57:00","flight":"FR064"},{"day":1,"utc":"16:05:00","flight":"FR496"},{"day":1,"utc":"10:09:00","flight":"FR256"},{"day":2,"utc":"04:38:00","flight":"FR331"},{"day":2,"utc":"20:33:00","flight":"FR905"},{"day":2,"utc":"09:58:00","flight":"FR619"},{"day":2,"utc":"05:06:00","flight":"FR765"},{"day":3,"utc":"11:59:00","flight":"FR816"},{"day":3,"utc":"03:49:00","flight":"FR104"},{"day":3,"utc":"18:49:00","flight":"FR973"},{"day":3,"utc":"09:46:00","flight":"FR419"},{"day":4,"utc":"09:57:00","flight":"FR221"},{"day":4,"utc":"07:22:00","flight":"FR735"},{"day":4,"utc":"10:53:00","flight":"FR657"},{"day":4,"utc":"02:21:00","flight":"FR039"},{"day":5,"utc":"08:39:00","flight":"FR267"},{"day":5,"utc":"04:12:00","flight":"FR285"},{"day":6,"utc":"16:18:00","flight":"FR697"}],"distance":1378.9757197518338}