{"title":"Newport (Isle of Wight)","name":"Carisbrooke Castle","alt":null,"address":"Castle Hill, PO30 1XY","directions":"a mile and a half south west of Newport","phone":"+44 1983 522107","tollfree":null,"email":null,"url":"http://www.english-heritage.org.uk/daysout/properties/carisbrooke-castle/","hours":null,"image":null,"price":"adults £7.70, children £4.60, concessions £6.90","content":"In the 1640s King Charles I was imprisoned in this castle whose construction began in the 12th century.","geo":{"lat":50.68685,"lon":-1.31555,"accuracy":"RANGE_INTERPOLATED"},"activity":"see","type":"landmark","id":20338,"country":"United Kingdom","city":"Newport","state":null}