{"title":"Lerwick","name":"Shetland Museum","alt":null,"address":null,"directions":null,"phone":null,"tollfree":null,"email":null,"url":"http://www.shetland-museum.org.uk/","hours":"M-Sa 10-1700, Su 12-1700","image":null,"price":"free","content":"Great museum near the bus station with the natural history, archeology, history, and anthropology of the islands.","geo":{"lat":60.1578,"lon":-1.1505,"accuracy":"APPROXIMATE"},"activity":"see","type":"landmark","id":15534,"country":"United Kingdom","city":"Lerwick","state":null}