{"id":63750,"type":"route","airline":"WN","airlineid":"airline_4547","sourceairport":"DEN","destinationairport":"STL","stops":0,"equipment":"73W 733","schedule":[{"day":0,"utc":"11:11:00","flight":"WN762"},{"day":0,"utc":"21:57:00","flight":"WN394"},{"day":0,"utc":"23:22:00","flight":"WN020"},{"day":0,"utc":"14:25:00","flight":"WN005"},{"day":0,"utc":"18:53:00","flight":"WN852"},{"day":1,"utc":"02:15:00","flight":"WN145"},{"day":1,"utc":"13:48:00","flight":"WN422"},{"day":1,"utc":"04:31:00","flight":"WN527"},{"day":1,"utc":"23:53:00","flight":"WN915"},{"day":2,"utc":"10:04:00","flight":"WN183"},{"day":2,"utc":"04:02:00","flight":"WN324"},{"day":3,"utc":"15:56:00","flight":"WN787"},{"day":4,"utc":"05:04:00","flight":"WN388"},{"day":4,"utc":"02:13:00","flight":"WN268"},{"day":4,"utc":"03:06:00","flight":"WN299"},{"day":5,"utc":"20:12:00","flight":"WN354"},{"day":6,"utc":"09:37:00","flight":"WN415"},{"day":6,"utc":"13:38:00","flight":"WN782"}],"distance":1235.5222538667776}