{"id":21173,"type":"route","airline":"DL","airlineid":"airline_2009","sourceairport":"LHR","destinationairport":"MIA","stops":0,"equipment":"744 333","schedule":[{"day":0,"utc":"11:56:00","flight":"DL641"},{"day":1,"utc":"15:46:00","flight":"DL405"},{"day":1,"utc":"05:13:00","flight":"DL318"},{"day":1,"utc":"03:47:00","flight":"DL276"},{"day":1,"utc":"14:43:00","flight":"DL517"},{"day":2,"utc":"09:15:00","flight":"DL869"},{"day":3,"utc":"04:43:00","flight":"DL172"},{"day":3,"utc":"09:00:00","flight":"DL665"},{"day":3,"utc":"15:16:00","flight":"DL244"},{"day":3,"utc":"23:27:00","flight":"DL724"},{"day":4,"utc":"23:32:00","flight":"DL100"},{"day":4,"utc":"10:09:00","flight":"DL403"},{"day":4,"utc":"03:41:00","flight":"DL951"},{"day":5,"utc":"18:37:00","flight":"DL437"},{"day":5,"utc":"12:58:00","flight":"DL381"},{"day":6,"utc":"12:45:00","flight":"DL652"},{"day":6,"utc":"08:34:00","flight":"DL534"},{"day":6,"utc":"10:18:00","flight":"DL530"},{"day":6,"utc":"21:51:00","flight":"DL004"}],"distance":7108.833693778737}