{"title":"South Queensferry","name":"The Queensferry Crossing","alt":null,"address":null,"directions":null,"phone":null,"tollfree":null,"email":null,"url":"http://www.transportscotland.gov.uk/road/projects/forth-replacement-crossing","hours":null,"image":null,"price":null,"content":"A new road bridge under construction and expected to be complete in 2016. A small exhibition is open on summer Saturdays.","geo":{"lat":55.99418,"lon":-3.41904,"accuracy":"APPROXIMATE"},"activity":"see","type":"landmark","id":28163,"country":"United Kingdom","city":"Queensferry","state":null}