{"id":20220,"type":"route","airline":"DL","airlineid":"airline_2009","sourceairport":"ATL","destinationairport":"RDU","stops":0,"equipment":"M88 M90 739 320 738 752","schedule":[{"day":0,"utc":"06:52:00","flight":"DL117"},{"day":0,"utc":"01:23:00","flight":"DL753"},{"day":0,"utc":"00:57:00","flight":"DL107"},{"day":1,"utc":"03:33:00","flight":"DL718"},{"day":1,"utc":"14:51:00","flight":"DL492"},{"day":2,"utc":"08:26:00","flight":"DL223"},{"day":2,"utc":"01:33:00","flight":"DL047"},{"day":2,"utc":"20:27:00","flight":"DL963"},{"day":3,"utc":"23:49:00","flight":"DL188"},{"day":3,"utc":"17:07:00","flight":"DL935"},{"day":3,"utc":"13:19:00","flight":"DL916"},{"day":3,"utc":"23:36:00","flight":"DL235"},{"day":4,"utc":"03:05:00","flight":"DL444"},{"day":4,"utc":"16:02:00","flight":"DL142"},{"day":4,"utc":"09:32:00","flight":"DL235"},{"day":4,"utc":"18:15:00","flight":"DL382"},{"day":5,"utc":"14:00:00","flight":"DL646"},{"day":5,"utc":"07:15:00","flight":"DL051"},{"day":5,"utc":"11:24:00","flight":"DL281"},{"day":6,"utc":"15:53:00","flight":"DL110"},{"day":6,"utc":"15:48:00","flight":"DL454"},{"day":6,"utc":"12:02:00","flight":"DL854"},{"day":6,"utc":"18:27:00","flight":"DL056"}],"distance":572.2485045552424}