{"id":37048,"type":"route","airline":"KM","airlineid":"airline_242","sourceairport":"MLA","destinationairport":"NWI","stops":0,"equipment":"320","schedule":[{"day":0,"utc":"02:36:00","flight":"KM923"},{"day":0,"utc":"14:51:00","flight":"KM215"},{"day":1,"utc":"22:16:00","flight":"KM458"},{"day":1,"utc":"23:03:00","flight":"KM558"},{"day":1,"utc":"16:02:00","flight":"KM804"},{"day":1,"utc":"08:26:00","flight":"KM008"},{"day":1,"utc":"11:39:00","flight":"KM377"},{"day":2,"utc":"11:41:00","flight":"KM013"},{"day":2,"utc":"08:07:00","flight":"KM371"},{"day":3,"utc":"21:16:00","flight":"KM828"},{"day":3,"utc":"16:02:00","flight":"KM415"},{"day":3,"utc":"08:11:00","flight":"KM874"},{"day":3,"utc":"16:59:00","flight":"KM667"},{"day":4,"utc":"11:09:00","flight":"KM706"},{"day":4,"utc":"02:00:00","flight":"KM118"},{"day":4,"utc":"00:25:00","flight":"KM793"},{"day":5,"utc":"04:20:00","flight":"KM115"},{"day":5,"utc":"21:34:00","flight":"KM420"},{"day":6,"utc":"10:42:00","flight":"KM248"}],"distance":2137.318462291866}