{"id":25167,"type":"route","airline":"FL","airlineid":"airline_1316","sourceairport":"LAX","destinationairport":"ATL","stops":0,"equipment":"73G","schedule":[{"day":0,"utc":"10:08:00","flight":"FL246"},{"day":0,"utc":"04:39:00","flight":"FL972"},{"day":0,"utc":"20:14:00","flight":"FL789"},{"day":0,"utc":"04:33:00","flight":"FL172"},{"day":0,"utc":"05:12:00","flight":"FL923"},{"day":1,"utc":"13:25:00","flight":"FL262"},{"day":2,"utc":"22:58:00","flight":"FL020"},{"day":2,"utc":"20:47:00","flight":"FL909"},{"day":2,"utc":"11:57:00","flight":"FL298"},{"day":2,"utc":"16:56:00","flight":"FL070"},{"day":2,"utc":"19:12:00","flight":"FL794"},{"day":3,"utc":"02:55:00","flight":"FL263"},{"day":3,"utc":"21:14:00","flight":"FL049"},{"day":4,"utc":"15:29:00","flight":"FL352"},{"day":4,"utc":"02:12:00","flight":"FL422"},{"day":4,"utc":"08:17:00","flight":"FL600"},{"day":5,"utc":"03:33:00","flight":"FL465"},{"day":5,"utc":"01:46:00","flight":"FL658"},{"day":6,"utc":"10:04:00","flight":"FL990"},{"day":6,"utc":"17:05:00","flight":"FL494"},{"day":6,"utc":"01:27:00","flight":"FL443"},{"day":6,"utc":"00:41:00","flight":"FL360"},{"day":6,"utc":"04:01:00","flight":"FL804"}],"distance":3125.7857343586393}