{"id":65057,"type":"route","airline":"WX","airlineid":"airline_1792","sourceairport":"LCY","destinationairport":"DRS","stops":0,"equipment":"AR8","schedule":[{"day":0,"utc":"00:31:00","flight":"WX670"},{"day":1,"utc":"08:56:00","flight":"WX748"},{"day":1,"utc":"10:04:00","flight":"WX458"},{"day":2,"utc":"12:45:00","flight":"WX855"},{"day":2,"utc":"09:42:00","flight":"WX537"},{"day":3,"utc":"16:10:00","flight":"WX780"},{"day":4,"utc":"16:22:00","flight":"WX303"},{"day":4,"utc":"17:06:00","flight":"WX766"},{"day":4,"utc":"09:28:00","flight":"WX454"},{"day":5,"utc":"11:37:00","flight":"WX417"},{"day":5,"utc":"21:50:00","flight":"WX485"},{"day":5,"utc":"22:34:00","flight":"WX048"},{"day":5,"utc":"21:26:00","flight":"WX682"},{"day":5,"utc":"08:40:00","flight":"WX306"},{"day":6,"utc":"19:15:00","flight":"WX907"},{"day":6,"utc":"00:04:00","flight":"WX042"}],"distance":952.4106210969169}