{"id":56625,"type":"route","airline":"UA","airlineid":"airline_5209","sourceairport":"IAD","destinationairport":"DTW","stops":0,"equipment":"CRJ CR7 ERJ ER4 E70","schedule":[{"day":0,"utc":"00:43:00","flight":"UA633"},{"day":0,"utc":"03:09:00","flight":"UA295"},{"day":1,"utc":"04:45:00","flight":"UA266"},{"day":1,"utc":"20:26:00","flight":"UA127"},{"day":1,"utc":"18:52:00","flight":"UA294"},{"day":1,"utc":"17:37:00","flight":"UA691"},{"day":1,"utc":"03:46:00","flight":"UA252"},{"day":2,"utc":"00:03:00","flight":"UA357"},{"day":2,"utc":"07:15:00","flight":"UA369"},{"day":2,"utc":"08:00:00","flight":"UA601"},{"day":2,"utc":"21:50:00","flight":"UA360"},{"day":3,"utc":"12:51:00","flight":"UA203"},{"day":3,"utc":"04:34:00","flight":"UA043"},{"day":3,"utc":"12:45:00","flight":"UA177"},{"day":3,"utc":"02:48:00","flight":"UA617"},{"day":3,"utc":"17:18:00","flight":"UA103"},{"day":4,"utc":"16:09:00","flight":"UA025"},{"day":5,"utc":"14:03:00","flight":"UA858"},{"day":5,"utc":"19:45:00","flight":"UA194"},{"day":6,"utc":"16:06:00","flight":"UA096"}],"distance":616.2896025961662}