{"id":15210,"type":"route","airline":"BE","airlineid":"airline_2421","sourceairport":"KOK","destinationairport":"HEL","stops":0,"equipment":"AT7","schedule":[{"day":0,"utc":"12:25:00","flight":"BE450"},{"day":0,"utc":"06:17:00","flight":"BE407"},{"day":0,"utc":"00:09:00","flight":"BE403"},{"day":0,"utc":"16:04:00","flight":"BE785"},{"day":1,"utc":"06:53:00","flight":"BE909"},{"day":1,"utc":"06:46:00","flight":"BE963"},{"day":1,"utc":"06:19:00","flight":"BE061"},{"day":1,"utc":"09:03:00","flight":"BE996"},{"day":2,"utc":"01:24:00","flight":"BE459"},{"day":2,"utc":"16:25:00","flight":"BE066"},{"day":2,"utc":"13:51:00","flight":"BE963"},{"day":3,"utc":"11:00:00","flight":"BE365"},{"day":3,"utc":"01:05:00","flight":"BE949"},{"day":3,"utc":"21:35:00","flight":"BE057"},{"day":4,"utc":"04:54:00","flight":"BE760"},{"day":5,"utc":"20:03:00","flight":"BE915"},{"day":5,"utc":"17:49:00","flight":"BE756"},{"day":5,"utc":"07:29:00","flight":"BE597"},{"day":6,"utc":"04:59:00","flight":"BE883"},{"day":6,"utc":"07:26:00","flight":"BE664"},{"day":6,"utc":"13:12:00","flight":"BE457"},{"day":6,"utc":"13:26:00","flight":"BE987"},{"day":6,"utc":"04:15:00","flight":"BE520"}],"distance":390.1918456559741}