{"id":11984,"type":"route","airline":"AS","airlineid":"airline_439","sourceairport":"SFO","destinationairport":"PDX","stops":0,"equipment":"734 73H 73G","schedule":[{"day":0,"utc":"23:29:00","flight":"AS842"},{"day":0,"utc":"23:03:00","flight":"AS483"},{"day":0,"utc":"07:18:00","flight":"AS175"},{"day":1,"utc":"18:54:00","flight":"AS975"},{"day":1,"utc":"02:21:00","flight":"AS584"},{"day":1,"utc":"00:21:00","flight":"AS068"},{"day":1,"utc":"13:46:00","flight":"AS921"},{"day":2,"utc":"19:14:00","flight":"AS072"},{"day":3,"utc":"05:56:00","flight":"AS066"},{"day":3,"utc":"10:20:00","flight":"AS271"},{"day":4,"utc":"11:25:00","flight":"AS403"},{"day":4,"utc":"05:08:00","flight":"AS418"},{"day":4,"utc":"05:57:00","flight":"AS234"},{"day":4,"utc":"11:04:00","flight":"AS620"},{"day":4,"utc":"02:21:00","flight":"AS864"},{"day":5,"utc":"02:22:00","flight":"AS414"},{"day":6,"utc":"08:29:00","flight":"AS697"},{"day":6,"utc":"05:35:00","flight":"AS089"},{"day":6,"utc":"02:56:00","flight":"AS237"}],"distance":886.3879904250963}