{"id":63880,"type":"route","airline":"WN","airlineid":"airline_4547","sourceairport":"IAD","destinationairport":"DEN","stops":0,"equipment":"73W","schedule":[{"day":0,"utc":"00:11:00","flight":"WN235"},{"day":1,"utc":"09:01:00","flight":"WN174"},{"day":1,"utc":"21:36:00","flight":"WN048"},{"day":1,"utc":"14:51:00","flight":"WN848"},{"day":2,"utc":"06:44:00","flight":"WN504"},{"day":2,"utc":"18:48:00","flight":"WN100"},{"day":2,"utc":"05:58:00","flight":"WN916"},{"day":2,"utc":"20:02:00","flight":"WN639"},{"day":3,"utc":"00:47:00","flight":"WN404"},{"day":3,"utc":"11:52:00","flight":"WN863"},{"day":3,"utc":"00:52:00","flight":"WN710"},{"day":3,"utc":"17:13:00","flight":"WN334"},{"day":3,"utc":"02:10:00","flight":"WN345"},{"day":4,"utc":"05:27:00","flight":"WN055"},{"day":5,"utc":"07:17:00","flight":"WN599"},{"day":5,"utc":"20:08:00","flight":"WN307"},{"day":5,"utc":"18:08:00","flight":"WN013"},{"day":6,"utc":"15:27:00","flight":"WN141"},{"day":6,"utc":"01:28:00","flight":"WN630"},{"day":6,"utc":"18:11:00","flight":"WN774"},{"day":6,"utc":"04:45:00","flight":"WN233"}],"distance":2331.708234207334}