{"id":51699,"type":"route","airline":"SY","airlineid":"airline_4356","sourceairport":"PSP","destinationairport":"MSP","stops":0,"equipment":"73G","schedule":[{"day":0,"utc":"09:15:00","flight":"SY097"},{"day":0,"utc":"10:38:00","flight":"SY266"},{"day":1,"utc":"19:35:00","flight":"SY480"},{"day":2,"utc":"16:25:00","flight":"SY920"},{"day":3,"utc":"03:00:00","flight":"SY074"},{"day":3,"utc":"02:30:00","flight":"SY593"},{"day":3,"utc":"00:21:00","flight":"SY962"},{"day":3,"utc":"11:23:00","flight":"SY654"},{"day":4,"utc":"10:15:00","flight":"SY392"},{"day":4,"utc":"02:42:00","flight":"SY143"},{"day":4,"utc":"02:49:00","flight":"SY934"},{"day":4,"utc":"11:46:00","flight":"SY584"},{"day":5,"utc":"03:16:00","flight":"SY768"},{"day":5,"utc":"13:30:00","flight":"SY375"},{"day":5,"utc":"09:26:00","flight":"SY546"},{"day":6,"utc":"13:09:00","flight":"SY880"},{"day":6,"utc":"05:07:00","flight":"SY507"},{"day":6,"utc":"22:37:00","flight":"SY786"}],"distance":2336.3200237193587}