{"title":"Carmel (California)","name":"Forest Theater","alt":null,"address":null,"directions":"Santa Rita St & Mountain View Ave","phone":null,"tollfree":null,"email":null,"url":"http://www.foresttheaterguild.org/","hours":null,"image":null,"price":null,"content":"The historic outdoor Forest Theater presents community theater performances in a sort of natural amphitheater nestled in a pine forest. There are also film screenings throughout the summer as part of &quot;Films in the Forest.&quot; Be sure to bring blankets and something warm to drink.","geo":{"lat":36.55309,"lon":-121.91734,"accuracy":"RANGE_INTERPOLATED"},"activity":"do","type":"landmark","id":5103,"country":"United States","city":"Carmel-by-the-Sea","state":"California"}