{"id":14051,"type":"route","airline":"B6","airlineid":"airline_3029","sourceairport":"JFK","destinationairport":"AZS","stops":0,"equipment":"320","schedule":[{"day":0,"utc":"03:52:00","flight":"B6383"},{"day":1,"utc":"18:43:00","flight":"B6636"},{"day":1,"utc":"13:33:00","flight":"B6276"},{"day":2,"utc":"17:07:00","flight":"B6009"},{"day":2,"utc":"16:38:00","flight":"B6789"},{"day":3,"utc":"11:34:00","flight":"B6552"},{"day":3,"utc":"06:02:00","flight":"B6799"},{"day":3,"utc":"11:20:00","flight":"B6870"},{"day":3,"utc":"08:14:00","flight":"B6621"},{"day":4,"utc":"12:25:00","flight":"B6477"},{"day":4,"utc":"07:06:00","flight":"B6593"},{"day":4,"utc":"16:32:00","flight":"B6298"},{"day":5,"utc":"18:00:00","flight":"B6396"},{"day":5,"utc":"14:07:00","flight":"B6030"},{"day":5,"utc":"00:16:00","flight":"B6687"},{"day":6,"utc":"04:59:00","flight":"B6220"},{"day":6,"utc":"10:10:00","flight":"B6867"},{"day":6,"utc":"22:53:00","flight":"B6465"},{"day":6,"utc":"05:03:00","flight":"B6046"}],"distance":2407.4204160692675}