{"title":"Nice","name":"L'Univers","alt":null,"address":"Boulevard Jean Jaurès 56","directions":null,"phone":"+33 4 93623222","tollfree":null,"email":null,"url":"http://www.christian-plumail.com/","hours":null,"image":null,"price":null,"content":"Signature chef Christian Plumail's own restaurant in Boulevard Jean Jaures, very serious gourmet French. Expect to pay €100 per person. A rival to Nice's most expensive restaurant Chantecler in the Negresco.","geo":{"lat":43.6967759,"lon":7.2717597,"accuracy":"ROOFTOP"},"activity":"eat","type":"landmark","id":20416,"country":"France","city":"Nice","state":"Provence-Alpes-Côte d'Azur"}