{"title":"Penzance","name":"Sound","alt":null,"address":"68 Market Jew St","directions":"Near the train station","phone":"+44 1736 331211","tollfree":null,"email":null,"url":"http://www.soundpenzance.com","hours":null,"image":null,"price":null,"content":"Nightclub. Sometimes live music and big name DJs.  Really one for the young ones.","geo":{"lat":50.12158,"lon":-5.533293,"accuracy":"ROOFTOP"},"activity":"drink","type":"landmark","id":22094,"country":"United Kingdom","city":"Penzance","state":null}