{"id":21348,"type":"route","airline":"DL","airlineid":"airline_2009","sourceairport":"MSP","destinationairport":"BDL","stops":0,"equipment":"319","schedule":[{"day":0,"utc":"23:46:00","flight":"DL024"},{"day":0,"utc":"08:14:00","flight":"DL403"},{"day":0,"utc":"20:30:00","flight":"DL919"},{"day":0,"utc":"05:19:00","flight":"DL300"},{"day":1,"utc":"15:02:00","flight":"DL141"},{"day":2,"utc":"07:00:00","flight":"DL903"},{"day":3,"utc":"22:55:00","flight":"DL869"},{"day":4,"utc":"10:14:00","flight":"DL025"},{"day":4,"utc":"13:41:00","flight":"DL120"},{"day":5,"utc":"17:44:00","flight":"DL702"},{"day":5,"utc":"17:51:00","flight":"DL112"},{"day":5,"utc":"01:31:00","flight":"DL250"},{"day":6,"utc":"14:36:00","flight":"DL469"}],"distance":1686.219563792213}