{"id":21036,"type":"route","airline":"DL","airlineid":"airline_2009","sourceairport":"LAS","destinationairport":"YYZ","stops":0,"equipment":"73H","schedule":[{"day":0,"utc":"21:51:00","flight":"DL817"},{"day":0,"utc":"11:41:00","flight":"DL290"},{"day":1,"utc":"17:35:00","flight":"DL303"},{"day":1,"utc":"09:20:00","flight":"DL988"},{"day":1,"utc":"23:41:00","flight":"DL694"},{"day":1,"utc":"18:05:00","flight":"DL028"},{"day":2,"utc":"16:12:00","flight":"DL741"},{"day":2,"utc":"14:05:00","flight":"DL088"},{"day":2,"utc":"09:04:00","flight":"DL204"},{"day":2,"utc":"10:34:00","flight":"DL487"},{"day":2,"utc":"07:37:00","flight":"DL592"},{"day":3,"utc":"22:01:00","flight":"DL789"},{"day":3,"utc":"21:26:00","flight":"DL443"},{"day":3,"utc":"21:28:00","flight":"DL179"},{"day":4,"utc":"15:55:00","flight":"DL773"},{"day":4,"utc":"03:51:00","flight":"DL274"},{"day":4,"utc":"22:43:00","flight":"DL575"},{"day":5,"utc":"15:41:00","flight":"DL833"},{"day":5,"utc":"14:38:00","flight":"DL081"},{"day":5,"utc":"05:32:00","flight":"DL746"},{"day":6,"utc":"08:11:00","flight":"DL979"},{"day":6,"utc":"03:21:00","flight":"DL732"},{"day":6,"utc":"21:00:00","flight":"DL457"},{"day":6,"utc":"05:05:00","flight":"DL464"},{"day":6,"utc":"06:57:00","flight":"DL378"}],"distance":3120.335619662427}