{"id":14143,"type":"route","airline":"B6","airlineid":"airline_3029","sourceairport":"MBJ","destinationairport":"JFK","stops":0,"equipment":"320","schedule":[{"day":0,"utc":"11:47:00","flight":"B6534"},{"day":0,"utc":"23:36:00","flight":"B6252"},{"day":1,"utc":"06:38:00","flight":"B6324"},{"day":1,"utc":"06:43:00","flight":"B6478"},{"day":1,"utc":"17:23:00","flight":"B6440"},{"day":1,"utc":"08:01:00","flight":"B6625"},{"day":1,"utc":"05:56:00","flight":"B6836"},{"day":2,"utc":"06:59:00","flight":"B6082"},{"day":2,"utc":"01:15:00","flight":"B6145"},{"day":2,"utc":"06:09:00","flight":"B6576"},{"day":2,"utc":"07:20:00","flight":"B6943"},{"day":2,"utc":"11:05:00","flight":"B6693"},{"day":3,"utc":"14:04:00","flight":"B6835"},{"day":3,"utc":"17:07:00","flight":"B6056"},{"day":3,"utc":"04:31:00","flight":"B6502"},{"day":3,"utc":"10:14:00","flight":"B6047"},{"day":4,"utc":"21:44:00","flight":"B6977"},{"day":4,"utc":"04:04:00","flight":"B6529"},{"day":5,"utc":"09:01:00","flight":"B6474"},{"day":5,"utc":"22:53:00","flight":"B6283"},{"day":5,"utc":"16:54:00","flight":"B6837"},{"day":5,"utc":"03:34:00","flight":"B6765"},{"day":5,"utc":"21:40:00","flight":"B6933"},{"day":6,"utc":"15:37:00","flight":"B6568"},{"day":6,"utc":"03:15:00","flight":"B6356"}],"distance":2492.886037937146}