{"id":26989,"type":"route","airline":"FR","airlineid":"airline_4296","sourceairport":"IBZ","destinationairport":"BHX","stops":0,"equipment":"738","schedule":[{"day":0,"utc":"11:59:00","flight":"FR644"},{"day":1,"utc":"22:14:00","flight":"FR485"},{"day":2,"utc":"09:02:00","flight":"FR265"},{"day":2,"utc":"05:57:00","flight":"FR574"},{"day":2,"utc":"06:11:00","flight":"FR308"},{"day":2,"utc":"05:33:00","flight":"FR326"},{"day":2,"utc":"04:53:00","flight":"FR351"},{"day":3,"utc":"17:50:00","flight":"FR757"},{"day":3,"utc":"08:06:00","flight":"FR093"},{"day":3,"utc":"22:18:00","flight":"FR190"},{"day":4,"utc":"13:02:00","flight":"FR513"},{"day":4,"utc":"12:07:00","flight":"FR767"},{"day":4,"utc":"05:24:00","flight":"FR123"},{"day":4,"utc":"06:48:00","flight":"FR366"},{"day":4,"utc":"23:54:00","flight":"FR548"},{"day":5,"utc":"16:07:00","flight":"FR879"},{"day":6,"utc":"19:46:00","flight":"FR558"},{"day":6,"utc":"00:26:00","flight":"FR457"}],"distance":1529.115330656863}