{"id":55770,"type":"route","airline":"UA","airlineid":"airline_5209","sourceairport":"ACV","destinationairport":"SMF","stops":0,"equipment":"EM2","schedule":[{"day":0,"utc":"21:04:00","flight":"UA922"},{"day":0,"utc":"14:39:00","flight":"UA563"},{"day":0,"utc":"11:43:00","flight":"UA968"},{"day":0,"utc":"02:15:00","flight":"UA732"},{"day":0,"utc":"06:19:00","flight":"UA219"},{"day":1,"utc":"23:18:00","flight":"UA459"},{"day":1,"utc":"09:48:00","flight":"UA276"},{"day":2,"utc":"04:58:00","flight":"UA477"},{"day":2,"utc":"16:12:00","flight":"UA051"},{"day":2,"utc":"15:01:00","flight":"UA012"},{"day":2,"utc":"08:23:00","flight":"UA202"},{"day":2,"utc":"14:28:00","flight":"UA673"},{"day":3,"utc":"09:39:00","flight":"UA139"},{"day":4,"utc":"09:45:00","flight":"UA170"},{"day":5,"utc":"11:50:00","flight":"UA667"},{"day":5,"utc":"20:50:00","flight":"UA742"},{"day":5,"utc":"05:51:00","flight":"UA206"},{"day":5,"utc":"19:24:00","flight":"UA710"},{"day":5,"utc":"18:04:00","flight":"UA874"},{"day":6,"utc":"18:11:00","flight":"UA716"}],"distance":332.59845442740817}