{"id":56449,"type":"route","airline":"UA","airlineid":"airline_5209","sourceairport":"FLL","destinationairport":"GHB","stops":0,"equipment":"SF3","schedule":[{"day":0,"utc":"03:14:00","flight":"UA140"},{"day":0,"utc":"18:47:00","flight":"UA226"},{"day":0,"utc":"16:21:00","flight":"UA937"},{"day":1,"utc":"01:18:00","flight":"UA551"},{"day":1,"utc":"20:12:00","flight":"UA296"},{"day":1,"utc":"20:46:00","flight":"UA800"},{"day":1,"utc":"01:14:00","flight":"UA585"},{"day":2,"utc":"21:13:00","flight":"UA119"},{"day":2,"utc":"18:56:00","flight":"UA725"},{"day":2,"utc":"11:43:00","flight":"UA290"},{"day":3,"utc":"10:35:00","flight":"UA779"},{"day":3,"utc":"14:57:00","flight":"UA813"},{"day":3,"utc":"18:22:00","flight":"UA669"},{"day":3,"utc":"23:27:00","flight":"UA263"},{"day":4,"utc":"22:15:00","flight":"UA922"},{"day":4,"utc":"16:55:00","flight":"UA487"},{"day":5,"utc":"12:25:00","flight":"UA832"},{"day":5,"utc":"05:24:00","flight":"UA750"},{"day":5,"utc":"15:33:00","flight":"UA959"},{"day":5,"utc":"21:35:00","flight":"UA515"},{"day":5,"utc":"19:28:00","flight":"UA524"},{"day":6,"utc":"20:38:00","flight":"UA156"},{"day":6,"utc":"15:22:00","flight":"UA124"},{"day":6,"utc":"20:03:00","flight":"UA725"},{"day":6,"utc":"15:27:00","flight":"UA265"}],"distance":392.86287705929243}