{"id":27766,"type":"route","airline":"FR","airlineid":"airline_4296","sourceairport":"RYG","destinationairport":"EDI","stops":0,"equipment":"738","schedule":[{"day":0,"utc":"06:51:00","flight":"FR996"},{"day":1,"utc":"01:54:00","flight":"FR168"},{"day":1,"utc":"05:42:00","flight":"FR430"},{"day":1,"utc":"14:20:00","flight":"FR903"},{"day":1,"utc":"02:22:00","flight":"FR728"},{"day":2,"utc":"18:14:00","flight":"FR801"},{"day":2,"utc":"23:49:00","flight":"FR790"},{"day":2,"utc":"23:00:00","flight":"FR079"},{"day":2,"utc":"10:09:00","flight":"FR663"},{"day":3,"utc":"01:39:00","flight":"FR609"},{"day":4,"utc":"08:34:00","flight":"FR963"},{"day":4,"utc":"12:51:00","flight":"FR405"},{"day":4,"utc":"07:42:00","flight":"FR290"},{"day":4,"utc":"00:40:00","flight":"FR317"},{"day":5,"utc":"22:34:00","flight":"FR648"},{"day":5,"utc":"07:19:00","flight":"FR701"},{"day":5,"utc":"02:56:00","flight":"FR404"},{"day":6,"utc":"08:30:00","flight":"FR855"},{"day":6,"utc":"05:20:00","flight":"FR771"},{"day":6,"utc":"04:09:00","flight":"FR163"},{"day":6,"utc":"01:47:00","flight":"FR421"}],"distance":921.9821208962951}