{"id":56760,"type":"route","airline":"UA","airlineid":"airline_5209","sourceairport":"IAH","destinationairport":"GSP","stops":0,"equipment":"ERJ","schedule":[{"day":0,"utc":"02:15:00","flight":"UA619"},{"day":1,"utc":"22:20:00","flight":"UA012"},{"day":1,"utc":"21:54:00","flight":"UA692"},{"day":1,"utc":"04:39:00","flight":"UA811"},{"day":1,"utc":"10:22:00","flight":"UA440"},{"day":2,"utc":"20:02:00","flight":"UA578"},{"day":2,"utc":"21:07:00","flight":"UA837"},{"day":3,"utc":"14:28:00","flight":"UA531"},{"day":3,"utc":"17:26:00","flight":"UA899"},{"day":4,"utc":"19:42:00","flight":"UA082"},{"day":4,"utc":"19:55:00","flight":"UA367"},{"day":4,"utc":"14:48:00","flight":"UA648"},{"day":5,"utc":"14:51:00","flight":"UA527"},{"day":5,"utc":"20:42:00","flight":"UA573"},{"day":5,"utc":"22:53:00","flight":"UA319"},{"day":5,"utc":"02:32:00","flight":"UA665"},{"day":6,"utc":"16:11:00","flight":"UA511"},{"day":6,"utc":"05:23:00","flight":"UA964"}],"distance":1345.641749367861}