{"id":9817,"type":"route","airline":"AF","airlineid":"airline_137","sourceairport":"NTE","destinationairport":"AJA","stops":0,"equipment":"320","schedule":[{"day":0,"utc":"15:27:00","flight":"AF482"},{"day":0,"utc":"07:20:00","flight":"AF681"},{"day":0,"utc":"03:33:00","flight":"AF359"},{"day":0,"utc":"06:55:00","flight":"AF191"},{"day":1,"utc":"03:25:00","flight":"AF913"},{"day":1,"utc":"08:29:00","flight":"AF578"},{"day":1,"utc":"01:18:00","flight":"AF855"},{"day":1,"utc":"19:12:00","flight":"AF028"},{"day":1,"utc":"03:11:00","flight":"AF222"},{"day":2,"utc":"11:21:00","flight":"AF054"},{"day":2,"utc":"10:26:00","flight":"AF274"},{"day":3,"utc":"05:35:00","flight":"AF407"},{"day":3,"utc":"02:54:00","flight":"AF854"},{"day":3,"utc":"12:55:00","flight":"AF421"},{"day":4,"utc":"23:21:00","flight":"AF926"},{"day":5,"utc":"00:11:00","flight":"AF610"},{"day":5,"utc":"02:06:00","flight":"AF149"},{"day":5,"utc":"11:32:00","flight":"AF289"},{"day":6,"utc":"16:24:00","flight":"AF182"},{"day":6,"utc":"05:46:00","flight":"AF930"},{"day":6,"utc":"16:04:00","flight":"AF717"}],"distance":1008.2608421722666}