{"id":12994,"type":"route","airline":"AZ","airlineid":"airline_596","sourceairport":"ATL","destinationairport":"GNV","stops":0,"equipment":"CR9 717","schedule":[{"day":0,"utc":"16:54:00","flight":"AZ165"},{"day":0,"utc":"14:11:00","flight":"AZ329"},{"day":0,"utc":"05:44:00","flight":"AZ764"},{"day":0,"utc":"22:50:00","flight":"AZ034"},{"day":1,"utc":"16:37:00","flight":"AZ588"},{"day":1,"utc":"12:16:00","flight":"AZ701"},{"day":1,"utc":"11:50:00","flight":"AZ255"},{"day":1,"utc":"23:30:00","flight":"AZ885"},{"day":2,"utc":"22:36:00","flight":"AZ377"},{"day":2,"utc":"06:44:00","flight":"AZ787"},{"day":2,"utc":"05:32:00","flight":"AZ664"},{"day":3,"utc":"21:34:00","flight":"AZ345"},{"day":3,"utc":"00:23:00","flight":"AZ300"},{"day":3,"utc":"16:21:00","flight":"AZ124"},{"day":3,"utc":"07:57:00","flight":"AZ664"},{"day":4,"utc":"20:50:00","flight":"AZ675"},{"day":4,"utc":"23:12:00","flight":"AZ993"},{"day":4,"utc":"13:17:00","flight":"AZ708"},{"day":4,"utc":"23:03:00","flight":"AZ517"},{"day":4,"utc":"20:27:00","flight":"AZ789"},{"day":5,"utc":"01:21:00","flight":"AZ717"},{"day":6,"utc":"16:09:00","flight":"AZ418"},{"day":6,"utc":"20:58:00","flight":"AZ842"}],"distance":483.9417338997093}