{"id":5475,"type":"route","airline":"AA","airlineid":"airline_24","sourceairport":"GPT","destinationairport":"DFW","stops":0,"equipment":"ERD ER4","schedule":[{"day":0,"utc":"14:12:00","flight":"AA470"},{"day":0,"utc":"03:10:00","flight":"AA233"},{"day":0,"utc":"14:30:00","flight":"AA433"},{"day":0,"utc":"19:25:00","flight":"AA115"},{"day":1,"utc":"14:07:00","flight":"AA548"},{"day":1,"utc":"01:13:00","flight":"AA410"},{"day":1,"utc":"09:43:00","flight":"AA660"},{"day":1,"utc":"22:10:00","flight":"AA856"},{"day":1,"utc":"23:49:00","flight":"AA364"},{"day":2,"utc":"12:43:00","flight":"AA135"},{"day":2,"utc":"15:20:00","flight":"AA408"},{"day":2,"utc":"09:29:00","flight":"AA821"},{"day":3,"utc":"22:48:00","flight":"AA986"},{"day":3,"utc":"02:38:00","flight":"AA091"},{"day":3,"utc":"22:10:00","flight":"AA965"},{"day":3,"utc":"10:40:00","flight":"AA344"},{"day":4,"utc":"03:16:00","flight":"AA752"},{"day":4,"utc":"15:55:00","flight":"AA730"},{"day":4,"utc":"11:46:00","flight":"AA660"},{"day":4,"utc":"02:41:00","flight":"AA239"},{"day":5,"utc":"00:07:00","flight":"AA240"},{"day":5,"utc":"05:41:00","flight":"AA616"},{"day":5,"utc":"21:33:00","flight":"AA306"},{"day":6,"utc":"20:45:00","flight":"AA688"},{"day":6,"utc":"18:08:00","flight":"AA865"}],"distance":803.1206865735082}