{"id":57872,"type":"route","airline":"UA","airlineid":"airline_5209","sourceairport":"YQR","destinationairport":"ORD","stops":0,"equipment":"CRJ","schedule":[{"day":0,"utc":"06:23:00","flight":"UA399"},{"day":1,"utc":"22:52:00","flight":"UA638"},{"day":1,"utc":"03:21:00","flight":"UA330"},{"day":2,"utc":"01:59:00","flight":"UA268"},{"day":2,"utc":"06:18:00","flight":"UA375"},{"day":2,"utc":"22:44:00","flight":"UA844"},{"day":2,"utc":"17:51:00","flight":"UA722"},{"day":2,"utc":"11:58:00","flight":"UA086"},{"day":3,"utc":"18:34:00","flight":"UA766"},{"day":3,"utc":"19:01:00","flight":"UA708"},{"day":3,"utc":"16:50:00","flight":"UA225"},{"day":4,"utc":"16:56:00","flight":"UA784"},{"day":4,"utc":"01:34:00","flight":"UA831"},{"day":4,"utc":"15:33:00","flight":"UA872"},{"day":4,"utc":"05:59:00","flight":"UA698"},{"day":5,"utc":"13:52:00","flight":"UA350"},{"day":6,"utc":"11:44:00","flight":"UA955"},{"day":6,"utc":"14:33:00","flight":"UA873"}],"distance":1590.0254055052985}