{"id":27273,"type":"route","airline":"FR","airlineid":"airline_4296","sourceairport":"MAN","destinationairport":"IBZ","stops":0,"equipment":"738","schedule":[{"day":0,"utc":"00:10:00","flight":"FR579"},{"day":1,"utc":"01:53:00","flight":"FR508"},{"day":1,"utc":"13:48:00","flight":"FR498"},{"day":1,"utc":"05:01:00","flight":"FR088"},{"day":1,"utc":"21:34:00","flight":"FR642"},{"day":1,"utc":"06:01:00","flight":"FR917"},{"day":2,"utc":"20:53:00","flight":"FR504"},{"day":2,"utc":"10:50:00","flight":"FR187"},{"day":2,"utc":"22:40:00","flight":"FR907"},{"day":3,"utc":"02:20:00","flight":"FR816"},{"day":3,"utc":"19:21:00","flight":"FR338"},{"day":3,"utc":"00:29:00","flight":"FR690"},{"day":3,"utc":"16:03:00","flight":"FR450"},{"day":4,"utc":"03:05:00","flight":"FR833"},{"day":5,"utc":"21:26:00","flight":"FR092"},{"day":5,"utc":"08:44:00","flight":"FR936"},{"day":5,"utc":"13:24:00","flight":"FR654"},{"day":5,"utc":"09:52:00","flight":"FR884"},{"day":5,"utc":"04:45:00","flight":"FR851"},{"day":6,"utc":"22:40:00","flight":"FR017"},{"day":6,"utc":"13:33:00","flight":"FR726"},{"day":6,"utc":"14:26:00","flight":"FR765"}],"distance":1634.0189973377674}