{"id":64168,"type":"route","airline":"WN","airlineid":"airline_4547","sourceairport":"MSP","destinationairport":"ATL","stops":0,"equipment":"717","schedule":[{"day":0,"utc":"02:45:00","flight":"WN916"},{"day":0,"utc":"15:26:00","flight":"WN286"},{"day":0,"utc":"22:46:00","flight":"WN170"},{"day":0,"utc":"17:01:00","flight":"WN959"},{"day":0,"utc":"06:22:00","flight":"WN830"},{"day":1,"utc":"23:23:00","flight":"WN489"},{"day":1,"utc":"19:30:00","flight":"WN184"},{"day":2,"utc":"06:20:00","flight":"WN357"},{"day":2,"utc":"01:35:00","flight":"WN984"},{"day":3,"utc":"11:55:00","flight":"WN041"},{"day":3,"utc":"01:03:00","flight":"WN355"},{"day":3,"utc":"05:06:00","flight":"WN060"},{"day":3,"utc":"07:56:00","flight":"WN195"},{"day":3,"utc":"05:02:00","flight":"WN458"},{"day":4,"utc":"14:27:00","flight":"WN660"},{"day":4,"utc":"02:16:00","flight":"WN255"},{"day":4,"utc":"23:59:00","flight":"WN608"},{"day":4,"utc":"20:56:00","flight":"WN108"},{"day":5,"utc":"12:03:00","flight":"WN809"},{"day":5,"utc":"00:35:00","flight":"WN573"},{"day":5,"utc":"19:22:00","flight":"WN227"},{"day":5,"utc":"15:46:00","flight":"WN909"},{"day":6,"utc":"18:35:00","flight":"WN190"},{"day":6,"utc":"01:16:00","flight":"WN196"},{"day":6,"utc":"19:50:00","flight":"WN578"}],"distance":1459.7121738368726}