{"id":22533,"type":"route","airline":"DY","airlineid":"airline_3737","sourceairport":"LGW","destinationairport":"TRD","stops":0,"equipment":"73H","schedule":[{"day":0,"utc":"12:17:00","flight":"DY859"},{"day":0,"utc":"10:37:00","flight":"DY304"},{"day":0,"utc":"18:25:00","flight":"DY790"},{"day":1,"utc":"10:38:00","flight":"DY790"},{"day":1,"utc":"03:26:00","flight":"DY852"},{"day":1,"utc":"01:58:00","flight":"DY140"},{"day":2,"utc":"04:05:00","flight":"DY749"},{"day":2,"utc":"22:39:00","flight":"DY555"},{"day":2,"utc":"08:07:00","flight":"DY883"},{"day":2,"utc":"23:34:00","flight":"DY055"},{"day":3,"utc":"18:34:00","flight":"DY190"},{"day":4,"utc":"04:18:00","flight":"DY636"},{"day":4,"utc":"13:06:00","flight":"DY660"},{"day":4,"utc":"10:35:00","flight":"DY796"},{"day":4,"utc":"11:51:00","flight":"DY947"},{"day":4,"utc":"09:32:00","flight":"DY340"},{"day":5,"utc":"04:05:00","flight":"DY531"},{"day":6,"utc":"04:16:00","flight":"DY380"},{"day":6,"utc":"00:20:00","flight":"DY512"},{"day":6,"utc":"07:02:00","flight":"DY718"},{"day":6,"utc":"08:34:00","flight":"DY385"},{"day":6,"utc":"03:06:00","flight":"DY335"}],"distance":1517.889797837647}