{"id":59929,"type":"route","airline":"US","airlineid":"airline_5265","sourceairport":"ORD","destinationairport":"LSE","stops":0,"equipment":"ER4 ERD","schedule":[{"day":0,"utc":"08:53:00","flight":"US177"},{"day":0,"utc":"22:47:00","flight":"US087"},{"day":0,"utc":"09:25:00","flight":"US430"},{"day":1,"utc":"06:52:00","flight":"US812"},{"day":1,"utc":"21:05:00","flight":"US060"},{"day":1,"utc":"12:04:00","flight":"US384"},{"day":1,"utc":"02:41:00","flight":"US803"},{"day":2,"utc":"05:29:00","flight":"US654"},{"day":2,"utc":"02:10:00","flight":"US551"},{"day":2,"utc":"19:51:00","flight":"US542"},{"day":2,"utc":"21:18:00","flight":"US920"},{"day":2,"utc":"13:22:00","flight":"US066"},{"day":3,"utc":"17:05:00","flight":"US543"},{"day":4,"utc":"17:08:00","flight":"US466"},{"day":5,"utc":"15:50:00","flight":"US437"},{"day":5,"utc":"23:48:00","flight":"US149"},{"day":5,"utc":"07:47:00","flight":"US266"},{"day":5,"utc":"15:40:00","flight":"US300"},{"day":5,"utc":"22:22:00","flight":"US326"},{"day":6,"utc":"03:46:00","flight":"US185"}],"distance":345.0980901526278}