{"id":43535,"type":"route","airline":"NK","airlineid":"airline_4687","sourceairport":"PBG","destinationairport":"MYR","stops":0,"equipment":"320","schedule":[{"day":0,"utc":"16:39:00","flight":"NK027"},{"day":0,"utc":"13:35:00","flight":"NK719"},{"day":0,"utc":"05:24:00","flight":"NK354"},{"day":0,"utc":"15:37:00","flight":"NK299"},{"day":0,"utc":"21:13:00","flight":"NK609"},{"day":1,"utc":"12:26:00","flight":"NK060"},{"day":1,"utc":"10:33:00","flight":"NK115"},{"day":1,"utc":"04:23:00","flight":"NK837"},{"day":1,"utc":"13:04:00","flight":"NK851"},{"day":2,"utc":"04:53:00","flight":"NK173"},{"day":3,"utc":"10:53:00","flight":"NK924"},{"day":4,"utc":"15:55:00","flight":"NK439"},{"day":4,"utc":"12:00:00","flight":"NK157"},{"day":4,"utc":"15:21:00","flight":"NK623"},{"day":4,"utc":"05:24:00","flight":"NK450"},{"day":4,"utc":"05:19:00","flight":"NK733"},{"day":5,"utc":"13:43:00","flight":"NK847"},{"day":5,"utc":"00:20:00","flight":"NK786"},{"day":6,"utc":"17:16:00","flight":"NK317"},{"day":6,"utc":"01:02:00","flight":"NK732"},{"day":6,"utc":"19:02:00","flight":"NK125"},{"day":6,"utc":"00:56:00","flight":"NK625"}],"distance":1306.8101025673532}