{"id":59587,"type":"route","airline":"US","airlineid":"airline_5265","sourceairport":"LHR","destinationairport":"PHL","stops":0,"equipment":"333","schedule":[{"day":0,"utc":"22:34:00","flight":"US754"},{"day":0,"utc":"03:15:00","flight":"US852"},{"day":0,"utc":"02:12:00","flight":"US343"},{"day":0,"utc":"21:27:00","flight":"US633"},{"day":0,"utc":"06:31:00","flight":"US327"},{"day":1,"utc":"17:39:00","flight":"US872"},{"day":1,"utc":"16:48:00","flight":"US378"},{"day":1,"utc":"05:30:00","flight":"US662"},{"day":1,"utc":"18:02:00","flight":"US924"},{"day":1,"utc":"06:39:00","flight":"US620"},{"day":2,"utc":"07:22:00","flight":"US783"},{"day":2,"utc":"07:18:00","flight":"US835"},{"day":2,"utc":"03:33:00","flight":"US996"},{"day":2,"utc":"13:17:00","flight":"US857"},{"day":2,"utc":"11:43:00","flight":"US840"},{"day":3,"utc":"11:23:00","flight":"US268"},{"day":3,"utc":"08:27:00","flight":"US153"},{"day":3,"utc":"14:06:00","flight":"US329"},{"day":3,"utc":"11:23:00","flight":"US972"},{"day":4,"utc":"07:30:00","flight":"US725"},{"day":4,"utc":"11:10:00","flight":"US198"},{"day":4,"utc":"18:13:00","flight":"US013"},{"day":4,"utc":"08:33:00","flight":"US485"},{"day":5,"utc":"22:47:00","flight":"US336"},{"day":5,"utc":"11:34:00","flight":"US354"},{"day":5,"utc":"17:23:00","flight":"US817"},{"day":5,"utc":"07:43:00","flight":"US833"},{"day":5,"utc":"08:12:00","flight":"US964"},{"day":6,"utc":"14:03:00","flight":"US516"},{"day":6,"utc":"14:29:00","flight":"US260"},{"day":6,"utc":"18:54:00","flight":"US198"},{"day":6,"utc":"06:31:00","flight":"US727"},{"day":6,"utc":"23:28:00","flight":"US928"}],"distance":5689.588298777231}