{"id":59641,"type":"route","airline":"US","airlineid":"airline_5265","sourceairport":"MCO","destinationairport":"DCA","stops":0,"equipment":"319 320","schedule":[{"day":0,"utc":"00:05:00","flight":"US015"},{"day":0,"utc":"15:00:00","flight":"US304"},{"day":0,"utc":"10:02:00","flight":"US575"},{"day":0,"utc":"20:40:00","flight":"US440"},{"day":1,"utc":"23:59:00","flight":"US428"},{"day":1,"utc":"23:00:00","flight":"US638"},{"day":1,"utc":"11:36:00","flight":"US069"},{"day":1,"utc":"15:49:00","flight":"US624"},{"day":1,"utc":"21:01:00","flight":"US682"},{"day":2,"utc":"00:35:00","flight":"US399"},{"day":2,"utc":"01:41:00","flight":"US151"},{"day":2,"utc":"08:11:00","flight":"US935"},{"day":2,"utc":"13:29:00","flight":"US911"},{"day":2,"utc":"06:01:00","flight":"US724"},{"day":3,"utc":"09:08:00","flight":"US061"},{"day":3,"utc":"18:33:00","flight":"US558"},{"day":4,"utc":"08:38:00","flight":"US990"},{"day":4,"utc":"01:14:00","flight":"US762"},{"day":4,"utc":"06:16:00","flight":"US511"},{"day":4,"utc":"16:44:00","flight":"US706"},{"day":5,"utc":"18:28:00","flight":"US121"},{"day":5,"utc":"21:17:00","flight":"US141"},{"day":5,"utc":"19:07:00","flight":"US344"},{"day":6,"utc":"18:41:00","flight":"US229"},{"day":6,"utc":"23:11:00","flight":"US235"},{"day":6,"utc":"12:53:00","flight":"US189"}],"distance":1224.124835460406}