{"title":"Santa Monica","name":"Tacos Por Favor","alt":null,"address":"1406 Olympic Blvd","directions":null,"phone":"+1 310 392-5768","tollfree":null,"email":null,"url":"http://www.tacosporfavor.net/","hours":"Mon-Sat 8AM-8PM closed Sundays","image":null,"price":null,"content":"Fresh, cooked to order Mexican food in a taqueria atmosphere. It features good tacos and an excellent chicken mole burrito. Don't miss the pickled carrots and jalepeños in the salsa bar.","geo":{"lat":34.01962,"lon":-118.48021,"accuracy":"ROOFTOP"},"activity":"eat","type":"landmark","id":26468,"country":"United States","city":"Santa Monica","state":"California"}