{"id":59895,"type":"route","airline":"US","airlineid":"airline_5265","sourceairport":"ORD","destinationairport":"DAY","stops":0,"equipment":"ER4","schedule":[{"day":0,"utc":"07:19:00","flight":"US652"},{"day":0,"utc":"19:21:00","flight":"US166"},{"day":0,"utc":"20:14:00","flight":"US778"},{"day":0,"utc":"13:41:00","flight":"US218"},{"day":1,"utc":"06:00:00","flight":"US925"},{"day":2,"utc":"06:17:00","flight":"US913"},{"day":2,"utc":"07:42:00","flight":"US203"},{"day":2,"utc":"21:48:00","flight":"US904"},{"day":2,"utc":"19:48:00","flight":"US584"},{"day":3,"utc":"22:31:00","flight":"US509"},{"day":3,"utc":"15:40:00","flight":"US837"},{"day":3,"utc":"23:45:00","flight":"US273"},{"day":3,"utc":"23:20:00","flight":"US458"},{"day":3,"utc":"18:25:00","flight":"US977"},{"day":4,"utc":"20:46:00","flight":"US418"},{"day":4,"utc":"12:56:00","flight":"US894"},{"day":4,"utc":"05:11:00","flight":"US095"},{"day":5,"utc":"03:35:00","flight":"US419"},{"day":6,"utc":"09:53:00","flight":"US272"},{"day":6,"utc":"08:13:00","flight":"US831"}],"distance":386.1088325691433}