{"id":21466,"type":"route","airline":"DL","airlineid":"airline_2009","sourceairport":"MSY","destinationairport":"CVG","stops":0,"equipment":"ERJ","schedule":[{"day":0,"utc":"00:20:00","flight":"DL771"},{"day":0,"utc":"09:20:00","flight":"DL336"},{"day":0,"utc":"10:46:00","flight":"DL712"},{"day":0,"utc":"22:09:00","flight":"DL167"},{"day":1,"utc":"07:32:00","flight":"DL839"},{"day":1,"utc":"19:28:00","flight":"DL377"},{"day":1,"utc":"08:32:00","flight":"DL618"},{"day":1,"utc":"18:51:00","flight":"DL510"},{"day":1,"utc":"20:07:00","flight":"DL747"},{"day":2,"utc":"21:42:00","flight":"DL880"},{"day":2,"utc":"10:14:00","flight":"DL157"},{"day":2,"utc":"17:29:00","flight":"DL753"},{"day":3,"utc":"06:04:00","flight":"DL507"},{"day":3,"utc":"23:45:00","flight":"DL877"},{"day":4,"utc":"08:44:00","flight":"DL217"},{"day":4,"utc":"01:21:00","flight":"DL831"},{"day":4,"utc":"01:21:00","flight":"DL401"},{"day":4,"utc":"07:34:00","flight":"DL220"},{"day":4,"utc":"19:29:00","flight":"DL437"},{"day":5,"utc":"10:25:00","flight":"DL290"},{"day":5,"utc":"08:02:00","flight":"DL558"},{"day":5,"utc":"12:35:00","flight":"DL419"},{"day":5,"utc":"21:23:00","flight":"DL266"},{"day":6,"utc":"12:16:00","flight":"DL988"},{"day":6,"utc":"05:06:00","flight":"DL004"},{"day":6,"utc":"08:09:00","flight":"DL098"},{"day":6,"utc":"02:41:00","flight":"DL254"}],"distance":1129.067941745388}