{"id":5422,"type":"route","airline":"AA","airlineid":"airline_24","sourceairport":"FCO","destinationairport":"LHR","stops":0,"equipment":"321 767 319 320","schedule":[{"day":0,"utc":"22:45:00","flight":"AA396"},{"day":0,"utc":"15:12:00","flight":"AA201"},{"day":0,"utc":"19:09:00","flight":"AA522"},{"day":0,"utc":"13:19:00","flight":"AA560"},{"day":0,"utc":"09:31:00","flight":"AA444"},{"day":1,"utc":"13:21:00","flight":"AA586"},{"day":1,"utc":"12:13:00","flight":"AA098"},{"day":1,"utc":"11:55:00","flight":"AA649"},{"day":1,"utc":"18:20:00","flight":"AA965"},{"day":2,"utc":"11:26:00","flight":"AA646"},{"day":2,"utc":"01:23:00","flight":"AA842"},{"day":3,"utc":"22:16:00","flight":"AA221"},{"day":3,"utc":"20:50:00","flight":"AA172"},{"day":3,"utc":"03:09:00","flight":"AA409"},{"day":4,"utc":"06:14:00","flight":"AA732"},{"day":5,"utc":"13:04:00","flight":"AA930"},{"day":5,"utc":"22:39:00","flight":"AA763"},{"day":6,"utc":"15:38:00","flight":"AA623"}],"distance":1444.6157568812457}