{"title":"Paris/1st arrondissement","name":"La Robe et le Palais","alt":null,"address":"13, rue des Lavandieres Sainte Opportune","directions":null,"phone":"+33 1 45 08 07 41","tollfree":null,"email":null,"url":"http://www.larobeetlepalais.com/","hours":"M-Sa noon-14:40 & 19:30-23:00","image":null,"price":null,"content":"Small restaurant serving mostly tasty Basque food. Fantastic choice of wines.","geo":{"lat":48.858616,"lon":2.345878,"accuracy":"APPROXIMATE"},"activity":"eat","type":"landmark","id":21712,"country":"France","city":"Paris-1ER-Arrondissement","state":"Île-de-France"}