{"id":43562,"type":"route","airline":"NK","airlineid":"airline_4687","sourceairport":"STT","destinationairport":"FLL","stops":0,"equipment":"319","schedule":[{"day":0,"utc":"08:42:00","flight":"NK762"},{"day":0,"utc":"23:18:00","flight":"NK798"},{"day":0,"utc":"22:48:00","flight":"NK779"},{"day":0,"utc":"21:31:00","flight":"NK569"},{"day":0,"utc":"21:46:00","flight":"NK453"},{"day":1,"utc":"19:36:00","flight":"NK511"},{"day":1,"utc":"06:44:00","flight":"NK237"},{"day":1,"utc":"16:39:00","flight":"NK571"},{"day":1,"utc":"15:00:00","flight":"NK807"},{"day":1,"utc":"06:37:00","flight":"NK374"},{"day":2,"utc":"07:17:00","flight":"NK736"},{"day":2,"utc":"09:17:00","flight":"NK049"},{"day":3,"utc":"12:18:00","flight":"NK364"},{"day":3,"utc":"11:52:00","flight":"NK429"},{"day":3,"utc":"11:53:00","flight":"NK214"},{"day":3,"utc":"16:46:00","flight":"NK783"},{"day":4,"utc":"03:46:00","flight":"NK402"},{"day":5,"utc":"16:14:00","flight":"NK781"},{"day":5,"utc":"10:43:00","flight":"NK005"},{"day":5,"utc":"18:12:00","flight":"NK911"},{"day":6,"utc":"21:07:00","flight":"NK392"},{"day":6,"utc":"15:54:00","flight":"NK686"},{"day":6,"utc":"06:34:00","flight":"NK225"}],"distance":1781.6288458963747}