{"id":56275,"type":"route","airline":"UA","airlineid":"airline_5209","sourceairport":"ELP","destinationairport":"DEN","stops":0,"equipment":"ERJ CRJ","schedule":[{"day":0,"utc":"12:15:00","flight":"UA806"},{"day":0,"utc":"00:06:00","flight":"UA079"},{"day":1,"utc":"01:56:00","flight":"UA162"},{"day":1,"utc":"06:10:00","flight":"UA364"},{"day":2,"utc":"15:20:00","flight":"UA145"},{"day":2,"utc":"12:43:00","flight":"UA530"},{"day":2,"utc":"03:15:00","flight":"UA375"},{"day":2,"utc":"03:03:00","flight":"UA685"},{"day":3,"utc":"17:38:00","flight":"UA757"},{"day":3,"utc":"06:19:00","flight":"UA152"},{"day":3,"utc":"04:27:00","flight":"UA650"},{"day":4,"utc":"04:54:00","flight":"UA627"},{"day":4,"utc":"00:03:00","flight":"UA117"},{"day":4,"utc":"04:14:00","flight":"UA343"},{"day":4,"utc":"19:14:00","flight":"UA158"},{"day":5,"utc":"22:06:00","flight":"UA893"},{"day":6,"utc":"15:51:00","flight":"UA297"},{"day":6,"utc":"18:28:00","flight":"UA573"},{"day":6,"utc":"22:18:00","flight":"UA000"},{"day":6,"utc":"15:09:00","flight":"UA223"}],"distance":908.6378001264394}