{"title":"San Francisco/Golden Gate","name":"Fort Winfield Scott","alt":null,"address":"Ruckman Ave","directions":"near Appleton St","phone":null,"tollfree":null,"email":null,"url":"http://www.nps.gov/prsf/planyourvisit/fort-winfield-scott.htm","hours":null,"image":null,"price":"Free","content":"Situated near the gun batteries of the coastal bluffs, Fort Scott was established in 1912 to serve as headquarters for the Coastal Artillery Corps of the San Francisco Bay area. Spanish Revival style buildings, the first of this style to be built on the Presidio, characterize the post, and the U-shaped parade ground breaks from traditional quadrangular design. The post was eventually converted to an Army Education Center.","geo":{"lat":37.801,"lon":-122.4745,"accuracy":"APPROXIMATE"},"activity":"see","type":"landmark","id":25706,"country":"United States","city":"San Francisco","state":"California"}