{"id":11879,"type":"route","airline":"AS","airlineid":"airline_439","sourceairport":"RNO","destinationairport":"SJC","stops":0,"equipment":"DH4","schedule":[{"day":0,"utc":"21:10:00","flight":"AS700"},{"day":1,"utc":"06:23:00","flight":"AS684"},{"day":2,"utc":"12:54:00","flight":"AS070"},{"day":2,"utc":"20:16:00","flight":"AS498"},{"day":2,"utc":"06:13:00","flight":"AS093"},{"day":2,"utc":"10:43:00","flight":"AS828"},{"day":3,"utc":"00:46:00","flight":"AS624"},{"day":4,"utc":"11:09:00","flight":"AS486"},{"day":4,"utc":"03:55:00","flight":"AS740"},{"day":5,"utc":"03:53:00","flight":"AS436"},{"day":5,"utc":"06:48:00","flight":"AS674"},{"day":6,"utc":"19:37:00","flight":"AS692"},{"day":6,"utc":"03:11:00","flight":"AS952"}],"distance":303.0760462059467}