{"id":20559,"type":"route","airline":"DL","airlineid":"airline_2009","sourceairport":"DFW","destinationairport":"MSP","stops":0,"equipment":"319","schedule":[{"day":0,"utc":"21:49:00","flight":"DL805"},{"day":0,"utc":"10:14:00","flight":"DL875"},{"day":0,"utc":"05:15:00","flight":"DL076"},{"day":1,"utc":"05:04:00","flight":"DL137"},{"day":1,"utc":"15:29:00","flight":"DL520"},{"day":1,"utc":"14:17:00","flight":"DL147"},{"day":1,"utc":"00:19:00","flight":"DL874"},{"day":1,"utc":"03:03:00","flight":"DL868"},{"day":2,"utc":"20:08:00","flight":"DL522"},{"day":2,"utc":"03:53:00","flight":"DL168"},{"day":2,"utc":"12:18:00","flight":"DL713"},{"day":2,"utc":"05:17:00","flight":"DL593"},{"day":3,"utc":"20:22:00","flight":"DL747"},{"day":3,"utc":"04:33:00","flight":"DL047"},{"day":3,"utc":"17:07:00","flight":"DL665"},{"day":4,"utc":"20:17:00","flight":"DL654"},{"day":4,"utc":"17:57:00","flight":"DL311"},{"day":5,"utc":"16:33:00","flight":"DL001"},{"day":5,"utc":"18:23:00","flight":"DL789"},{"day":5,"utc":"11:07:00","flight":"DL819"},{"day":6,"utc":"14:32:00","flight":"DL611"},{"day":6,"utc":"21:26:00","flight":"DL274"},{"day":6,"utc":"03:05:00","flight":"DL384"}],"distance":1372.5708820523548}