{"title":"San Francisco/Chinatown-North Beach","name":"Specs","alt":null,"address":"12 William Saroyan Pl","directions":"down a small alley off of Columbus Ave, around the corner from Tosca","phone":"+1 415 421-4112","tollfree":null,"email":null,"url":null,"hours":"F-Sa 5PM-2AM, Su-Th 4:30PM-2AM","image":null,"price":null,"content":"Mariner's hangout and general dive bar in North Beach, this is a hidden gem.","geo":{"lat":37.7976,"lon":-122.406,"accuracy":"APPROXIMATE"},"activity":"drink","type":"landmark","id":25478,"country":"United States","city":"San Francisco","state":"California"}