{"id":36435,"type":"route","airline":"KL","airlineid":"airline_3090","sourceairport":"ATL","destinationairport":"PIT","stops":0,"equipment":"CR9 M88","schedule":[{"day":0,"utc":"17:33:00","flight":"KL605"},{"day":0,"utc":"00:28:00","flight":"KL082"},{"day":0,"utc":"14:18:00","flight":"KL775"},{"day":0,"utc":"21:49:00","flight":"KL505"},{"day":0,"utc":"04:30:00","flight":"KL033"},{"day":1,"utc":"10:44:00","flight":"KL046"},{"day":1,"utc":"05:25:00","flight":"KL920"},{"day":1,"utc":"04:18:00","flight":"KL070"},{"day":1,"utc":"05:32:00","flight":"KL440"},{"day":2,"utc":"11:43:00","flight":"KL465"},{"day":2,"utc":"18:23:00","flight":"KL041"},{"day":2,"utc":"12:36:00","flight":"KL250"},{"day":2,"utc":"02:29:00","flight":"KL861"},{"day":2,"utc":"16:37:00","flight":"KL372"},{"day":3,"utc":"05:06:00","flight":"KL018"},{"day":3,"utc":"08:50:00","flight":"KL954"},{"day":4,"utc":"17:19:00","flight":"KL820"},{"day":5,"utc":"18:22:00","flight":"KL249"},{"day":5,"utc":"14:55:00","flight":"KL115"},{"day":5,"utc":"17:01:00","flight":"KL418"},{"day":6,"utc":"17:19:00","flight":"KL674"}],"distance":847.9729560028104}