{"id":21935,"type":"route","airline":"DL","airlineid":"airline_2009","sourceairport":"TYS","destinationairport":"LGA","stops":0,"equipment":"CRJ","schedule":[{"day":0,"utc":"23:54:00","flight":"DL970"},{"day":0,"utc":"21:12:00","flight":"DL892"},{"day":0,"utc":"01:34:00","flight":"DL061"},{"day":0,"utc":"14:08:00","flight":"DL294"},{"day":1,"utc":"17:30:00","flight":"DL894"},{"day":1,"utc":"05:04:00","flight":"DL128"},{"day":1,"utc":"20:01:00","flight":"DL692"},{"day":1,"utc":"15:57:00","flight":"DL023"},{"day":1,"utc":"12:11:00","flight":"DL073"},{"day":2,"utc":"00:43:00","flight":"DL111"},{"day":2,"utc":"23:17:00","flight":"DL942"},{"day":2,"utc":"10:40:00","flight":"DL886"},{"day":2,"utc":"22:24:00","flight":"DL958"},{"day":2,"utc":"09:32:00","flight":"DL880"},{"day":3,"utc":"09:29:00","flight":"DL385"},{"day":3,"utc":"09:22:00","flight":"DL170"},{"day":3,"utc":"15:10:00","flight":"DL528"},{"day":4,"utc":"00:13:00","flight":"DL205"},{"day":4,"utc":"00:56:00","flight":"DL729"},{"day":5,"utc":"18:12:00","flight":"DL310"},{"day":5,"utc":"01:53:00","flight":"DL631"},{"day":5,"utc":"12:45:00","flight":"DL320"},{"day":6,"utc":"12:43:00","flight":"DL590"}],"distance":1040.6656803892283}