{"title":"Whittier","name":"Blue Hills Nursery","alt":null,"address":"16440 Whittier Blvd.","directions":null,"phone":"+1 562 947-2013","tollfree":null,"email":null,"url":null,"hours":null,"image":null,"price":null,"content":"Who knew that Southern California's DIY green-thumb mecca was located in Whittier? Knowledgeable gardeners, that's who. The staff here know everything there is to know about, well, gardening. Bring in a leaf from any plant, and they'll identify it. Seriously.","geo":{"lat":33.939435,"lon":-117.979283,"accuracy":"APPROXIMATE"},"activity":"buy","type":"landmark","id":33328,"country":"United States","city":"Whittier","state":"California"}