{"id":25130,"type":"route","airline":"FL","airlineid":"airline_1316","sourceairport":"IND","destinationairport":"DEN","stops":0,"equipment":"73W","schedule":[{"day":0,"utc":"13:08:00","flight":"FL585"},{"day":1,"utc":"12:52:00","flight":"FL588"},{"day":1,"utc":"23:04:00","flight":"FL656"},{"day":1,"utc":"00:35:00","flight":"FL842"},{"day":2,"utc":"20:32:00","flight":"FL205"},{"day":2,"utc":"11:56:00","flight":"FL364"},{"day":2,"utc":"06:25:00","flight":"FL762"},{"day":2,"utc":"19:12:00","flight":"FL119"},{"day":3,"utc":"05:39:00","flight":"FL347"},{"day":3,"utc":"18:01:00","flight":"FL461"},{"day":4,"utc":"05:05:00","flight":"FL984"},{"day":5,"utc":"02:24:00","flight":"FL373"},{"day":5,"utc":"16:58:00","flight":"FL960"},{"day":5,"utc":"19:31:00","flight":"FL389"},{"day":6,"utc":"13:57:00","flight":"FL541"},{"day":6,"utc":"11:44:00","flight":"FL695"},{"day":6,"utc":"02:55:00","flight":"FL095"},{"day":6,"utc":"03:12:00","flight":"FL640"},{"day":6,"utc":"01:33:00","flight":"FL085"}],"distance":1567.6343609681114}