{"id":6062,"type":"route","airline":"AA","airlineid":"airline_24","sourceairport":"MIA","destinationairport":"LPB","stops":0,"equipment":"757","schedule":[{"day":0,"utc":"08:57:00","flight":"AA096"},{"day":0,"utc":"14:44:00","flight":"AA384"},{"day":0,"utc":"08:35:00","flight":"AA296"},{"day":1,"utc":"18:26:00","flight":"AA172"},{"day":1,"utc":"18:06:00","flight":"AA190"},{"day":1,"utc":"09:39:00","flight":"AA492"},{"day":1,"utc":"10:50:00","flight":"AA529"},{"day":1,"utc":"09:35:00","flight":"AA044"},{"day":2,"utc":"10:47:00","flight":"AA614"},{"day":2,"utc":"22:16:00","flight":"AA307"},{"day":2,"utc":"01:22:00","flight":"AA040"},{"day":2,"utc":"20:29:00","flight":"AA366"},{"day":3,"utc":"02:11:00","flight":"AA228"},{"day":3,"utc":"05:31:00","flight":"AA178"},{"day":3,"utc":"17:07:00","flight":"AA254"},{"day":3,"utc":"22:49:00","flight":"AA671"},{"day":4,"utc":"19:48:00","flight":"AA607"},{"day":4,"utc":"10:58:00","flight":"AA473"},{"day":5,"utc":"20:37:00","flight":"AA020"},{"day":5,"utc":"13:41:00","flight":"AA315"},{"day":5,"utc":"16:33:00","flight":"AA234"},{"day":6,"utc":"22:47:00","flight":"AA878"},{"day":6,"utc":"00:32:00","flight":"AA880"}],"distance":4883.021734883555}