{"id":4622,"type":"route","airline":"A5","airlineid":"airline_1203","sourceairport":"SXB","destinationairport":"LIL","stops":0,"equipment":"ER4 CRJ","schedule":[{"day":0,"utc":"05:05:00","flight":"A5065"},{"day":1,"utc":"11:48:00","flight":"A5650"},{"day":1,"utc":"13:16:00","flight":"A5945"},{"day":1,"utc":"22:09:00","flight":"A5588"},{"day":1,"utc":"02:41:00","flight":"A5139"},{"day":1,"utc":"08:54:00","flight":"A5445"},{"day":2,"utc":"08:20:00","flight":"A5733"},{"day":3,"utc":"18:21:00","flight":"A5098"},{"day":3,"utc":"01:46:00","flight":"A5981"},{"day":3,"utc":"21:58:00","flight":"A5862"},{"day":3,"utc":"01:15:00","flight":"A5450"},{"day":3,"utc":"06:00:00","flight":"A5719"},{"day":4,"utc":"00:59:00","flight":"A5747"},{"day":4,"utc":"08:36:00","flight":"A5944"},{"day":4,"utc":"04:28:00","flight":"A5769"},{"day":4,"utc":"17:51:00","flight":"A5992"},{"day":4,"utc":"16:20:00","flight":"A5188"},{"day":5,"utc":"00:55:00","flight":"A5392"},{"day":5,"utc":"14:33:00","flight":"A5104"},{"day":5,"utc":"13:16:00","flight":"A5565"},{"day":6,"utc":"13:05:00","flight":"A5395"},{"day":6,"utc":"09:34:00","flight":"A5403"}],"distance":397.18514604685936}