{"id":57126,"type":"route","airline":"UA","airlineid":"airline_5209","sourceairport":"MGW","destinationairport":"IAD","stops":0,"equipment":"SF3","schedule":[{"day":0,"utc":"02:43:00","flight":"UA801"},{"day":0,"utc":"09:42:00","flight":"UA738"},{"day":0,"utc":"07:38:00","flight":"UA779"},{"day":1,"utc":"15:43:00","flight":"UA423"},{"day":1,"utc":"23:27:00","flight":"UA906"},{"day":1,"utc":"00:16:00","flight":"UA550"},{"day":2,"utc":"13:53:00","flight":"UA672"},{"day":2,"utc":"14:45:00","flight":"UA871"},{"day":2,"utc":"09:47:00","flight":"UA869"},{"day":3,"utc":"09:58:00","flight":"UA228"},{"day":3,"utc":"04:07:00","flight":"UA451"},{"day":4,"utc":"04:55:00","flight":"UA820"},{"day":5,"utc":"05:04:00","flight":"UA067"},{"day":5,"utc":"13:01:00","flight":"UA692"},{"day":5,"utc":"01:52:00","flight":"UA334"},{"day":5,"utc":"04:24:00","flight":"UA474"},{"day":5,"utc":"11:04:00","flight":"UA726"},{"day":6,"utc":"19:18:00","flight":"UA873"},{"day":6,"utc":"16:57:00","flight":"UA584"},{"day":6,"utc":"16:58:00","flight":"UA675"}],"distance":225.51946209507244}