{"id":14456,"type":"route","airline":"BA","airlineid":"airline_1355","sourceairport":"BRI","destinationairport":"LGW","stops":0,"equipment":"734","schedule":[{"day":0,"utc":"16:06:00","flight":"BA568"},{"day":1,"utc":"12:52:00","flight":"BA949"},{"day":1,"utc":"11:10:00","flight":"BA560"},{"day":1,"utc":"05:33:00","flight":"BA038"},{"day":2,"utc":"10:48:00","flight":"BA401"},{"day":2,"utc":"16:23:00","flight":"BA790"},{"day":2,"utc":"17:01:00","flight":"BA748"},{"day":3,"utc":"13:38:00","flight":"BA850"},{"day":3,"utc":"11:32:00","flight":"BA456"},{"day":4,"utc":"11:54:00","flight":"BA627"},{"day":5,"utc":"19:30:00","flight":"BA775"},{"day":6,"utc":"09:30:00","flight":"BA015"},{"day":6,"utc":"13:34:00","flight":"BA265"}],"distance":1708.5729358810386}