{"id":11204,"type":"route","airline":"AM","airlineid":"airline_321","sourceairport":"RIC","destinationairport":"ATL","stops":0,"equipment":"M90 M88","schedule":[{"day":0,"utc":"20:06:00","flight":"AM389"},{"day":0,"utc":"00:04:00","flight":"AM979"},{"day":1,"utc":"16:53:00","flight":"AM655"},{"day":1,"utc":"23:41:00","flight":"AM452"},{"day":2,"utc":"18:11:00","flight":"AM085"},{"day":2,"utc":"06:55:00","flight":"AM435"},{"day":3,"utc":"18:34:00","flight":"AM963"},{"day":4,"utc":"00:27:00","flight":"AM658"},{"day":4,"utc":"09:32:00","flight":"AM256"},{"day":4,"utc":"08:17:00","flight":"AM281"},{"day":5,"utc":"01:57:00","flight":"AM105"},{"day":5,"utc":"17:32:00","flight":"AM448"},{"day":5,"utc":"21:40:00","flight":"AM058"},{"day":6,"utc":"08:49:00","flight":"AM458"},{"day":6,"utc":"18:55:00","flight":"AM110"}],"distance":773.176920792128}