{"title":"San Francisco/Union Square-Financial District","name":"Harrington's Bar & Grill","alt":null,"address":"245 Front St","directions":"at Sacramento St.","phone":"+1 415 392-7595","tollfree":null,"email":null,"url":"http://www.harringtonsbarandgrill.com/","hours":null,"image":null,"price":null,"content":"An Irish pub open since 1935.","geo":{"lat":37.794,"lon":-122.3992,"accuracy":"APPROXIMATE"},"activity":"drink","type":"landmark","id":26203,"country":"United States","city":"San Francisco","state":"California"}