{"id":60469,"type":"route","airline":"US","airlineid":"airline_5265","sourceairport":"TUS","destinationairport":"ORD","stops":0,"equipment":"M83 M80","schedule":[{"day":0,"utc":"23:26:00","flight":"US377"},{"day":1,"utc":"21:52:00","flight":"US498"},{"day":2,"utc":"13:18:00","flight":"US416"},{"day":2,"utc":"19:47:00","flight":"US457"},{"day":2,"utc":"09:05:00","flight":"US049"},{"day":3,"utc":"13:54:00","flight":"US672"},{"day":3,"utc":"21:49:00","flight":"US409"},{"day":3,"utc":"08:11:00","flight":"US533"},{"day":3,"utc":"22:06:00","flight":"US129"},{"day":4,"utc":"10:36:00","flight":"US300"},{"day":4,"utc":"04:21:00","flight":"US771"},{"day":5,"utc":"01:00:00","flight":"US583"},{"day":5,"utc":"00:48:00","flight":"US069"},{"day":5,"utc":"08:51:00","flight":"US117"},{"day":5,"utc":"07:05:00","flight":"US196"},{"day":6,"utc":"18:03:00","flight":"US054"},{"day":6,"utc":"10:59:00","flight":"US766"},{"day":6,"utc":"07:26:00","flight":"US929"}],"distance":2309.4883997115894}