{"id":58904,"type":"route","airline":"US","airlineid":"airline_5265","sourceairport":"CUN","destinationairport":"DFW","stops":0,"equipment":"738 757","schedule":[{"day":0,"utc":"12:04:00","flight":"US193"},{"day":0,"utc":"16:05:00","flight":"US235"},{"day":1,"utc":"07:30:00","flight":"US849"},{"day":1,"utc":"08:06:00","flight":"US529"},{"day":2,"utc":"08:35:00","flight":"US640"},{"day":3,"utc":"16:10:00","flight":"US153"},{"day":3,"utc":"21:11:00","flight":"US451"},{"day":3,"utc":"00:53:00","flight":"US752"},{"day":3,"utc":"05:14:00","flight":"US946"},{"day":4,"utc":"01:26:00","flight":"US330"},{"day":4,"utc":"23:23:00","flight":"US479"},{"day":4,"utc":"07:24:00","flight":"US044"},{"day":4,"utc":"15:03:00","flight":"US385"},{"day":4,"utc":"09:03:00","flight":"US625"},{"day":5,"utc":"17:55:00","flight":"US553"},{"day":5,"utc":"08:29:00","flight":"US695"},{"day":5,"utc":"16:00:00","flight":"US378"},{"day":5,"utc":"08:38:00","flight":"US038"},{"day":5,"utc":"23:19:00","flight":"US354"},{"day":6,"utc":"10:22:00","flight":"US154"},{"day":6,"utc":"23:52:00","flight":"US462"},{"day":6,"utc":"19:00:00","flight":"US483"},{"day":6,"utc":"07:11:00","flight":"US675"},{"day":6,"utc":"06:21:00","flight":"US317"}],"distance":1657.1929271443394}