{"id":53962,"type":"route","airline":"TS","airlineid":"airline_1317","sourceairport":"MCO","destinationairport":"YQM","stops":0,"equipment":"738","schedule":[{"day":0,"utc":"21:07:00","flight":"TS409"},{"day":1,"utc":"04:59:00","flight":"TS573"},{"day":2,"utc":"05:22:00","flight":"TS610"},{"day":2,"utc":"06:11:00","flight":"TS568"},{"day":2,"utc":"23:53:00","flight":"TS902"},{"day":3,"utc":"03:31:00","flight":"TS179"},{"day":3,"utc":"02:19:00","flight":"TS354"},{"day":3,"utc":"10:49:00","flight":"TS860"},{"day":4,"utc":"17:49:00","flight":"TS902"},{"day":4,"utc":"22:06:00","flight":"TS415"},{"day":4,"utc":"17:29:00","flight":"TS305"},{"day":5,"utc":"22:22:00","flight":"TS646"},{"day":5,"utc":"01:03:00","flight":"TS187"},{"day":5,"utc":"15:50:00","flight":"TS608"},{"day":5,"utc":"16:15:00","flight":"TS013"},{"day":6,"utc":"10:30:00","flight":"TS827"},{"day":6,"utc":"12:16:00","flight":"TS174"},{"day":6,"utc":"06:17:00","flight":"TS941"},{"day":6,"utc":"05:01:00","flight":"TS740"}],"distance":2445.134782660887}