{"id":57825,"type":"route","airline":"UA","airlineid":"airline_5209","sourceairport":"TUS","destinationairport":"LAX","stops":0,"equipment":"CR7 CRJ","schedule":[{"day":0,"utc":"17:42:00","flight":"UA749"},{"day":0,"utc":"06:36:00","flight":"UA186"},{"day":0,"utc":"20:39:00","flight":"UA662"},{"day":0,"utc":"15:31:00","flight":"UA839"},{"day":0,"utc":"14:40:00","flight":"UA640"},{"day":1,"utc":"02:52:00","flight":"UA350"},{"day":2,"utc":"08:06:00","flight":"UA586"},{"day":2,"utc":"19:03:00","flight":"UA481"},{"day":2,"utc":"16:04:00","flight":"UA511"},{"day":2,"utc":"22:34:00","flight":"UA204"},{"day":3,"utc":"17:58:00","flight":"UA156"},{"day":3,"utc":"23:00:00","flight":"UA185"},{"day":4,"utc":"04:16:00","flight":"UA421"},{"day":5,"utc":"08:39:00","flight":"UA882"},{"day":5,"utc":"21:32:00","flight":"UA063"},{"day":5,"utc":"05:09:00","flight":"UA893"},{"day":5,"utc":"21:10:00","flight":"UA668"},{"day":5,"utc":"07:58:00","flight":"UA695"},{"day":6,"utc":"14:39:00","flight":"UA240"},{"day":6,"utc":"17:01:00","flight":"UA000"},{"day":6,"utc":"09:16:00","flight":"UA089"},{"day":6,"utc":"21:24:00","flight":"UA486"},{"day":6,"utc":"13:42:00","flight":"UA565"}],"distance":724.931248090427}