{"title":"El Verano","name":"Shiso","alt":null,"address":"19161 Sonoma Hwy","directions":"in Maxwell Village","phone":"+1 707-933-9331","tollfree":null,"email":"info@shisorestaurant.com","url":"http://www.shisorestaurant.com/","hours":"Lunch 11:30AM-2:30PM; Dinner 4:30PM-9PM","image":null,"price":"$35-$50","content":"The ''only'' sushi restaurant in Sonoma Valley, Shiso is a classy place with fresh seafood each day and a rotating selection of experimental dishes, including &quot;carbonara fried rice&quot;. A real nice change from &quot;wine country eating&quot;.","geo":{"lat":38.300458,"lon":-122.476167,"accuracy":"APPROXIMATE"},"activity":"eat","type":"landmark","id":40714,"country":"United States","city":"Sonoma","state":"California"}