{"id":60193,"type":"route","airline":"US","airlineid":"airline_5265","sourceairport":"PHX","destinationairport":"SBP","stops":0,"equipment":"CR9 CRJ","schedule":[{"day":0,"utc":"00:06:00","flight":"US165"},{"day":0,"utc":"12:18:00","flight":"US587"},{"day":0,"utc":"08:42:00","flight":"US100"},{"day":0,"utc":"19:31:00","flight":"US901"},{"day":0,"utc":"04:32:00","flight":"US734"},{"day":1,"utc":"14:22:00","flight":"US928"},{"day":1,"utc":"06:11:00","flight":"US111"},{"day":1,"utc":"05:57:00","flight":"US600"},{"day":1,"utc":"02:06:00","flight":"US264"},{"day":2,"utc":"09:48:00","flight":"US825"},{"day":2,"utc":"14:22:00","flight":"US549"},{"day":2,"utc":"19:00:00","flight":"US828"},{"day":2,"utc":"12:43:00","flight":"US130"},{"day":2,"utc":"13:00:00","flight":"US438"},{"day":3,"utc":"16:54:00","flight":"US142"},{"day":3,"utc":"01:55:00","flight":"US711"},{"day":3,"utc":"11:35:00","flight":"US835"},{"day":3,"utc":"06:50:00","flight":"US026"},{"day":3,"utc":"12:13:00","flight":"US511"},{"day":4,"utc":"14:47:00","flight":"US826"},{"day":4,"utc":"15:19:00","flight":"US400"},{"day":4,"utc":"05:23:00","flight":"US051"},{"day":4,"utc":"05:38:00","flight":"US750"},{"day":4,"utc":"10:37:00","flight":"US438"},{"day":5,"utc":"20:59:00","flight":"US706"},{"day":5,"utc":"19:29:00","flight":"US078"},{"day":5,"utc":"16:49:00","flight":"US816"},{"day":6,"utc":"21:53:00","flight":"US220"},{"day":6,"utc":"01:01:00","flight":"US088"},{"day":6,"utc":"11:18:00","flight":"US969"},{"day":6,"utc":"14:22:00","flight":"US617"}],"distance":817.0839155650854}