{"id":13956,"type":"route","airline":"B6","airlineid":"airline_3029","sourceairport":"BOS","destinationairport":"STI","stops":0,"equipment":"320","schedule":[{"day":0,"utc":"10:26:00","flight":"B6371"},{"day":0,"utc":"21:30:00","flight":"B6881"},{"day":0,"utc":"11:54:00","flight":"B6411"},{"day":0,"utc":"07:20:00","flight":"B6665"},{"day":1,"utc":"07:50:00","flight":"B6800"},{"day":1,"utc":"07:30:00","flight":"B6450"},{"day":1,"utc":"19:01:00","flight":"B6358"},{"day":2,"utc":"05:04:00","flight":"B6992"},{"day":2,"utc":"19:03:00","flight":"B6806"},{"day":2,"utc":"07:56:00","flight":"B6549"},{"day":2,"utc":"22:48:00","flight":"B6059"},{"day":2,"utc":"22:07:00","flight":"B6070"},{"day":3,"utc":"23:32:00","flight":"B6479"},{"day":4,"utc":"18:20:00","flight":"B6301"},{"day":5,"utc":"09:01:00","flight":"B6948"},{"day":5,"utc":"15:42:00","flight":"B6597"},{"day":5,"utc":"22:30:00","flight":"B6750"},{"day":5,"utc":"21:21:00","flight":"B6375"},{"day":6,"utc":"01:33:00","flight":"B6429"},{"day":6,"utc":"08:11:00","flight":"B6254"},{"day":6,"utc":"06:11:00","flight":"B6106"},{"day":6,"utc":"16:38:00","flight":"B6693"}],"distance":2553.1195370098794}