{"id":60347,"type":"route","airline":"US","airlineid":"airline_5265","sourceairport":"SEA","destinationairport":"PHL","stops":0,"equipment":"320 321","schedule":[{"day":0,"utc":"19:43:00","flight":"US781"},{"day":0,"utc":"01:08:00","flight":"US038"},{"day":0,"utc":"13:20:00","flight":"US985"},{"day":0,"utc":"04:48:00","flight":"US644"},{"day":1,"utc":"17:16:00","flight":"US089"},{"day":1,"utc":"17:43:00","flight":"US206"},{"day":2,"utc":"09:15:00","flight":"US757"},{"day":2,"utc":"20:53:00","flight":"US805"},{"day":2,"utc":"16:21:00","flight":"US173"},{"day":2,"utc":"13:57:00","flight":"US565"},{"day":2,"utc":"04:27:00","flight":"US217"},{"day":3,"utc":"22:14:00","flight":"US999"},{"day":4,"utc":"21:53:00","flight":"US555"},{"day":4,"utc":"20:57:00","flight":"US423"},{"day":4,"utc":"20:00:00","flight":"US337"},{"day":5,"utc":"13:27:00","flight":"US814"},{"day":5,"utc":"21:00:00","flight":"US720"},{"day":5,"utc":"23:16:00","flight":"US186"},{"day":6,"utc":"22:36:00","flight":"US597"}],"distance":3817.671375732348}