{"id":57608,"type":"route","airline":"UA","airlineid":"airline_5209","sourceairport":"SDF","destinationairport":"IAD","stops":0,"equipment":"ERJ","schedule":[{"day":0,"utc":"23:47:00","flight":"UA531"},{"day":0,"utc":"11:36:00","flight":"UA565"},{"day":1,"utc":"15:05:00","flight":"UA193"},{"day":1,"utc":"12:04:00","flight":"UA866"},{"day":1,"utc":"23:37:00","flight":"UA629"},{"day":2,"utc":"23:29:00","flight":"UA204"},{"day":2,"utc":"10:46:00","flight":"UA514"},{"day":2,"utc":"19:25:00","flight":"UA416"},{"day":2,"utc":"17:22:00","flight":"UA370"},{"day":3,"utc":"22:53:00","flight":"UA827"},{"day":3,"utc":"15:50:00","flight":"UA414"},{"day":3,"utc":"21:43:00","flight":"UA606"},{"day":3,"utc":"18:22:00","flight":"UA673"},{"day":4,"utc":"02:56:00","flight":"UA849"},{"day":4,"utc":"08:06:00","flight":"UA950"},{"day":5,"utc":"17:59:00","flight":"UA174"},{"day":5,"utc":"05:38:00","flight":"UA877"},{"day":6,"utc":"08:33:00","flight":"UA829"},{"day":6,"utc":"09:03:00","flight":"UA216"}],"distance":724.829833222807}