{"id":64216,"type":"route","airline":"WN","airlineid":"airline_4547","sourceairport":"OKC","destinationairport":"BWI","stops":0,"equipment":"73W","schedule":[{"day":0,"utc":"15:24:00","flight":"WN058"},{"day":0,"utc":"05:47:00","flight":"WN662"},{"day":1,"utc":"12:08:00","flight":"WN891"},{"day":2,"utc":"16:23:00","flight":"WN109"},{"day":3,"utc":"12:32:00","flight":"WN529"},{"day":3,"utc":"06:27:00","flight":"WN363"},{"day":4,"utc":"09:10:00","flight":"WN724"},{"day":5,"utc":"11:52:00","flight":"WN068"},{"day":6,"utc":"09:29:00","flight":"WN663"},{"day":6,"utc":"11:40:00","flight":"WN897"},{"day":6,"utc":"21:59:00","flight":"WN511"}],"distance":1894.4535880522176}