{"id":60039,"type":"route","airline":"US","airlineid":"airline_5265","sourceairport":"PHL","destinationairport":"CAE","stops":0,"equipment":"CRJ","schedule":[{"day":0,"utc":"01:51:00","flight":"US914"},{"day":1,"utc":"19:55:00","flight":"US268"},{"day":1,"utc":"22:12:00","flight":"US745"},{"day":1,"utc":"12:40:00","flight":"US962"},{"day":2,"utc":"13:53:00","flight":"US235"},{"day":2,"utc":"00:10:00","flight":"US118"},{"day":3,"utc":"09:25:00","flight":"US795"},{"day":3,"utc":"08:02:00","flight":"US511"},{"day":3,"utc":"14:08:00","flight":"US834"},{"day":3,"utc":"07:09:00","flight":"US149"},{"day":4,"utc":"12:22:00","flight":"US690"},{"day":4,"utc":"07:51:00","flight":"US048"},{"day":4,"utc":"14:27:00","flight":"US908"},{"day":4,"utc":"08:41:00","flight":"US887"},{"day":4,"utc":"06:59:00","flight":"US534"},{"day":5,"utc":"18:15:00","flight":"US351"},{"day":5,"utc":"13:59:00","flight":"US177"},{"day":5,"utc":"21:36:00","flight":"US288"},{"day":6,"utc":"23:46:00","flight":"US302"},{"day":6,"utc":"05:55:00","flight":"US104"},{"day":6,"utc":"14:45:00","flight":"US618"},{"day":6,"utc":"21:10:00","flight":"US618"},{"day":6,"utc":"09:11:00","flight":"US018"}],"distance":841.2435897324365}