{"id":24234,"type":"route","airline":"EY","airlineid":"airline_2222","sourceairport":"ORD","destinationairport":"MSY","stops":0,"equipment":"E75","schedule":[{"day":0,"utc":"21:13:00","flight":"EY279"},{"day":0,"utc":"17:10:00","flight":"EY513"},{"day":0,"utc":"19:58:00","flight":"EY807"},{"day":0,"utc":"10:37:00","flight":"EY803"},{"day":0,"utc":"15:09:00","flight":"EY024"},{"day":1,"utc":"14:23:00","flight":"EY368"},{"day":1,"utc":"23:15:00","flight":"EY281"},{"day":1,"utc":"05:15:00","flight":"EY747"},{"day":1,"utc":"05:15:00","flight":"EY020"},{"day":1,"utc":"13:44:00","flight":"EY767"},{"day":2,"utc":"10:54:00","flight":"EY638"},{"day":2,"utc":"23:28:00","flight":"EY737"},{"day":2,"utc":"21:08:00","flight":"EY222"},{"day":2,"utc":"14:55:00","flight":"EY097"},{"day":2,"utc":"00:49:00","flight":"EY773"},{"day":3,"utc":"22:55:00","flight":"EY782"},{"day":3,"utc":"02:19:00","flight":"EY415"},{"day":3,"utc":"11:24:00","flight":"EY742"},{"day":3,"utc":"16:31:00","flight":"EY422"},{"day":4,"utc":"06:42:00","flight":"EY588"},{"day":5,"utc":"16:52:00","flight":"EY484"},{"day":5,"utc":"01:21:00","flight":"EY959"},{"day":6,"utc":"20:25:00","flight":"EY941"},{"day":6,"utc":"12:13:00","flight":"EY490"},{"day":6,"utc":"09:05:00","flight":"EY167"}],"distance":1349.251238905678}