{"title":"Dumbarton","name":"Denny Ship Model Experiment Tank","alt":null,"address":"Castle Street, G82 1QS","directions":null,"phone":"+44 1389 763 444","tollfree":null,"email":null,"url":"http://www.scottishmaritimemuseum.org/sites/dumbarton/","hours":"Mon to Sat 10:00am - 4:00pm","image":null,"price":"Adults £2.00","content":"A shipyard model test tank built in 1882. Now part of the Scottish Maritime Museum, but still used occasionally for real tests.","geo":{"lat":55.94338,"lon":-4.56328,"accuracy":"ROOFTOP"},"activity":"see","type":"landmark","id":8336,"country":"United Kingdom","city":"Dumbarton","state":null}