{"id":26659,"type":"route","airline":"FR","airlineid":"airline_4296","sourceairport":"EDI","destinationairport":"BTS","stops":0,"equipment":"738","schedule":[{"day":0,"utc":"01:05:00","flight":"FR813"},{"day":0,"utc":"10:09:00","flight":"FR318"},{"day":1,"utc":"21:59:00","flight":"FR014"},{"day":1,"utc":"12:52:00","flight":"FR680"},{"day":1,"utc":"10:45:00","flight":"FR984"},{"day":1,"utc":"09:40:00","flight":"FR047"},{"day":1,"utc":"09:57:00","flight":"FR615"},{"day":2,"utc":"22:54:00","flight":"FR628"},{"day":3,"utc":"05:05:00","flight":"FR025"},{"day":3,"utc":"09:54:00","flight":"FR422"},{"day":3,"utc":"02:41:00","flight":"FR017"},{"day":4,"utc":"19:22:00","flight":"FR511"},{"day":5,"utc":"00:34:00","flight":"FR458"},{"day":5,"utc":"09:36:00","flight":"FR565"},{"day":5,"utc":"18:53:00","flight":"FR267"},{"day":5,"utc":"02:09:00","flight":"FR429"},{"day":5,"utc":"19:55:00","flight":"FR844"},{"day":6,"utc":"01:18:00","flight":"FR296"},{"day":6,"utc":"04:23:00","flight":"FR730"},{"day":6,"utc":"15:42:00","flight":"FR356"}],"distance":1642.4509957312794}