{"id":64611,"type":"route","airline":"WS","airlineid":"airline_5416","sourceairport":"LAX","destinationairport":"YYZ","stops":0,"equipment":"738","schedule":[{"day":0,"utc":"04:14:00","flight":"WS185"},{"day":0,"utc":"09:27:00","flight":"WS847"},{"day":0,"utc":"12:16:00","flight":"WS563"},{"day":0,"utc":"07:53:00","flight":"WS123"},{"day":0,"utc":"15:03:00","flight":"WS621"},{"day":1,"utc":"21:56:00","flight":"WS617"},{"day":1,"utc":"03:23:00","flight":"WS704"},{"day":1,"utc":"01:52:00","flight":"WS001"},{"day":2,"utc":"18:45:00","flight":"WS774"},{"day":3,"utc":"05:45:00","flight":"WS509"},{"day":3,"utc":"03:39:00","flight":"WS033"},{"day":4,"utc":"20:32:00","flight":"WS783"},{"day":5,"utc":"09:34:00","flight":"WS207"},{"day":5,"utc":"15:38:00","flight":"WS510"},{"day":5,"utc":"06:32:00","flight":"WS994"},{"day":5,"utc":"05:18:00","flight":"WS182"},{"day":5,"utc":"17:10:00","flight":"WS195"},{"day":6,"utc":"01:28:00","flight":"WS612"},{"day":6,"utc":"22:59:00","flight":"WS007"},{"day":6,"utc":"14:18:00","flight":"WS045"},{"day":6,"utc":"01:58:00","flight":"WS157"}],"distance":3493.9561614763056}