{"id":49568,"type":"route","airline":"SI","airlineid":"airline_4438","sourceairport":"BRS","destinationairport":"JER","stops":0,"equipment":"AT4 ATR","schedule":[{"day":0,"utc":"21:19:00","flight":"SI863"},{"day":0,"utc":"08:31:00","flight":"SI089"},{"day":1,"utc":"01:43:00","flight":"SI378"},{"day":1,"utc":"15:48:00","flight":"SI199"},{"day":1,"utc":"01:01:00","flight":"SI655"},{"day":1,"utc":"03:33:00","flight":"SI173"},{"day":2,"utc":"13:32:00","flight":"SI729"},{"day":2,"utc":"09:24:00","flight":"SI157"},{"day":2,"utc":"03:07:00","flight":"SI277"},{"day":3,"utc":"05:52:00","flight":"SI012"},{"day":3,"utc":"12:45:00","flight":"SI658"},{"day":4,"utc":"04:13:00","flight":"SI943"},{"day":5,"utc":"14:25:00","flight":"SI057"},{"day":5,"utc":"02:07:00","flight":"SI659"},{"day":5,"utc":"13:30:00","flight":"SI013"},{"day":6,"utc":"05:08:00","flight":"SI879"},{"day":6,"utc":"08:48:00","flight":"SI347"},{"day":6,"utc":"20:02:00","flight":"SI750"},{"day":6,"utc":"14:18:00","flight":"SI522"},{"day":6,"utc":"23:36:00","flight":"SI089"}],"distance":244.65967037264494}