{"id":23267,"type":"route","airline":"EK","airlineid":"airline_2183","sourceairport":"JFK","destinationairport":"MXP","stops":0,"equipment":"77W","schedule":[{"day":0,"utc":"05:50:00","flight":"EK869"},{"day":0,"utc":"17:48:00","flight":"EK848"},{"day":0,"utc":"03:18:00","flight":"EK534"},{"day":0,"utc":"12:25:00","flight":"EK746"},{"day":0,"utc":"21:07:00","flight":"EK652"},{"day":1,"utc":"19:43:00","flight":"EK682"},{"day":1,"utc":"03:16:00","flight":"EK828"},{"day":1,"utc":"20:41:00","flight":"EK622"},{"day":1,"utc":"09:27:00","flight":"EK619"},{"day":1,"utc":"01:09:00","flight":"EK912"},{"day":2,"utc":"03:42:00","flight":"EK841"},{"day":3,"utc":"12:37:00","flight":"EK197"},{"day":4,"utc":"00:09:00","flight":"EK785"},{"day":4,"utc":"01:06:00","flight":"EK980"},{"day":5,"utc":"08:07:00","flight":"EK906"},{"day":5,"utc":"07:56:00","flight":"EK076"},{"day":5,"utc":"07:54:00","flight":"EK681"},{"day":5,"utc":"09:42:00","flight":"EK750"},{"day":5,"utc":"13:44:00","flight":"EK748"},{"day":6,"utc":"16:39:00","flight":"EK754"},{"day":6,"utc":"09:39:00","flight":"EK483"},{"day":6,"utc":"03:37:00","flight":"EK641"},{"day":6,"utc":"13:37:00","flight":"EK660"}],"distance":6412.751099946168}