{"id":59495,"type":"route","airline":"US","airlineid":"airline_5265","sourceairport":"LAX","destinationairport":"DEN","stops":0,"equipment":"CR7","schedule":[{"day":0,"utc":"04:04:00","flight":"US899"},{"day":0,"utc":"22:16:00","flight":"US505"},{"day":0,"utc":"18:19:00","flight":"US003"},{"day":0,"utc":"08:36:00","flight":"US641"},{"day":0,"utc":"01:34:00","flight":"US545"},{"day":1,"utc":"22:31:00","flight":"US552"},{"day":1,"utc":"04:07:00","flight":"US483"},{"day":1,"utc":"00:00:00","flight":"US555"},{"day":2,"utc":"11:28:00","flight":"US497"},{"day":2,"utc":"22:02:00","flight":"US139"},{"day":2,"utc":"00:41:00","flight":"US099"},{"day":2,"utc":"16:38:00","flight":"US183"},{"day":2,"utc":"12:27:00","flight":"US758"},{"day":3,"utc":"09:08:00","flight":"US075"},{"day":3,"utc":"17:00:00","flight":"US390"},{"day":3,"utc":"19:10:00","flight":"US587"},{"day":3,"utc":"16:53:00","flight":"US622"},{"day":4,"utc":"19:03:00","flight":"US046"},{"day":4,"utc":"22:54:00","flight":"US484"},{"day":5,"utc":"23:15:00","flight":"US317"},{"day":5,"utc":"08:37:00","flight":"US636"},{"day":5,"utc":"18:10:00","flight":"US967"},{"day":5,"utc":"13:49:00","flight":"US908"},{"day":5,"utc":"15:55:00","flight":"US887"},{"day":6,"utc":"08:12:00","flight":"US090"},{"day":6,"utc":"07:11:00","flight":"US286"},{"day":6,"utc":"03:19:00","flight":"US321"},{"day":6,"utc":"21:10:00","flight":"US413"}],"distance":1385.1271428103978}