{"id":32564,"type":"route","airline":"IB","airlineid":"airline_2822","sourceairport":"LCY","destinationairport":"MAD","stops":0,"equipment":"E90","schedule":[{"day":0,"utc":"21:49:00","flight":"IB455"},{"day":1,"utc":"01:11:00","flight":"IB740"},{"day":1,"utc":"20:50:00","flight":"IB564"},{"day":1,"utc":"22:35:00","flight":"IB729"},{"day":1,"utc":"15:26:00","flight":"IB938"},{"day":1,"utc":"08:22:00","flight":"IB077"},{"day":2,"utc":"23:26:00","flight":"IB516"},{"day":2,"utc":"17:57:00","flight":"IB901"},{"day":2,"utc":"13:14:00","flight":"IB085"},{"day":2,"utc":"20:16:00","flight":"IB580"},{"day":2,"utc":"17:34:00","flight":"IB755"},{"day":3,"utc":"07:11:00","flight":"IB864"},{"day":4,"utc":"15:19:00","flight":"IB226"},{"day":4,"utc":"01:25:00","flight":"IB436"},{"day":4,"utc":"09:42:00","flight":"IB611"},{"day":5,"utc":"08:48:00","flight":"IB222"},{"day":5,"utc":"19:49:00","flight":"IB947"},{"day":5,"utc":"12:20:00","flight":"IB776"},{"day":6,"utc":"13:06:00","flight":"IB794"},{"day":6,"utc":"20:51:00","flight":"IB314"},{"day":6,"utc":"05:29:00","flight":"IB930"}],"distance":1255.5938708384867}