{"id":21870,"type":"route","airline":"DL","airlineid":"airline_2009","sourceairport":"SMF","destinationairport":"LAX","stops":0,"equipment":"CR7 CR9","schedule":[{"day":0,"utc":"22:09:00","flight":"DL746"},{"day":0,"utc":"18:03:00","flight":"DL231"},{"day":0,"utc":"10:52:00","flight":"DL189"},{"day":1,"utc":"12:58:00","flight":"DL472"},{"day":1,"utc":"16:31:00","flight":"DL624"},{"day":1,"utc":"17:05:00","flight":"DL400"},{"day":2,"utc":"01:07:00","flight":"DL037"},{"day":2,"utc":"17:05:00","flight":"DL574"},{"day":2,"utc":"12:51:00","flight":"DL920"},{"day":2,"utc":"03:16:00","flight":"DL739"},{"day":3,"utc":"05:41:00","flight":"DL762"},{"day":3,"utc":"01:06:00","flight":"DL709"},{"day":4,"utc":"20:27:00","flight":"DL864"},{"day":4,"utc":"02:08:00","flight":"DL794"},{"day":5,"utc":"15:44:00","flight":"DL327"},{"day":5,"utc":"18:06:00","flight":"DL923"},{"day":5,"utc":"09:07:00","flight":"DL279"},{"day":5,"utc":"02:51:00","flight":"DL591"},{"day":6,"utc":"23:58:00","flight":"DL416"},{"day":6,"utc":"02:08:00","flight":"DL020"}],"distance":600.4070458863605}