{"id":64241,"type":"route","airline":"WN","airlineid":"airline_4547","sourceairport":"PBI","destinationairport":"BWI","stops":0,"equipment":"73W 733","schedule":[{"day":0,"utc":"21:05:00","flight":"WN327"},{"day":0,"utc":"14:29:00","flight":"WN471"},{"day":1,"utc":"05:35:00","flight":"WN803"},{"day":2,"utc":"02:41:00","flight":"WN723"},{"day":2,"utc":"15:48:00","flight":"WN328"},{"day":2,"utc":"21:07:00","flight":"WN725"},{"day":2,"utc":"19:26:00","flight":"WN616"},{"day":3,"utc":"04:42:00","flight":"WN959"},{"day":4,"utc":"02:46:00","flight":"WN175"},{"day":5,"utc":"13:26:00","flight":"WN609"},{"day":5,"utc":"21:55:00","flight":"WN281"},{"day":5,"utc":"01:14:00","flight":"WN299"},{"day":5,"utc":"16:02:00","flight":"WN022"},{"day":5,"utc":"19:01:00","flight":"WN045"},{"day":6,"utc":"23:20:00","flight":"WN222"},{"day":6,"utc":"15:08:00","flight":"WN545"},{"day":6,"utc":"00:30:00","flight":"WN750"},{"day":6,"utc":"19:20:00","flight":"WN891"}],"distance":1425.0972345136427}