{"id":63707,"type":"route","airline":"WN","airlineid":"airline_4547","sourceairport":"DEN","destinationairport":"BOS","stops":0,"equipment":"73W","schedule":[{"day":0,"utc":"12:47:00","flight":"WN854"},{"day":0,"utc":"03:00:00","flight":"WN432"},{"day":0,"utc":"00:28:00","flight":"WN224"},{"day":0,"utc":"15:14:00","flight":"WN268"},{"day":1,"utc":"02:14:00","flight":"WN340"},{"day":1,"utc":"08:02:00","flight":"WN923"},{"day":1,"utc":"10:13:00","flight":"WN084"},{"day":2,"utc":"11:49:00","flight":"WN261"},{"day":2,"utc":"10:17:00","flight":"WN491"},{"day":3,"utc":"18:13:00","flight":"WN435"},{"day":4,"utc":"11:30:00","flight":"WN517"},{"day":4,"utc":"05:32:00","flight":"WN251"},{"day":4,"utc":"18:19:00","flight":"WN424"},{"day":4,"utc":"13:00:00","flight":"WN416"},{"day":4,"utc":"14:40:00","flight":"WN220"},{"day":5,"utc":"20:35:00","flight":"WN586"},{"day":5,"utc":"14:44:00","flight":"WN039"},{"day":6,"utc":"04:50:00","flight":"WN369"},{"day":6,"utc":"16:17:00","flight":"WN531"}],"distance":2815.7488047544634}