{"id":55377,"type":"route","airline":"U2","airlineid":"airline_2297","sourceairport":"SKG","destinationairport":"LGW","stops":0,"equipment":"319 320","schedule":[{"day":0,"utc":"21:28:00","flight":"U2465"},{"day":1,"utc":"18:14:00","flight":"U2192"},{"day":1,"utc":"17:42:00","flight":"U2385"},{"day":1,"utc":"10:40:00","flight":"U2042"},{"day":1,"utc":"23:27:00","flight":"U2507"},{"day":2,"utc":"18:01:00","flight":"U2409"},{"day":3,"utc":"12:56:00","flight":"U2203"},{"day":4,"utc":"03:54:00","flight":"U2957"},{"day":5,"utc":"10:11:00","flight":"U2282"},{"day":5,"utc":"15:39:00","flight":"U2734"},{"day":6,"utc":"20:12:00","flight":"U2782"}],"distance":2134.3034188160345}