{"id":63584,"type":"route","airline":"WN","airlineid":"airline_4547","sourceairport":"BUR","destinationairport":"SMF","stops":0,"equipment":"73W","schedule":[{"day":0,"utc":"01:19:00","flight":"WN956"},{"day":0,"utc":"20:09:00","flight":"WN577"},{"day":1,"utc":"07:22:00","flight":"WN469"},{"day":1,"utc":"17:54:00","flight":"WN533"},{"day":1,"utc":"22:28:00","flight":"WN975"},{"day":1,"utc":"08:51:00","flight":"WN091"},{"day":1,"utc":"14:38:00","flight":"WN172"},{"day":2,"utc":"03:35:00","flight":"WN563"},{"day":2,"utc":"15:28:00","flight":"WN314"},{"day":3,"utc":"22:01:00","flight":"WN485"},{"day":4,"utc":"14:48:00","flight":"WN034"},{"day":4,"utc":"20:47:00","flight":"WN954"},{"day":4,"utc":"20:24:00","flight":"WN075"},{"day":4,"utc":"23:44:00","flight":"WN953"},{"day":5,"utc":"06:52:00","flight":"WN351"},{"day":5,"utc":"12:06:00","flight":"WN349"},{"day":6,"utc":"07:37:00","flight":"WN941"},{"day":6,"utc":"03:16:00","flight":"WN402"}],"distance":577.2769650889836}