{"title":"London/City of London","name":"Smiths of Smithfields","alt":null,"address":"67-77 Charterhouse Street, EC1M 6HJ","directions":"tube: Farringdon","phone":"+44 20 7251-7950","tollfree":null,"email":null,"url":"http://www.smithsofsmithfield.co.uk/","hours":"7am-4.45pm Mon-Fri 9.30am-4.45pm Sat, Sun","image":null,"price":null,"content":"Smiths of Smithfield is a Grade II listed four-floor restaurant serving great British food.","geo":{"lat":51.5146,"lon":-0.0929,"accuracy":"ROOFTOP"},"activity":"eat","type":"landmark","id":16089,"country":"United Kingdom","city":"London","state":null}