{"id":38978,"type":"route","airline":"LM","airlineid":"airline_3287","sourceairport":"KOI","destinationairport":"SOY","stops":0,"equipment":"BNI","schedule":[{"day":0,"utc":"06:36:00","flight":"LM351"},{"day":0,"utc":"18:24:00","flight":"LM168"},{"day":0,"utc":"00:07:00","flight":"LM499"},{"day":0,"utc":"05:18:00","flight":"LM408"},{"day":0,"utc":"06:09:00","flight":"LM785"},{"day":1,"utc":"01:29:00","flight":"LM939"},{"day":1,"utc":"02:21:00","flight":"LM234"},{"day":1,"utc":"22:24:00","flight":"LM505"},{"day":2,"utc":"02:01:00","flight":"LM348"},{"day":3,"utc":"19:35:00","flight":"LM042"},{"day":3,"utc":"02:14:00","flight":"LM508"},{"day":3,"utc":"12:45:00","flight":"LM336"},{"day":4,"utc":"13:22:00","flight":"LM043"},{"day":4,"utc":"17:47:00","flight":"LM686"},{"day":4,"utc":"11:06:00","flight":"LM924"},{"day":4,"utc":"13:01:00","flight":"LM563"},{"day":5,"utc":"21:08:00","flight":"LM622"},{"day":6,"utc":"10:28:00","flight":"LM043"},{"day":6,"utc":"17:01:00","flight":"LM377"},{"day":6,"utc":"17:53:00","flight":"LM484"},{"day":6,"utc":"07:56:00","flight":"LM824"}],"distance":26.637511072178217}