{"title":"Birmingham (England)","name":"The Malt House","alt":null,"address":"74 King Edwards Road, B1 2NX","directions":"Sandwiched between the ICC and the NIA along the canal","phone":"+44 121 633 4171","tollfree":null,"email":null,"url":null,"hours":"12AM-11PM","image":null,"price":null,"content":"Make no mistake this is a chain pub serving standard food and drinks. However, when the sun is shining it is difficult to find a nicer place to drink along Birmingham's canals as there is a plethora of outdoor seating. Visited by Bill Clinton during his Birmingham visit.","geo":{"lat":52.47942,"lon":-1.91344,"accuracy":"RANGE_INTERPOLATED"},"activity":"drink","type":"landmark","id":3595,"country":"United Kingdom","city":"Birmingham","state":null}