{"id":54589,"type":"route","airline":"U2","airlineid":"airline_2297","sourceairport":"BSL","destinationairport":"EDI","stops":0,"equipment":"320 319","schedule":[{"day":0,"utc":"23:09:00","flight":"U2520"},{"day":1,"utc":"15:08:00","flight":"U2375"},{"day":1,"utc":"23:28:00","flight":"U2366"},{"day":1,"utc":"20:07:00","flight":"U2005"},{"day":1,"utc":"21:06:00","flight":"U2696"},{"day":1,"utc":"22:16:00","flight":"U2418"},{"day":2,"utc":"07:15:00","flight":"U2384"},{"day":2,"utc":"19:17:00","flight":"U2035"},{"day":3,"utc":"07:36:00","flight":"U2768"},{"day":3,"utc":"00:41:00","flight":"U2761"},{"day":3,"utc":"02:36:00","flight":"U2129"},{"day":3,"utc":"19:25:00","flight":"U2508"},{"day":4,"utc":"15:51:00","flight":"U2602"},{"day":5,"utc":"05:02:00","flight":"U2541"},{"day":5,"utc":"06:23:00","flight":"U2499"},{"day":5,"utc":"09:50:00","flight":"U2449"},{"day":6,"utc":"13:57:00","flight":"U2778"},{"day":6,"utc":"00:44:00","flight":"U2981"}],"distance":1191.624843435954}