{"title":"Birmingham (England)","name":"The Bartons Arms","alt":null,"address":"144 High St, Newtown, B6 4UP","directions":"On A34 north of City Centre, and on many bus routes, including #8, inner circle","phone":"+44 121 333 5988","tollfree":null,"email":null,"url":"http://www.oakham-ales.co.uk/bartonabout.asp?m_pid=0&m_nid=2099","hours":null,"image":null,"price":null,"content":"Birmingham Pub Of The Year in 2004, and CAMRA-supported venue. Comprehensive Thai menu and bar snacks. Recently refurbished after previously lying derelict. Noted for its near-original and highly elaborate Victorian interior, and for being one of Ozzy Osbourne's old haunts.","geo":{"lat":52.49956,"lon":-1.89559,"accuracy":"RANGE_INTERPOLATED"},"activity":"drink","type":"landmark","id":3604,"country":"United Kingdom","city":"Birmingham","state":null}