{"id":60081,"type":"route","airline":"US","airlineid":"airline_5265","sourceairport":"PHL","destinationairport":"MBJ","stops":0,"equipment":"320 319 321","schedule":[{"day":0,"utc":"05:18:00","flight":"US236"},{"day":0,"utc":"11:13:00","flight":"US303"},{"day":0,"utc":"16:27:00","flight":"US876"},{"day":0,"utc":"07:25:00","flight":"US539"},{"day":1,"utc":"00:24:00","flight":"US933"},{"day":1,"utc":"07:32:00","flight":"US863"},{"day":1,"utc":"19:09:00","flight":"US756"},{"day":1,"utc":"05:46:00","flight":"US184"},{"day":1,"utc":"06:38:00","flight":"US190"},{"day":2,"utc":"03:04:00","flight":"US471"},{"day":2,"utc":"12:19:00","flight":"US176"},{"day":3,"utc":"11:08:00","flight":"US025"},{"day":3,"utc":"03:31:00","flight":"US157"},{"day":4,"utc":"12:23:00","flight":"US084"},{"day":4,"utc":"20:26:00","flight":"US221"},{"day":4,"utc":"03:21:00","flight":"US448"},{"day":4,"utc":"17:53:00","flight":"US256"},{"day":5,"utc":"03:49:00","flight":"US305"},{"day":6,"utc":"23:59:00","flight":"US847"},{"day":6,"utc":"19:46:00","flight":"US834"},{"day":6,"utc":"00:27:00","flight":"US468"},{"day":6,"utc":"14:42:00","flight":"US078"}],"distance":2389.838466041478}