{"id":59211,"type":"route","airline":"US","airlineid":"airline_5265","sourceairport":"DTW","destinationairport":"DFW","stops":0,"equipment":"M83 738 M80","schedule":[{"day":0,"utc":"09:04:00","flight":"US162"},{"day":0,"utc":"00:25:00","flight":"US080"},{"day":0,"utc":"22:32:00","flight":"US420"},{"day":1,"utc":"08:53:00","flight":"US283"},{"day":1,"utc":"15:00:00","flight":"US665"},{"day":2,"utc":"21:07:00","flight":"US418"},{"day":2,"utc":"20:34:00","flight":"US108"},{"day":2,"utc":"04:27:00","flight":"US358"},{"day":3,"utc":"05:11:00","flight":"US995"},{"day":3,"utc":"02:52:00","flight":"US990"},{"day":3,"utc":"20:20:00","flight":"US181"},{"day":3,"utc":"03:30:00","flight":"US678"},{"day":4,"utc":"07:16:00","flight":"US828"},{"day":4,"utc":"02:01:00","flight":"US972"},{"day":5,"utc":"06:16:00","flight":"US277"},{"day":5,"utc":"06:25:00","flight":"US590"},{"day":5,"utc":"21:38:00","flight":"US946"},{"day":5,"utc":"09:12:00","flight":"US378"},{"day":5,"utc":"13:38:00","flight":"US624"},{"day":6,"utc":"10:58:00","flight":"US862"},{"day":6,"utc":"07:19:00","flight":"US531"},{"day":6,"utc":"08:01:00","flight":"US502"},{"day":6,"utc":"03:02:00","flight":"US994"}],"distance":1586.4201799893763}