{"id":58841,"type":"route","airline":"US","airlineid":"airline_5265","sourceairport":"CLT","destinationairport":"PGV","stops":0,"equipment":"CRJ","schedule":[{"day":0,"utc":"11:03:00","flight":"US896"},{"day":0,"utc":"22:29:00","flight":"US252"},{"day":0,"utc":"08:29:00","flight":"US747"},{"day":1,"utc":"15:05:00","flight":"US390"},{"day":2,"utc":"06:44:00","flight":"US014"},{"day":2,"utc":"00:49:00","flight":"US284"},{"day":3,"utc":"16:03:00","flight":"US247"},{"day":4,"utc":"20:19:00","flight":"US550"},{"day":4,"utc":"03:32:00","flight":"US057"},{"day":4,"utc":"04:31:00","flight":"US952"},{"day":4,"utc":"23:41:00","flight":"US546"},{"day":5,"utc":"06:14:00","flight":"US832"},{"day":5,"utc":"10:06:00","flight":"US190"},{"day":6,"utc":"09:47:00","flight":"US241"},{"day":6,"utc":"19:37:00","flight":"US122"}],"distance":325.74566155985946}