{"id":54566,"type":"route","airline":"U2","airlineid":"airline_2297","sourceairport":"BRU","destinationairport":"BSL","stops":0,"equipment":"319","schedule":[{"day":0,"utc":"08:45:00","flight":"U2641"},{"day":0,"utc":"21:28:00","flight":"U2608"},{"day":0,"utc":"23:55:00","flight":"U2138"},{"day":0,"utc":"16:29:00","flight":"U2526"},{"day":1,"utc":"17:32:00","flight":"U2124"},{"day":2,"utc":"12:59:00","flight":"U2609"},{"day":2,"utc":"02:59:00","flight":"U2330"},{"day":2,"utc":"04:42:00","flight":"U2094"},{"day":2,"utc":"19:16:00","flight":"U2272"},{"day":2,"utc":"12:11:00","flight":"U2221"},{"day":3,"utc":"01:29:00","flight":"U2062"},{"day":3,"utc":"02:43:00","flight":"U2457"},{"day":4,"utc":"11:45:00","flight":"U2065"},{"day":4,"utc":"14:53:00","flight":"U2645"},{"day":4,"utc":"02:01:00","flight":"U2969"},{"day":5,"utc":"08:31:00","flight":"U2638"},{"day":5,"utc":"22:06:00","flight":"U2739"},{"day":6,"utc":"05:14:00","flight":"U2925"},{"day":6,"utc":"08:06:00","flight":"U2212"}],"distance":429.3615699608236}