{"id":39514,"type":"route","airline":"LT","airlineid":"airline_3213","sourceairport":"CDG","destinationairport":"VNO","stops":0,"equipment":"E75","schedule":[{"day":0,"utc":"04:21:00","flight":"LT301"},{"day":0,"utc":"15:19:00","flight":"LT382"},{"day":1,"utc":"12:31:00","flight":"LT240"},{"day":1,"utc":"01:35:00","flight":"LT999"},{"day":2,"utc":"04:28:00","flight":"LT451"},{"day":2,"utc":"11:30:00","flight":"LT517"},{"day":3,"utc":"12:15:00","flight":"LT448"},{"day":3,"utc":"02:55:00","flight":"LT031"},{"day":3,"utc":"05:32:00","flight":"LT945"},{"day":3,"utc":"08:36:00","flight":"LT093"},{"day":4,"utc":"07:49:00","flight":"LT234"},{"day":4,"utc":"04:05:00","flight":"LT058"},{"day":4,"utc":"05:38:00","flight":"LT912"},{"day":4,"utc":"22:49:00","flight":"LT735"},{"day":4,"utc":"16:21:00","flight":"LT422"},{"day":5,"utc":"11:48:00","flight":"LT343"},{"day":5,"utc":"08:31:00","flight":"LT263"},{"day":5,"utc":"03:05:00","flight":"LT885"},{"day":5,"utc":"00:23:00","flight":"LT407"},{"day":6,"utc":"00:52:00","flight":"LT021"},{"day":6,"utc":"05:40:00","flight":"LT962"},{"day":6,"utc":"18:28:00","flight":"LT342"},{"day":6,"utc":"13:13:00","flight":"LT196"},{"day":6,"utc":"07:42:00","flight":"LT213"}],"distance":1673.6493546269196}