{"title":"Venice (California)","name":"Cabo Cantina","alt":null,"address":"30 Washington Blvd","directions":"end of Washington, east of the Pier","phone":"+1 310-305-4010","tollfree":null,"email":null,"url":null,"hours":null,"image":null,"price":null,"content":"Small but fun place; great assortment of tropical drinks, bar appetizers and during the summer months check by often to see their drink and meal specials.  Indoor and outdoor seating.","geo":{"lat":33.97926,"lon":-118.46616,"accuracy":"RANGE_INTERPOLATED"},"activity":"drink","type":"landmark","id":32169,"country":"United States","city":"Marina del Rey","state":"California"}