{"title":"San Francisco/SoMa","name":"Westfield San Francisco Centre","alt":null,"address":"865 Market St","directions":"between 4th and 5th","phone":"+1 415 512-6776","tollfree":null,"email":null,"url":"http://westfield.com/sanfrancisco","hours":"M-Sa 10AM-8:30PM, Su 11AM-7PM","image":null,"price":null,"content":"This massive nine-floor Westfield-owned complex contains around 400 shops and restaurants, including some upscale places. Anchors for the mall include a Bloomingdale's, a Nordstorm, a Bristol Farms grocery, and a movie theater.","geo":{"lat":37.784,"lon":-122.4063,"accuracy":"APPROXIMATE"},"activity":"buy","type":"landmark","id":25993,"country":"United States","city":"San Francisco","state":"California"}