{"id":27361,"type":"route","airline":"FR","airlineid":"airline_4296","sourceairport":"MRS","destinationairport":"STN","stops":0,"equipment":"738","schedule":[{"day":0,"utc":"15:27:00","flight":"FR168"},{"day":0,"utc":"21:51:00","flight":"FR734"},{"day":0,"utc":"14:10:00","flight":"FR538"},{"day":0,"utc":"05:50:00","flight":"FR619"},{"day":0,"utc":"13:29:00","flight":"FR568"},{"day":1,"utc":"05:05:00","flight":"FR743"},{"day":2,"utc":"20:53:00","flight":"FR490"},{"day":2,"utc":"08:08:00","flight":"FR497"},{"day":2,"utc":"15:26:00","flight":"FR271"},{"day":2,"utc":"14:21:00","flight":"FR788"},{"day":3,"utc":"14:40:00","flight":"FR817"},{"day":3,"utc":"21:31:00","flight":"FR923"},{"day":3,"utc":"00:37:00","flight":"FR676"},{"day":3,"utc":"06:21:00","flight":"FR511"},{"day":3,"utc":"22:43:00","flight":"FR409"},{"day":4,"utc":"12:29:00","flight":"FR027"},{"day":4,"utc":"10:40:00","flight":"FR486"},{"day":4,"utc":"02:32:00","flight":"FR529"},{"day":4,"utc":"06:52:00","flight":"FR547"},{"day":4,"utc":"03:49:00","flight":"FR403"},{"day":5,"utc":"19:44:00","flight":"FR302"},{"day":5,"utc":"05:17:00","flight":"FR118"},{"day":5,"utc":"02:16:00","flight":"FR579"},{"day":6,"utc":"02:50:00","flight":"FR044"},{"day":6,"utc":"14:04:00","flight":"FR672"},{"day":6,"utc":"01:06:00","flight":"FR986"}],"distance":1010.2179879787668}