{"id":40749,"type":"route","airline":"MH","airlineid":"airline_3378","sourceairport":"NRT","destinationairport":"ORD","stops":0,"equipment":"777","schedule":[{"day":0,"utc":"13:33:00","flight":"MH896"},{"day":0,"utc":"13:22:00","flight":"MH203"},{"day":1,"utc":"07:15:00","flight":"MH373"},{"day":1,"utc":"22:54:00","flight":"MH426"},{"day":2,"utc":"17:21:00","flight":"MH741"},{"day":2,"utc":"11:24:00","flight":"MH209"},{"day":3,"utc":"23:43:00","flight":"MH642"},{"day":4,"utc":"01:08:00","flight":"MH313"},{"day":4,"utc":"21:10:00","flight":"MH417"},{"day":4,"utc":"16:15:00","flight":"MH227"},{"day":4,"utc":"20:29:00","flight":"MH954"},{"day":5,"utc":"21:29:00","flight":"MH194"},{"day":5,"utc":"11:40:00","flight":"MH551"},{"day":6,"utc":"17:47:00","flight":"MH361"},{"day":6,"utc":"19:31:00","flight":"MH170"},{"day":6,"utc":"19:43:00","flight":"MH671"},{"day":6,"utc":"18:02:00","flight":"MH868"},{"day":6,"utc":"19:22:00","flight":"MH541"}],"distance":10073.960154745548}