{"id":59753,"type":"route","airline":"US","airlineid":"airline_5265","sourceairport":"MIA","destinationairport":"PHL","stops":0,"equipment":"320 738 321 752","schedule":[{"day":0,"utc":"14:17:00","flight":"US219"},{"day":0,"utc":"05:20:00","flight":"US379"},{"day":0,"utc":"04:02:00","flight":"US598"},{"day":0,"utc":"15:17:00","flight":"US787"},{"day":1,"utc":"04:13:00","flight":"US768"},{"day":2,"utc":"09:07:00","flight":"US891"},{"day":2,"utc":"16:20:00","flight":"US249"},{"day":2,"utc":"09:06:00","flight":"US239"},{"day":2,"utc":"15:23:00","flight":"US734"},{"day":2,"utc":"01:02:00","flight":"US122"},{"day":3,"utc":"06:09:00","flight":"US586"},{"day":4,"utc":"15:38:00","flight":"US449"},{"day":4,"utc":"00:53:00","flight":"US290"},{"day":4,"utc":"08:23:00","flight":"US824"},{"day":4,"utc":"11:02:00","flight":"US264"},{"day":4,"utc":"09:22:00","flight":"US220"},{"day":5,"utc":"17:32:00","flight":"US326"},{"day":5,"utc":"05:04:00","flight":"US017"},{"day":5,"utc":"09:45:00","flight":"US604"},{"day":5,"utc":"17:30:00","flight":"US893"},{"day":6,"utc":"01:04:00","flight":"US162"},{"day":6,"utc":"18:17:00","flight":"US474"},{"day":6,"utc":"07:32:00","flight":"US966"},{"day":6,"utc":"09:28:00","flight":"US974"},{"day":6,"utc":"18:16:00","flight":"US792"}],"distance":1634.237391603471}