{"title":"Sonoma","name":"Sign of the Bear","alt":null,"address":"435 1st St W","directions":"on the Square","phone":"+1 707-996-3722","tollfree":null,"email":null,"url":null,"hours":"10AM-6PM","image":null,"price":null,"content":"A remarkably full to the brim kitchen store with local and internationally produced items. All you need as a home chef or bartender. The windows are worth a visit for window-lickers alone.","geo":{"lat":38.293126,"lon":-122.459019,"accuracy":"RANGE_INTERPOLATED"},"activity":"buy","type":"landmark","id":27783,"country":"United States","city":"Sonoma","state":"California"}