{"id":59704,"type":"route","airline":"US","airlineid":"airline_5265","sourceairport":"MIA","destinationairport":"CZM","stops":0,"equipment":"738","schedule":[{"day":0,"utc":"21:15:00","flight":"US792"},{"day":0,"utc":"17:32:00","flight":"US391"},{"day":0,"utc":"09:56:00","flight":"US426"},{"day":0,"utc":"01:17:00","flight":"US717"},{"day":1,"utc":"21:13:00","flight":"US501"},{"day":2,"utc":"16:49:00","flight":"US854"},{"day":2,"utc":"19:07:00","flight":"US496"},{"day":2,"utc":"16:13:00","flight":"US888"},{"day":2,"utc":"09:04:00","flight":"US531"},{"day":2,"utc":"02:14:00","flight":"US956"},{"day":3,"utc":"07:30:00","flight":"US608"},{"day":3,"utc":"21:15:00","flight":"US367"},{"day":3,"utc":"22:44:00","flight":"US846"},{"day":3,"utc":"19:28:00","flight":"US227"},{"day":4,"utc":"18:41:00","flight":"US619"},{"day":5,"utc":"04:48:00","flight":"US210"},{"day":5,"utc":"21:49:00","flight":"US817"},{"day":5,"utc":"03:17:00","flight":"US080"},{"day":5,"utc":"09:14:00","flight":"US238"},{"day":5,"utc":"13:49:00","flight":"US904"},{"day":6,"utc":"00:53:00","flight":"US946"}],"distance":896.1400509342004}