{"id":22572,"type":"route","airline":"DY","airlineid":"airline_3737","sourceairport":"NCE","destinationairport":"OSL","stops":0,"equipment":"73H","schedule":[{"day":0,"utc":"08:46:00","flight":"DY332"},{"day":1,"utc":"21:55:00","flight":"DY050"},{"day":1,"utc":"03:16:00","flight":"DY767"},{"day":2,"utc":"21:26:00","flight":"DY767"},{"day":3,"utc":"16:34:00","flight":"DY052"},{"day":4,"utc":"19:07:00","flight":"DY473"},{"day":4,"utc":"11:24:00","flight":"DY390"},{"day":4,"utc":"01:47:00","flight":"DY467"},{"day":5,"utc":"21:35:00","flight":"DY706"},{"day":5,"utc":"11:51:00","flight":"DY762"},{"day":5,"utc":"04:44:00","flight":"DY378"},{"day":5,"utc":"01:41:00","flight":"DY273"},{"day":5,"utc":"18:49:00","flight":"DY627"},{"day":6,"utc":"23:55:00","flight":"DY245"},{"day":6,"utc":"13:57:00","flight":"DY084"}],"distance":1857.068327064054}