{"id":26177,"type":"route","airline":"FR","airlineid":"airline_4296","sourceairport":"BRE","destinationairport":"BZR","stops":0,"equipment":"738","schedule":[{"day":0,"utc":"23:46:00","flight":"FR600"},{"day":0,"utc":"08:18:00","flight":"FR853"},{"day":0,"utc":"10:17:00","flight":"FR722"},{"day":0,"utc":"23:32:00","flight":"FR505"},{"day":1,"utc":"10:42:00","flight":"FR151"},{"day":1,"utc":"02:20:00","flight":"FR931"},{"day":1,"utc":"05:40:00","flight":"FR073"},{"day":1,"utc":"01:50:00","flight":"FR596"},{"day":1,"utc":"23:24:00","flight":"FR928"},{"day":2,"utc":"08:35:00","flight":"FR401"},{"day":2,"utc":"02:50:00","flight":"FR308"},{"day":2,"utc":"22:09:00","flight":"FR030"},{"day":2,"utc":"01:32:00","flight":"FR132"},{"day":3,"utc":"13:03:00","flight":"FR372"},{"day":3,"utc":"14:46:00","flight":"FR654"},{"day":3,"utc":"20:32:00","flight":"FR385"},{"day":3,"utc":"11:04:00","flight":"FR814"},{"day":3,"utc":"20:30:00","flight":"FR074"},{"day":4,"utc":"17:23:00","flight":"FR546"},{"day":4,"utc":"03:31:00","flight":"FR692"},{"day":4,"utc":"16:44:00","flight":"FR184"},{"day":5,"utc":"03:30:00","flight":"FR797"},{"day":5,"utc":"05:52:00","flight":"FR740"},{"day":5,"utc":"21:50:00","flight":"FR391"},{"day":6,"utc":"08:15:00","flight":"FR428"}],"distance":1153.0026039699794}