{"id":56672,"type":"route","airline":"UA","airlineid":"airline_5209","sourceairport":"IAD","destinationairport":"PHX","stops":0,"equipment":"320","schedule":[{"day":0,"utc":"16:53:00","flight":"UA997"},{"day":0,"utc":"12:00:00","flight":"UA463"},{"day":1,"utc":"02:06:00","flight":"UA638"},{"day":1,"utc":"23:07:00","flight":"UA231"},{"day":1,"utc":"16:08:00","flight":"UA441"},{"day":2,"utc":"18:44:00","flight":"UA691"},{"day":3,"utc":"00:06:00","flight":"UA325"},{"day":3,"utc":"08:09:00","flight":"UA224"},{"day":3,"utc":"00:04:00","flight":"UA233"},{"day":3,"utc":"10:01:00","flight":"UA142"},{"day":4,"utc":"13:16:00","flight":"UA099"},{"day":4,"utc":"22:09:00","flight":"UA610"},{"day":4,"utc":"01:54:00","flight":"UA863"},{"day":4,"utc":"08:28:00","flight":"UA577"},{"day":5,"utc":"01:37:00","flight":"UA412"},{"day":6,"utc":"17:37:00","flight":"UA821"},{"day":6,"utc":"01:40:00","flight":"UA035"},{"day":6,"utc":"13:59:00","flight":"UA669"},{"day":6,"utc":"08:19:00","flight":"UA645"},{"day":6,"utc":"02:18:00","flight":"UA579"}],"distance":3141.537098245758}