{"title":"Paris/1st arrondissement","name":"W.H. Smith","alt":null,"address":"248, rue de Rivoli","directions":"Métro: Concorde","phone":"+33 1 44 77 88 99","tollfree":null,"email":null,"url":"http://www.whsmith.fr/","hours":"M-Sa, 09:00-19:30; Su, 13:00-19:30","image":null,"price":null,"content":"The largest English language bookshop in Paris carries many of the newest releases.","geo":{"lat":48.866174,"lon":2.324917,"accuracy":"APPROXIMATE"},"activity":"buy","type":"landmark","id":21704,"country":"France","city":"Paris","state":"Île-de-France"}