{"id":11195,"type":"route","airline":"AM","airlineid":"airline_321","sourceairport":"PVR","destinationairport":"SAN","stops":0,"equipment":"73J","schedule":[{"day":0,"utc":"12:32:00","flight":"AM882"},{"day":1,"utc":"21:08:00","flight":"AM847"},{"day":1,"utc":"09:23:00","flight":"AM234"},{"day":2,"utc":"08:55:00","flight":"AM276"},{"day":2,"utc":"10:04:00","flight":"AM050"},{"day":2,"utc":"06:21:00","flight":"AM193"},{"day":3,"utc":"23:17:00","flight":"AM164"},{"day":3,"utc":"14:27:00","flight":"AM373"},{"day":3,"utc":"04:48:00","flight":"AM438"},{"day":4,"utc":"03:23:00","flight":"AM376"},{"day":4,"utc":"14:01:00","flight":"AM414"},{"day":4,"utc":"01:01:00","flight":"AM831"},{"day":4,"utc":"19:16:00","flight":"AM477"},{"day":5,"utc":"21:13:00","flight":"AM406"},{"day":5,"utc":"06:03:00","flight":"AM512"},{"day":5,"utc":"16:57:00","flight":"AM551"},{"day":5,"utc":"09:32:00","flight":"AM728"},{"day":5,"utc":"07:11:00","flight":"AM032"},{"day":6,"utc":"02:27:00","flight":"AM329"},{"day":6,"utc":"10:12:00","flight":"AM046"},{"day":6,"utc":"07:31:00","flight":"AM396"},{"day":6,"utc":"20:49:00","flight":"AM550"}],"distance":1786.558882271056}