{"id":58791,"type":"route","airline":"US","airlineid":"airline_5265","sourceairport":"CLT","destinationairport":"FPO","stops":0,"equipment":"CR7","schedule":[{"day":0,"utc":"02:21:00","flight":"US804"},{"day":1,"utc":"15:13:00","flight":"US470"},{"day":1,"utc":"03:09:00","flight":"US989"},{"day":2,"utc":"03:38:00","flight":"US687"},{"day":2,"utc":"18:11:00","flight":"US725"},{"day":2,"utc":"06:47:00","flight":"US730"},{"day":3,"utc":"16:28:00","flight":"US964"},{"day":3,"utc":"21:03:00","flight":"US137"},{"day":4,"utc":"13:15:00","flight":"US335"},{"day":5,"utc":"06:43:00","flight":"US320"},{"day":5,"utc":"13:28:00","flight":"US154"},{"day":5,"utc":"14:16:00","flight":"US802"},{"day":6,"utc":"03:21:00","flight":"US245"},{"day":6,"utc":"04:40:00","flight":"US322"},{"day":6,"utc":"18:02:00","flight":"US239"},{"day":6,"utc":"06:28:00","flight":"US210"},{"day":6,"utc":"13:43:00","flight":"US620"}],"distance":985.9429662599963}