{"id":32421,"type":"route","airline":"IB","airlineid":"airline_2822","sourceairport":"CDG","destinationairport":"OVD","stops":0,"equipment":"320","schedule":[{"day":0,"utc":"03:55:00","flight":"IB356"},{"day":0,"utc":"22:00:00","flight":"IB002"},{"day":0,"utc":"21:45:00","flight":"IB869"},{"day":0,"utc":"12:07:00","flight":"IB031"},{"day":0,"utc":"21:16:00","flight":"IB111"},{"day":1,"utc":"01:55:00","flight":"IB581"},{"day":2,"utc":"21:01:00","flight":"IB988"},{"day":2,"utc":"22:45:00","flight":"IB235"},{"day":3,"utc":"09:03:00","flight":"IB686"},{"day":3,"utc":"21:42:00","flight":"IB676"},{"day":3,"utc":"19:32:00","flight":"IB189"},{"day":3,"utc":"14:58:00","flight":"IB039"},{"day":3,"utc":"19:40:00","flight":"IB892"},{"day":4,"utc":"03:37:00","flight":"IB898"},{"day":4,"utc":"10:19:00","flight":"IB344"},{"day":5,"utc":"00:34:00","flight":"IB128"},{"day":6,"utc":"05:28:00","flight":"IB578"},{"day":6,"utc":"22:59:00","flight":"IB527"}],"distance":894.6693513846147}