{"id":61690,"type":"route","airline":"VS","airlineid":"airline_5347","sourceairport":"ATL","destinationairport":"ORD","stops":0,"equipment":"757 319 320 M90 M88 717","schedule":[{"day":0,"utc":"02:51:00","flight":"VS775"},{"day":0,"utc":"01:01:00","flight":"VS738"},{"day":0,"utc":"11:43:00","flight":"VS085"},{"day":0,"utc":"13:25:00","flight":"VS849"},{"day":1,"utc":"08:14:00","flight":"VS527"},{"day":1,"utc":"03:56:00","flight":"VS439"},{"day":1,"utc":"06:52:00","flight":"VS482"},{"day":1,"utc":"16:53:00","flight":"VS754"},{"day":2,"utc":"21:08:00","flight":"VS340"},{"day":3,"utc":"18:17:00","flight":"VS307"},{"day":3,"utc":"16:31:00","flight":"VS249"},{"day":4,"utc":"12:22:00","flight":"VS579"},{"day":4,"utc":"09:39:00","flight":"VS707"},{"day":4,"utc":"22:39:00","flight":"VS450"},{"day":5,"utc":"18:58:00","flight":"VS103"},{"day":5,"utc":"23:19:00","flight":"VS485"},{"day":5,"utc":"00:07:00","flight":"VS540"},{"day":5,"utc":"07:21:00","flight":"VS530"},{"day":5,"utc":"14:55:00","flight":"VS772"},{"day":6,"utc":"09:01:00","flight":"VS028"},{"day":6,"utc":"12:05:00","flight":"VS377"}],"distance":976.3282034488873}