{"id":48457,"type":"route","airline":"S5","airlineid":"airline_4822","sourceairport":"RDC","destinationairport":"CDJ","stops":0,"equipment":"CNC","schedule":[{"day":0,"utc":"08:45:00","flight":"S5672"},{"day":0,"utc":"23:38:00","flight":"S5963"},{"day":1,"utc":"08:20:00","flight":"S5635"},{"day":2,"utc":"07:07:00","flight":"S5068"},{"day":3,"utc":"20:54:00","flight":"S5249"},{"day":3,"utc":"18:46:00","flight":"S5524"},{"day":4,"utc":"22:42:00","flight":"S5701"},{"day":4,"utc":"22:44:00","flight":"S5352"},{"day":4,"utc":"23:26:00","flight":"S5474"},{"day":4,"utc":"06:13:00","flight":"S5943"},{"day":5,"utc":"01:45:00","flight":"S5767"},{"day":5,"utc":"10:10:00","flight":"S5660"},{"day":5,"utc":"18:34:00","flight":"S5140"},{"day":6,"utc":"04:39:00","flight":"S5518"},{"day":6,"utc":"03:31:00","flight":"S5059"}],"distance":82.48034219254012}