{"title":"D-Day beaches","name":"Ranville War Cemetery","alt":null,"address":"5357 Rue du Comté Louis de Rohan Chabot","directions":null,"phone":null,"tollfree":null,"email":null,"url":"http://www.cwgc.org/find-a-cemetery/cemetery/2033500/RANVILLE%20WAR%20CEMETERY","hours":null,"image":null,"price":null,"content":"This cemetery has mainly men of the British 6th Airborne Division who made parachute and glider landings in the area on D-Day. There are 2,235 Commonwealth graves (the division had a Canadian battalion), plus 330 German and a few others.","geo":{"lat":49.23113,"lon":-0.25776,"accuracy":"ROOFTOP"},"activity":"see","type":"landmark","id":7352,"country":"France","city":"Ranville","state":"Basse-Normandie"}