{"title":"San Diego/La Jolla","name":"La Jolla Shores","alt":null,"address":null,"directions":null,"phone":null,"tollfree":null,"email":null,"url":"http://www.sandiego.gov/lifeguards/beaches/shores.shtml","hours":null,"image":null,"price":null,"content":"In north La Jolla, this beach has some of the gentlest waves of any beach in San Diego. The beach is notable for being near the Scripps Institution of Oceanography campus and it contains the Scripps Pier. This is one of the only beach boat launching areas in La Jolla, so it's a popular spot for kayaking and surfing.","geo":{"lat":32.85835,"lon":-117.25667,"accuracy":"ROOFTOP"},"activity":"do","type":"landmark","id":25182,"country":"United States","city":"San Diego","state":"California"}