{"id":55459,"type":"route","airline":"U2","airlineid":"airline_2297","sourceairport":"TFS","destinationairport":"BRS","stops":0,"equipment":"320 319","schedule":[{"day":0,"utc":"03:56:00","flight":"U2483"},{"day":0,"utc":"06:25:00","flight":"U2328"},{"day":0,"utc":"15:40:00","flight":"U2597"},{"day":0,"utc":"00:03:00","flight":"U2359"},{"day":1,"utc":"10:07:00","flight":"U2003"},{"day":1,"utc":"23:13:00","flight":"U2690"},{"day":1,"utc":"18:41:00","flight":"U2108"},{"day":1,"utc":"14:33:00","flight":"U2013"},{"day":2,"utc":"17:50:00","flight":"U2178"},{"day":2,"utc":"21:18:00","flight":"U2674"},{"day":3,"utc":"03:44:00","flight":"U2125"},{"day":3,"utc":"09:29:00","flight":"U2371"},{"day":3,"utc":"03:52:00","flight":"U2173"},{"day":3,"utc":"01:00:00","flight":"U2367"},{"day":4,"utc":"22:30:00","flight":"U2939"},{"day":4,"utc":"09:38:00","flight":"U2706"},{"day":5,"utc":"13:06:00","flight":"U2549"},{"day":5,"utc":"20:16:00","flight":"U2267"},{"day":5,"utc":"01:40:00","flight":"U2685"},{"day":5,"utc":"23:40:00","flight":"U2162"},{"day":5,"utc":"17:24:00","flight":"U2481"},{"day":6,"utc":"11:58:00","flight":"U2313"},{"day":6,"utc":"00:39:00","flight":"U2782"},{"day":6,"utc":"08:56:00","flight":"U2627"}],"distance":2841.7638457470534}