{"id":21431,"type":"route","airline":"DL","airlineid":"airline_2009","sourceairport":"MSP","destinationairport":"PSP","stops":0,"equipment":"320","schedule":[{"day":0,"utc":"20:56:00","flight":"DL113"},{"day":0,"utc":"07:08:00","flight":"DL836"},{"day":0,"utc":"03:03:00","flight":"DL014"},{"day":1,"utc":"02:24:00","flight":"DL782"},{"day":1,"utc":"03:48:00","flight":"DL911"},{"day":2,"utc":"16:36:00","flight":"DL999"},{"day":2,"utc":"07:44:00","flight":"DL559"},{"day":2,"utc":"23:43:00","flight":"DL543"},{"day":3,"utc":"03:58:00","flight":"DL896"},{"day":3,"utc":"19:53:00","flight":"DL403"},{"day":3,"utc":"08:13:00","flight":"DL584"},{"day":4,"utc":"07:11:00","flight":"DL834"},{"day":4,"utc":"20:51:00","flight":"DL495"},{"day":4,"utc":"22:21:00","flight":"DL725"},{"day":5,"utc":"13:20:00","flight":"DL109"},{"day":5,"utc":"10:54:00","flight":"DL926"},{"day":6,"utc":"01:41:00","flight":"DL857"}],"distance":2336.320023719359}