{"id":62004,"type":"route","airline":"VX","airlineid":"airline_5331","sourceairport":"LAS","destinationairport":"LAX","stops":0,"equipment":"320","schedule":[{"day":0,"utc":"01:28:00","flight":"VX613"},{"day":0,"utc":"06:16:00","flight":"VX525"},{"day":0,"utc":"09:26:00","flight":"VX791"},{"day":1,"utc":"15:33:00","flight":"VX920"},{"day":1,"utc":"13:52:00","flight":"VX362"},{"day":1,"utc":"19:02:00","flight":"VX470"},{"day":2,"utc":"03:55:00","flight":"VX368"},{"day":2,"utc":"19:00:00","flight":"VX501"},{"day":2,"utc":"19:15:00","flight":"VX074"},{"day":2,"utc":"10:15:00","flight":"VX926"},{"day":3,"utc":"22:44:00","flight":"VX594"},{"day":3,"utc":"17:19:00","flight":"VX723"},{"day":3,"utc":"04:48:00","flight":"VX975"},{"day":3,"utc":"12:44:00","flight":"VX219"},{"day":4,"utc":"22:27:00","flight":"VX233"},{"day":4,"utc":"18:20:00","flight":"VX799"},{"day":5,"utc":"00:35:00","flight":"VX846"},{"day":5,"utc":"18:39:00","flight":"VX841"},{"day":6,"utc":"06:06:00","flight":"VX955"},{"day":6,"utc":"07:40:00","flight":"VX093"},{"day":6,"utc":"16:40:00","flight":"VX138"},{"day":6,"utc":"22:49:00","flight":"VX587"}],"distance":379.97653302227496}