{"id":54835,"type":"route","airline":"U2","airlineid":"airline_2297","sourceairport":"GVA","destinationairport":"SCQ","stops":0,"equipment":"319 320","schedule":[{"day":0,"utc":"08:36:00","flight":"U2531"},{"day":1,"utc":"12:16:00","flight":"U2587"},{"day":1,"utc":"07:09:00","flight":"U2737"},{"day":2,"utc":"10:17:00","flight":"U2095"},{"day":2,"utc":"03:51:00","flight":"U2543"},{"day":3,"utc":"23:30:00","flight":"U2111"},{"day":3,"utc":"10:32:00","flight":"U2608"},{"day":3,"utc":"10:02:00","flight":"U2963"},{"day":3,"utc":"04:25:00","flight":"U2947"},{"day":4,"utc":"06:46:00","flight":"U2753"},{"day":4,"utc":"11:32:00","flight":"U2962"},{"day":4,"utc":"11:21:00","flight":"U2269"},{"day":4,"utc":"02:39:00","flight":"U2584"},{"day":4,"utc":"08:29:00","flight":"U2609"},{"day":5,"utc":"06:06:00","flight":"U2586"},{"day":5,"utc":"00:09:00","flight":"U2658"},{"day":5,"utc":"00:10:00","flight":"U2435"},{"day":5,"utc":"21:27:00","flight":"U2479"},{"day":5,"utc":"14:58:00","flight":"U2357"},{"day":6,"utc":"07:32:00","flight":"U2877"}],"distance":1207.0341396419785}