{"id":22925,"type":"route","airline":"EI","airlineid":"airline_837","sourceairport":"DUB","destinationairport":"JFK","stops":0,"equipment":"330","schedule":[{"day":0,"utc":"11:26:00","flight":"EI374"},{"day":1,"utc":"20:03:00","flight":"EI226"},{"day":2,"utc":"17:28:00","flight":"EI831"},{"day":2,"utc":"11:16:00","flight":"EI692"},{"day":3,"utc":"07:59:00","flight":"EI761"},{"day":3,"utc":"16:48:00","flight":"EI071"},{"day":3,"utc":"21:16:00","flight":"EI209"},{"day":3,"utc":"08:30:00","flight":"EI525"},{"day":3,"utc":"06:42:00","flight":"EI148"},{"day":4,"utc":"15:34:00","flight":"EI286"},{"day":4,"utc":"05:20:00","flight":"EI246"},{"day":5,"utc":"04:35:00","flight":"EI486"},{"day":5,"utc":"15:21:00","flight":"EI711"},{"day":5,"utc":"18:52:00","flight":"EI596"},{"day":5,"utc":"18:35:00","flight":"EI321"},{"day":6,"utc":"15:18:00","flight":"EI270"}],"distance":5103.02675898737}