{"id":29144,"type":"route","airline":"G4","airlineid":"airline_35","sourceairport":"RAP","destinationairport":"LAS","stops":0,"equipment":"M80","schedule":[{"day":0,"utc":"06:37:00","flight":"G4388"},{"day":0,"utc":"01:29:00","flight":"G4996"},{"day":0,"utc":"18:31:00","flight":"G4183"},{"day":1,"utc":"02:03:00","flight":"G4458"},{"day":2,"utc":"10:47:00","flight":"G4803"},{"day":3,"utc":"11:54:00","flight":"G4312"},{"day":3,"utc":"18:32:00","flight":"G4835"},{"day":3,"utc":"15:55:00","flight":"G4766"},{"day":3,"utc":"04:13:00","flight":"G4969"},{"day":3,"utc":"04:42:00","flight":"G4138"},{"day":4,"utc":"03:18:00","flight":"G4878"},{"day":4,"utc":"19:23:00","flight":"G4314"},{"day":5,"utc":"13:56:00","flight":"G4651"},{"day":5,"utc":"04:23:00","flight":"G4730"},{"day":5,"utc":"16:43:00","flight":"G4770"},{"day":6,"utc":"12:07:00","flight":"G4903"},{"day":6,"utc":"14:36:00","flight":"G4894"},{"day":6,"utc":"06:25:00","flight":"G4931"}],"distance":1355.347325389431}