{"id":9790,"type":"route","airline":"AF","airlineid":"airline_137","sourceairport":"NBO","destinationairport":"LVI","stops":0,"equipment":"E90","schedule":[{"day":0,"utc":"18:38:00","flight":"AF628"},{"day":0,"utc":"11:38:00","flight":"AF806"},{"day":1,"utc":"01:59:00","flight":"AF674"},{"day":1,"utc":"02:37:00","flight":"AF576"},{"day":2,"utc":"08:05:00","flight":"AF222"},{"day":2,"utc":"00:20:00","flight":"AF760"},{"day":2,"utc":"07:33:00","flight":"AF828"},{"day":2,"utc":"04:05:00","flight":"AF961"},{"day":2,"utc":"16:36:00","flight":"AF356"},{"day":3,"utc":"17:14:00","flight":"AF456"},{"day":3,"utc":"17:18:00","flight":"AF463"},{"day":4,"utc":"01:32:00","flight":"AF162"},{"day":4,"utc":"17:42:00","flight":"AF239"},{"day":4,"utc":"19:49:00","flight":"AF827"},{"day":4,"utc":"23:24:00","flight":"AF289"},{"day":4,"utc":"19:16:00","flight":"AF171"},{"day":5,"utc":"02:16:00","flight":"AF336"},{"day":6,"utc":"13:22:00","flight":"AF550"},{"day":6,"utc":"23:29:00","flight":"AF338"},{"day":6,"utc":"12:46:00","flight":"AF967"},{"day":6,"utc":"23:37:00","flight":"AF746"}],"distance":2199.668034621803}