{"id":53132,"type":"route","airline":"TO","airlineid":"airline_8745","sourceairport":"FUE","destinationairport":"EMA","stops":0,"equipment":"73H","schedule":[{"day":0,"utc":"02:08:00","flight":"TO759"},{"day":0,"utc":"21:22:00","flight":"TO776"},{"day":0,"utc":"00:40:00","flight":"TO544"},{"day":0,"utc":"12:47:00","flight":"TO163"},{"day":1,"utc":"01:35:00","flight":"TO643"},{"day":1,"utc":"19:08:00","flight":"TO348"},{"day":1,"utc":"14:58:00","flight":"TO620"},{"day":1,"utc":"19:01:00","flight":"TO244"},{"day":2,"utc":"20:06:00","flight":"TO240"},{"day":2,"utc":"08:41:00","flight":"TO619"},{"day":2,"utc":"13:32:00","flight":"TO239"},{"day":2,"utc":"16:13:00","flight":"TO248"},{"day":3,"utc":"07:14:00","flight":"TO111"},{"day":4,"utc":"05:31:00","flight":"TO360"},{"day":4,"utc":"08:07:00","flight":"TO437"},{"day":5,"utc":"15:03:00","flight":"TO223"},{"day":6,"utc":"19:10:00","flight":"TO591"}],"distance":2900.032871136219}