{"id":30670,"type":"route","airline":"HA","airlineid":"airline_2688","sourceairport":"OAK","destinationairport":"OGG","stops":0,"equipment":"763","schedule":[{"day":0,"utc":"16:31:00","flight":"HA131"},{"day":1,"utc":"16:47:00","flight":"HA795"},{"day":1,"utc":"01:45:00","flight":"HA945"},{"day":1,"utc":"16:01:00","flight":"HA718"},{"day":2,"utc":"15:20:00","flight":"HA806"},{"day":2,"utc":"10:31:00","flight":"HA557"},{"day":2,"utc":"16:56:00","flight":"HA099"},{"day":2,"utc":"14:26:00","flight":"HA051"},{"day":3,"utc":"11:44:00","flight":"HA794"},{"day":3,"utc":"21:27:00","flight":"HA092"},{"day":3,"utc":"21:01:00","flight":"HA403"},{"day":3,"utc":"08:19:00","flight":"HA353"},{"day":4,"utc":"13:11:00","flight":"HA760"},{"day":4,"utc":"20:37:00","flight":"HA764"},{"day":5,"utc":"06:23:00","flight":"HA760"},{"day":5,"utc":"03:22:00","flight":"HA685"},{"day":5,"utc":"21:47:00","flight":"HA121"},{"day":5,"utc":"06:55:00","flight":"HA187"},{"day":5,"utc":"09:32:00","flight":"HA124"},{"day":6,"utc":"11:46:00","flight":"HA671"}],"distance":3777.0172184553585}