{"id":64095,"type":"route","airline":"WN","airlineid":"airline_4547","sourceairport":"MDW","destinationairport":"DTW","stops":0,"equipment":"73W 73H","schedule":[{"day":0,"utc":"08:43:00","flight":"WN532"},{"day":0,"utc":"16:54:00","flight":"WN368"},{"day":0,"utc":"18:20:00","flight":"WN303"},{"day":0,"utc":"05:10:00","flight":"WN761"},{"day":0,"utc":"20:13:00","flight":"WN782"},{"day":1,"utc":"11:34:00","flight":"WN719"},{"day":1,"utc":"05:09:00","flight":"WN251"},{"day":2,"utc":"07:41:00","flight":"WN701"},{"day":3,"utc":"18:31:00","flight":"WN365"},{"day":4,"utc":"15:18:00","flight":"WN317"},{"day":4,"utc":"22:33:00","flight":"WN010"},{"day":5,"utc":"20:41:00","flight":"WN731"},{"day":5,"utc":"19:54:00","flight":"WN443"},{"day":5,"utc":"17:09:00","flight":"WN966"},{"day":5,"utc":"11:04:00","flight":"WN895"},{"day":5,"utc":"18:52:00","flight":"WN779"},{"day":6,"utc":"18:07:00","flight":"WN589"},{"day":6,"utc":"10:14:00","flight":"WN856"},{"day":6,"utc":"03:25:00","flight":"WN308"}],"distance":366.5511057445655}