{"title":"San Francisco/Haight","name":"Memphis Minnie's","alt":null,"address":"576 Haight Street","directions":null,"phone":"+1 415 864-7675","tollfree":null,"email":null,"url":"http://www.memphisminnies.com/","hours":"Tu-Sa 11AM-10PM, Su 11AM-9PM","image":null,"price":"$8-$14","content":"Great southern-style barbecue and (oddly enough) sake.  Amazing mac-n-cheese.","geo":{"lat":37.7721,"lon":-122.4317,"accuracy":"APPROXIMATE"},"activity":"eat","type":"landmark","id":25839,"country":"United States","city":"San Francisco","state":"California"}