{"id":4771,"type":"route","airline":"AA","airlineid":"airline_24","sourceairport":"BNA","destinationairport":"JFK","stops":0,"equipment":"ER4","schedule":[{"day":0,"utc":"11:07:00","flight":"AA497"},{"day":0,"utc":"06:07:00","flight":"AA257"},{"day":0,"utc":"13:17:00","flight":"AA363"},{"day":0,"utc":"08:14:00","flight":"AA051"},{"day":1,"utc":"14:22:00","flight":"AA085"},{"day":2,"utc":"08:41:00","flight":"AA920"},{"day":2,"utc":"17:48:00","flight":"AA591"},{"day":2,"utc":"04:32:00","flight":"AA263"},{"day":2,"utc":"08:47:00","flight":"AA301"},{"day":2,"utc":"12:26:00","flight":"AA497"},{"day":3,"utc":"11:56:00","flight":"AA412"},{"day":3,"utc":"11:02:00","flight":"AA987"},{"day":3,"utc":"21:28:00","flight":"AA425"},{"day":3,"utc":"05:19:00","flight":"AA509"},{"day":3,"utc":"01:22:00","flight":"AA405"},{"day":4,"utc":"10:15:00","flight":"AA959"},{"day":4,"utc":"03:55:00","flight":"AA297"},{"day":4,"utc":"03:07:00","flight":"AA085"},{"day":4,"utc":"04:56:00","flight":"AA213"},{"day":5,"utc":"08:23:00","flight":"AA509"},{"day":5,"utc":"09:02:00","flight":"AA690"},{"day":5,"utc":"13:05:00","flight":"AA921"},{"day":6,"utc":"15:20:00","flight":"AA913"},{"day":6,"utc":"03:00:00","flight":"AA097"}],"distance":1229.7583957286536}