{"id":53535,"type":"route","airline":"TOM","airlineid":"airline_5013","sourceairport":"LGW","destinationairport":"PFO","stops":0,"equipment":"73H","schedule":[{"day":0,"utc":"12:45:00","flight":"TOM346"},{"day":0,"utc":"02:55:00","flight":"TOM606"},{"day":0,"utc":"14:23:00","flight":"TOM005"},{"day":1,"utc":"08:40:00","flight":"TOM094"},{"day":1,"utc":"22:16:00","flight":"TOM722"},{"day":1,"utc":"09:02:00","flight":"TOM200"},{"day":2,"utc":"21:49:00","flight":"TOM648"},{"day":2,"utc":"21:48:00","flight":"TOM251"},{"day":2,"utc":"21:31:00","flight":"TOM938"},{"day":2,"utc":"08:27:00","flight":"TOM830"},{"day":2,"utc":"11:29:00","flight":"TOM068"},{"day":3,"utc":"19:15:00","flight":"TOM989"},{"day":3,"utc":"18:09:00","flight":"TOM064"},{"day":3,"utc":"03:51:00","flight":"TOM823"},{"day":3,"utc":"04:10:00","flight":"TOM657"},{"day":3,"utc":"13:39:00","flight":"TOM544"},{"day":4,"utc":"04:11:00","flight":"TOM716"},{"day":4,"utc":"20:51:00","flight":"TOM065"},{"day":4,"utc":"19:14:00","flight":"TOM659"},{"day":4,"utc":"22:52:00","flight":"TOM275"},{"day":4,"utc":"00:46:00","flight":"TOM521"},{"day":5,"utc":"09:10:00","flight":"TOM946"},{"day":5,"utc":"00:39:00","flight":"TOM000"},{"day":6,"utc":"19:02:00","flight":"TOM640"},{"day":6,"utc":"18:48:00","flight":"TOM570"},{"day":6,"utc":"23:35:00","flight":"TOM732"},{"day":6,"utc":"18:51:00","flight":"TOM454"},{"day":6,"utc":"07:14:00","flight":"TOM328"}],"distance":3185.7833372857167}