{"id":55320,"type":"route","airline":"U2","airlineid":"airline_2297","sourceairport":"PMI","destinationairport":"NCL","stops":0,"equipment":"320 319","schedule":[{"day":0,"utc":"11:20:00","flight":"U2346"},{"day":0,"utc":"00:29:00","flight":"U2768"},{"day":0,"utc":"21:47:00","flight":"U2101"},{"day":0,"utc":"22:39:00","flight":"U2722"},{"day":0,"utc":"07:09:00","flight":"U2720"},{"day":1,"utc":"18:29:00","flight":"U2493"},{"day":1,"utc":"05:46:00","flight":"U2293"},{"day":1,"utc":"12:45:00","flight":"U2372"},{"day":1,"utc":"13:07:00","flight":"U2378"},{"day":1,"utc":"14:26:00","flight":"U2721"},{"day":2,"utc":"16:16:00","flight":"U2683"},{"day":2,"utc":"13:18:00","flight":"U2469"},{"day":3,"utc":"13:50:00","flight":"U2906"},{"day":3,"utc":"15:22:00","flight":"U2546"},{"day":3,"utc":"05:22:00","flight":"U2270"},{"day":3,"utc":"00:10:00","flight":"U2333"},{"day":3,"utc":"04:26:00","flight":"U2711"},{"day":4,"utc":"00:47:00","flight":"U2060"},{"day":4,"utc":"11:57:00","flight":"U2732"},{"day":4,"utc":"01:01:00","flight":"U2886"},{"day":4,"utc":"21:22:00","flight":"U2664"},{"day":4,"utc":"20:04:00","flight":"U2174"},{"day":5,"utc":"15:28:00","flight":"U2149"},{"day":5,"utc":"20:16:00","flight":"U2517"},{"day":5,"utc":"20:30:00","flight":"U2724"},{"day":5,"utc":"04:58:00","flight":"U2739"},{"day":5,"utc":"13:51:00","flight":"U2067"},{"day":6,"utc":"09:17:00","flight":"U2859"},{"day":6,"utc":"03:58:00","flight":"U2923"},{"day":6,"utc":"20:17:00","flight":"U2668"},{"day":6,"utc":"00:32:00","flight":"U2465"},{"day":6,"utc":"21:39:00","flight":"U2793"}],"distance":1752.807425214331}