{"id":14285,"type":"route","airline":"B6","airlineid":"airline_3029","sourceairport":"TPA","destinationairport":"BDL","stops":0,"equipment":"320","schedule":[{"day":0,"utc":"12:51:00","flight":"B6518"},{"day":0,"utc":"23:49:00","flight":"B6425"},{"day":1,"utc":"03:32:00","flight":"B6885"},{"day":1,"utc":"03:56:00","flight":"B6302"},{"day":1,"utc":"18:23:00","flight":"B6666"},{"day":2,"utc":"02:25:00","flight":"B6917"},{"day":2,"utc":"00:53:00","flight":"B6141"},{"day":2,"utc":"04:22:00","flight":"B6160"},{"day":2,"utc":"16:20:00","flight":"B6304"},{"day":2,"utc":"13:30:00","flight":"B6321"},{"day":3,"utc":"00:24:00","flight":"B6993"},{"day":3,"utc":"04:58:00","flight":"B6718"},{"day":3,"utc":"06:44:00","flight":"B6774"},{"day":3,"utc":"11:05:00","flight":"B6529"},{"day":4,"utc":"17:46:00","flight":"B6223"},{"day":4,"utc":"07:47:00","flight":"B6381"},{"day":4,"utc":"18:38:00","flight":"B6725"},{"day":4,"utc":"17:07:00","flight":"B6358"},{"day":4,"utc":"22:40:00","flight":"B6635"},{"day":5,"utc":"22:35:00","flight":"B6401"},{"day":5,"utc":"23:33:00","flight":"B6548"},{"day":5,"utc":"01:46:00","flight":"B6743"},{"day":5,"utc":"15:37:00","flight":"B6022"},{"day":6,"utc":"00:35:00","flight":"B6659"},{"day":6,"utc":"11:53:00","flight":"B6072"},{"day":6,"utc":"10:59:00","flight":"B6598"},{"day":6,"utc":"00:00:00","flight":"B6777"},{"day":6,"utc":"07:30:00","flight":"B6220"}],"distance":1790.5400264961943}