{"title":"Paris/2nd arrondissement","name":"L'Assiette a Carreaux","alt":null,"address":"45 rue des Petits Carreaux","directions":null,"phone":"+33 1 9 53 27 33 83","tollfree":null,"email":null,"url":null,"hours":"M-F 12:00–14:30, 20:00–22:30, Sa 20:00–22:30, Su 12:00–14:30, 20:00–22:30","image":null,"price":null,"content":"A small little charming French restaurant.","geo":{"lat":48.868162,"lon":2.347549,"accuracy":"RANGE_INTERPOLATED"},"activity":"eat","type":"landmark","id":21745,"country":"France","city":"Paris","state":"Île-de-France"}