{"id":20735,"type":"route","airline":"DL","airlineid":"airline_2009","sourceairport":"FAT","destinationairport":"GDL","stops":0,"equipment":"738","schedule":[{"day":0,"utc":"19:29:00","flight":"DL292"},{"day":0,"utc":"08:12:00","flight":"DL512"},{"day":0,"utc":"17:01:00","flight":"DL467"},{"day":0,"utc":"17:20:00","flight":"DL362"},{"day":1,"utc":"22:10:00","flight":"DL756"},{"day":2,"utc":"19:36:00","flight":"DL281"},{"day":2,"utc":"23:53:00","flight":"DL060"},{"day":2,"utc":"04:50:00","flight":"DL130"},{"day":2,"utc":"06:01:00","flight":"DL907"},{"day":2,"utc":"02:55:00","flight":"DL909"},{"day":3,"utc":"19:40:00","flight":"DL741"},{"day":3,"utc":"23:44:00","flight":"DL411"},{"day":4,"utc":"19:41:00","flight":"DL699"},{"day":4,"utc":"16:17:00","flight":"DL622"},{"day":5,"utc":"04:44:00","flight":"DL967"},{"day":5,"utc":"17:03:00","flight":"DL753"},{"day":5,"utc":"03:20:00","flight":"DL250"},{"day":5,"utc":"12:20:00","flight":"DL617"},{"day":6,"utc":"08:23:00","flight":"DL449"},{"day":6,"utc":"01:34:00","flight":"DL521"},{"day":6,"utc":"02:32:00","flight":"DL788"}],"distance":2406.9014055391513}