{"title":"Edinburgh/Old Town","name":"Anatomical Museum","alt":null,"address":"University of Edinburgh, Doorway 3, Medical School, Teviot Place","directions":null,"phone":null,"tollfree":null,"email":null,"url":"http://www.anatomy.mvm.ed.ac.uk/museum/","hours":"Open on the last Saturday of each month between 10.00am – 4pm (last admission 3.30pm). Closed June/July and December","image":null,"price":"Free entrance","content":"The Skeleton of William Burke is on display. Together with William Hare he killed at least 16 people in 1828 and provided them for dissection. The museum also shows life and death masks from famous scientists, politicians and murderers.","geo":{"lat":55.94503,"lon":-3.18999,"accuracy":"RANGE_INTERPOLATED"},"activity":"see","type":"landmark","id":8623,"country":"United Kingdom","city":"Edinburgh","state":null}