{"id":64187,"type":"route","airline":"WN","airlineid":"airline_4547","sourceairport":"MSY","destinationairport":"LAX","stops":0,"equipment":"73H 73W","schedule":[{"day":0,"utc":"11:00:00","flight":"WN671"},{"day":0,"utc":"23:38:00","flight":"WN276"},{"day":0,"utc":"23:34:00","flight":"WN398"},{"day":1,"utc":"19:59:00","flight":"WN818"},{"day":1,"utc":"18:49:00","flight":"WN824"},{"day":2,"utc":"05:53:00","flight":"WN359"},{"day":3,"utc":"09:33:00","flight":"WN883"},{"day":3,"utc":"12:24:00","flight":"WN699"},{"day":3,"utc":"02:21:00","flight":"WN122"},{"day":3,"utc":"16:15:00","flight":"WN074"},{"day":4,"utc":"22:09:00","flight":"WN246"},{"day":4,"utc":"07:17:00","flight":"WN638"},{"day":4,"utc":"13:28:00","flight":"WN486"},{"day":4,"utc":"21:32:00","flight":"WN149"},{"day":5,"utc":"20:10:00","flight":"WN051"},{"day":5,"utc":"21:57:00","flight":"WN484"},{"day":5,"utc":"22:11:00","flight":"WN640"},{"day":6,"utc":"03:37:00","flight":"WN454"},{"day":6,"utc":"08:52:00","flight":"WN347"},{"day":6,"utc":"04:04:00","flight":"WN194"}],"distance":2682.860366370421}