{"id":56808,"type":"route","airline":"UA","airlineid":"airline_5209","sourceairport":"IAH","destinationairport":"ONT","stops":0,"equipment":"CR7","schedule":[{"day":0,"utc":"23:07:00","flight":"UA465"},{"day":0,"utc":"02:38:00","flight":"UA643"},{"day":0,"utc":"23:40:00","flight":"UA093"},{"day":1,"utc":"00:05:00","flight":"UA936"},{"day":1,"utc":"02:01:00","flight":"UA094"},{"day":2,"utc":"00:31:00","flight":"UA476"},{"day":2,"utc":"05:07:00","flight":"UA388"},{"day":3,"utc":"09:57:00","flight":"UA610"},{"day":3,"utc":"06:31:00","flight":"UA094"},{"day":3,"utc":"02:37:00","flight":"UA569"},{"day":4,"utc":"00:48:00","flight":"UA660"},{"day":4,"utc":"10:58:00","flight":"UA093"},{"day":4,"utc":"08:18:00","flight":"UA762"},{"day":4,"utc":"09:16:00","flight":"UA799"},{"day":4,"utc":"05:43:00","flight":"UA845"},{"day":5,"utc":"16:48:00","flight":"UA652"},{"day":5,"utc":"06:34:00","flight":"UA949"},{"day":6,"utc":"07:21:00","flight":"UA033"},{"day":6,"utc":"13:16:00","flight":"UA031"},{"day":6,"utc":"23:40:00","flight":"UA554"}],"distance":2142.274670473468}