{"id":57472,"type":"route","airline":"UA","airlineid":"airline_5209","sourceairport":"PIT","destinationairport":"EWR","stops":0,"equipment":"DH4","schedule":[{"day":0,"utc":"19:00:00","flight":"UA424"},{"day":0,"utc":"12:45:00","flight":"UA414"},{"day":0,"utc":"17:21:00","flight":"UA926"},{"day":0,"utc":"08:44:00","flight":"UA152"},{"day":1,"utc":"18:51:00","flight":"UA999"},{"day":1,"utc":"06:36:00","flight":"UA236"},{"day":1,"utc":"15:17:00","flight":"UA058"},{"day":1,"utc":"11:56:00","flight":"UA261"},{"day":1,"utc":"23:42:00","flight":"UA010"},{"day":2,"utc":"22:55:00","flight":"UA845"},{"day":3,"utc":"04:40:00","flight":"UA711"},{"day":3,"utc":"18:45:00","flight":"UA799"},{"day":3,"utc":"10:56:00","flight":"UA264"},{"day":3,"utc":"23:13:00","flight":"UA770"},{"day":4,"utc":"13:28:00","flight":"UA610"},{"day":5,"utc":"21:40:00","flight":"UA226"},{"day":5,"utc":"22:31:00","flight":"UA802"},{"day":5,"utc":"03:11:00","flight":"UA154"},{"day":5,"utc":"03:22:00","flight":"UA769"},{"day":5,"utc":"10:46:00","flight":"UA573"},{"day":6,"utc":"16:02:00","flight":"UA123"},{"day":6,"utc":"06:42:00","flight":"UA941"},{"day":6,"utc":"03:20:00","flight":"UA090"},{"day":6,"utc":"01:35:00","flight":"UA191"}],"distance":512.4304586613428}