{"id":59354,"type":"route","airline":"US","airlineid":"airline_5265","sourceairport":"HTS","destinationairport":"CLT","stops":0,"equipment":"DH8 DH3","schedule":[{"day":0,"utc":"22:26:00","flight":"US057"},{"day":1,"utc":"23:28:00","flight":"US715"},{"day":1,"utc":"19:11:00","flight":"US390"},{"day":1,"utc":"09:33:00","flight":"US630"},{"day":1,"utc":"12:50:00","flight":"US624"},{"day":1,"utc":"23:02:00","flight":"US587"},{"day":2,"utc":"16:56:00","flight":"US566"},{"day":2,"utc":"16:27:00","flight":"US866"},{"day":2,"utc":"06:32:00","flight":"US090"},{"day":2,"utc":"22:25:00","flight":"US935"},{"day":3,"utc":"03:40:00","flight":"US384"},{"day":3,"utc":"20:56:00","flight":"US490"},{"day":4,"utc":"01:44:00","flight":"US411"},{"day":4,"utc":"21:23:00","flight":"US911"},{"day":5,"utc":"14:51:00","flight":"US728"},{"day":5,"utc":"00:11:00","flight":"US607"},{"day":5,"utc":"17:57:00","flight":"US734"},{"day":6,"utc":"12:57:00","flight":"US957"},{"day":6,"utc":"19:52:00","flight":"US415"},{"day":6,"utc":"01:13:00","flight":"US646"},{"day":6,"utc":"00:58:00","flight":"US553"},{"day":6,"utc":"11:47:00","flight":"US451"}],"distance":378.89250539724884}