{"id":12644,"type":"route","airline":"AY","airlineid":"airline_2350","sourceairport":"FCO","destinationairport":"ORD","stops":0,"equipment":"763","schedule":[{"day":0,"utc":"22:01:00","flight":"AY937"},{"day":0,"utc":"23:14:00","flight":"AY068"},{"day":0,"utc":"11:49:00","flight":"AY093"},{"day":0,"utc":"21:38:00","flight":"AY137"},{"day":1,"utc":"13:12:00","flight":"AY728"},{"day":1,"utc":"09:35:00","flight":"AY371"},{"day":1,"utc":"03:21:00","flight":"AY358"},{"day":1,"utc":"06:35:00","flight":"AY721"},{"day":1,"utc":"17:02:00","flight":"AY951"},{"day":2,"utc":"19:36:00","flight":"AY598"},{"day":2,"utc":"11:28:00","flight":"AY332"},{"day":2,"utc":"15:58:00","flight":"AY155"},{"day":2,"utc":"17:59:00","flight":"AY275"},{"day":3,"utc":"00:20:00","flight":"AY773"},{"day":3,"utc":"12:20:00","flight":"AY280"},{"day":3,"utc":"10:40:00","flight":"AY753"},{"day":3,"utc":"23:34:00","flight":"AY967"},{"day":4,"utc":"19:18:00","flight":"AY838"},{"day":4,"utc":"06:01:00","flight":"AY674"},{"day":4,"utc":"04:21:00","flight":"AY725"},{"day":4,"utc":"21:07:00","flight":"AY797"},{"day":5,"utc":"23:55:00","flight":"AY179"},{"day":5,"utc":"17:25:00","flight":"AY797"},{"day":5,"utc":"21:28:00","flight":"AY472"},{"day":5,"utc":"13:12:00","flight":"AY940"},{"day":6,"utc":"01:28:00","flight":"AY414"},{"day":6,"utc":"17:48:00","flight":"AY814"}],"distance":7742.082867595533}