{"id":57599,"type":"route","airline":"UA","airlineid":"airline_5209","sourceairport":"SBA","destinationairport":"SFO","stops":0,"equipment":"EM2","schedule":[{"day":0,"utc":"06:37:00","flight":"UA539"},{"day":0,"utc":"01:14:00","flight":"UA460"},{"day":0,"utc":"00:18:00","flight":"UA483"},{"day":1,"utc":"05:41:00","flight":"UA338"},{"day":1,"utc":"04:42:00","flight":"UA990"},{"day":1,"utc":"03:52:00","flight":"UA684"},{"day":1,"utc":"10:16:00","flight":"UA602"},{"day":1,"utc":"14:19:00","flight":"UA024"},{"day":2,"utc":"12:55:00","flight":"UA337"},{"day":3,"utc":"06:38:00","flight":"UA403"},{"day":3,"utc":"07:56:00","flight":"UA429"},{"day":3,"utc":"20:39:00","flight":"UA007"},{"day":3,"utc":"03:37:00","flight":"UA894"},{"day":4,"utc":"07:42:00","flight":"UA766"},{"day":4,"utc":"20:34:00","flight":"UA034"},{"day":4,"utc":"02:29:00","flight":"UA487"},{"day":4,"utc":"23:23:00","flight":"UA960"},{"day":4,"utc":"08:06:00","flight":"UA167"},{"day":5,"utc":"13:21:00","flight":"UA241"},{"day":5,"utc":"03:12:00","flight":"UA834"},{"day":6,"utc":"03:25:00","flight":"UA051"},{"day":6,"utc":"18:29:00","flight":"UA431"},{"day":6,"utc":"06:34:00","flight":"UA248"},{"day":6,"utc":"19:54:00","flight":"UA117"}],"distance":421.8478212367465}