{"id":57937,"type":"route","airline":"UA","airlineid":"airline_5209","sourceairport":"ZRH","destinationairport":"SFO","stops":0,"equipment":"343","schedule":[{"day":0,"utc":"12:14:00","flight":"UA253"},{"day":0,"utc":"09:41:00","flight":"UA845"},{"day":1,"utc":"15:23:00","flight":"UA433"},{"day":1,"utc":"04:46:00","flight":"UA717"},{"day":1,"utc":"11:02:00","flight":"UA111"},{"day":1,"utc":"11:48:00","flight":"UA006"},{"day":2,"utc":"21:30:00","flight":"UA487"},{"day":2,"utc":"14:41:00","flight":"UA237"},{"day":3,"utc":"07:04:00","flight":"UA520"},{"day":3,"utc":"02:03:00","flight":"UA778"},{"day":4,"utc":"16:05:00","flight":"UA263"},{"day":4,"utc":"16:04:00","flight":"UA579"},{"day":4,"utc":"22:44:00","flight":"UA413"},{"day":4,"utc":"03:45:00","flight":"UA324"},{"day":5,"utc":"19:30:00","flight":"UA224"},{"day":5,"utc":"19:42:00","flight":"UA602"},{"day":5,"utc":"22:18:00","flight":"UA281"},{"day":5,"utc":"23:31:00","flight":"UA253"},{"day":5,"utc":"00:09:00","flight":"UA757"},{"day":6,"utc":"17:51:00","flight":"UA850"},{"day":6,"utc":"13:21:00","flight":"UA601"}],"distance":9375.708416166288}