{"id":30277,"type":"route","airline":"GS","airlineid":"airline_690","sourceairport":"HMI","destinationairport":"XIY","stops":0,"equipment":"E90","schedule":[{"day":0,"utc":"10:31:00","flight":"GS350"},{"day":0,"utc":"21:26:00","flight":"GS676"},{"day":0,"utc":"01:02:00","flight":"GS876"},{"day":0,"utc":"20:51:00","flight":"GS817"},{"day":0,"utc":"14:06:00","flight":"GS700"},{"day":1,"utc":"19:38:00","flight":"GS628"},{"day":1,"utc":"22:54:00","flight":"GS934"},{"day":2,"utc":"17:12:00","flight":"GS973"},{"day":2,"utc":"05:28:00","flight":"GS265"},{"day":2,"utc":"07:19:00","flight":"GS334"},{"day":2,"utc":"12:09:00","flight":"GS621"},{"day":2,"utc":"22:24:00","flight":"GS257"},{"day":3,"utc":"08:18:00","flight":"GS902"},{"day":3,"utc":"06:03:00","flight":"GS867"},{"day":4,"utc":"09:42:00","flight":"GS716"},{"day":4,"utc":"20:12:00","flight":"GS564"},{"day":4,"utc":"19:02:00","flight":"GS553"},{"day":5,"utc":"18:41:00","flight":"GS578"},{"day":5,"utc":"19:56:00","flight":"GS355"},{"day":6,"utc":"14:27:00","flight":"GS231"}],"distance":1604.4147548983174}