{"id":63496,"type":"route","airline":"WN","airlineid":"airline_4547","sourceairport":"AUS","destinationairport":"LAS","stops":0,"equipment":"733 73H 73W 73C","schedule":[{"day":0,"utc":"02:02:00","flight":"WN720"},{"day":0,"utc":"08:01:00","flight":"WN733"},{"day":1,"utc":"01:08:00","flight":"WN081"},{"day":2,"utc":"15:28:00","flight":"WN046"},{"day":2,"utc":"17:27:00","flight":"WN221"},{"day":3,"utc":"07:30:00","flight":"WN811"},{"day":3,"utc":"03:45:00","flight":"WN183"},{"day":3,"utc":"14:37:00","flight":"WN690"},{"day":3,"utc":"15:52:00","flight":"WN817"},{"day":3,"utc":"03:15:00","flight":"WN459"},{"day":4,"utc":"03:16:00","flight":"WN641"},{"day":4,"utc":"12:30:00","flight":"WN183"},{"day":5,"utc":"13:34:00","flight":"WN453"},{"day":5,"utc":"16:03:00","flight":"WN921"},{"day":5,"utc":"23:25:00","flight":"WN809"},{"day":5,"utc":"17:23:00","flight":"WN981"},{"day":5,"utc":"06:20:00","flight":"WN161"},{"day":6,"utc":"12:54:00","flight":"WN370"},{"day":6,"utc":"12:32:00","flight":"WN445"}],"distance":1751.1434535519904}