{"title":"Peterhead","name":"Peterhead Lido Beach","alt":null,"address":null,"directions":null,"phone":null,"tollfree":null,"email":null,"url":"http://www.sepa.org.uk/water/bathing_waters/sampling_and_results.aspx?id=233612","hours":null,"image":null,"price":null,"content":"300m sheltered sandy beach inside the marina breakwater. Although suitable for swimming this is not a swimming pool, as the name Lido may suggest.","geo":{"lat":57.49637,"lon":-1.79398,"accuracy":"ROOFTOP"},"activity":"see","type":"landmark","id":22217,"country":"United Kingdom","city":"Peterhead","state":null}