{"id":56222,"type":"route","airline":"UA","airlineid":"airline_5209","sourceairport":"DFW","destinationairport":"IAH","stops":0,"equipment":"319 738 73G","schedule":[{"day":0,"utc":"11:52:00","flight":"UA568"},{"day":0,"utc":"13:42:00","flight":"UA768"},{"day":0,"utc":"04:48:00","flight":"UA772"},{"day":0,"utc":"14:54:00","flight":"UA043"},{"day":0,"utc":"06:00:00","flight":"UA323"},{"day":1,"utc":"16:51:00","flight":"UA120"},{"day":2,"utc":"20:50:00","flight":"UA733"},{"day":2,"utc":"19:21:00","flight":"UA172"},{"day":3,"utc":"01:57:00","flight":"UA302"},{"day":3,"utc":"22:29:00","flight":"UA530"},{"day":4,"utc":"06:34:00","flight":"UA114"},{"day":4,"utc":"02:12:00","flight":"UA655"},{"day":4,"utc":"21:02:00","flight":"UA436"},{"day":4,"utc":"04:37:00","flight":"UA452"},{"day":5,"utc":"21:08:00","flight":"UA028"},{"day":5,"utc":"12:40:00","flight":"UA013"},{"day":5,"utc":"16:07:00","flight":"UA495"},{"day":5,"utc":"13:47:00","flight":"UA003"},{"day":6,"utc":"04:30:00","flight":"UA992"},{"day":6,"utc":"13:03:00","flight":"UA480"},{"day":6,"utc":"13:45:00","flight":"UA906"},{"day":6,"utc":"04:03:00","flight":"UA122"},{"day":6,"utc":"12:17:00","flight":"UA833"}],"distance":361.61799632511685}