{"id":59303,"type":"route","airline":"US","airlineid":"airline_5265","sourceairport":"GND","destinationairport":"MIA","stops":0,"equipment":"738","schedule":[{"day":0,"utc":"17:31:00","flight":"US467"},{"day":0,"utc":"04:35:00","flight":"US087"},{"day":0,"utc":"13:54:00","flight":"US794"},{"day":0,"utc":"05:29:00","flight":"US729"},{"day":1,"utc":"16:27:00","flight":"US752"},{"day":1,"utc":"03:23:00","flight":"US789"},{"day":1,"utc":"21:36:00","flight":"US858"},{"day":2,"utc":"11:42:00","flight":"US672"},{"day":2,"utc":"20:43:00","flight":"US539"},{"day":3,"utc":"12:52:00","flight":"US368"},{"day":3,"utc":"15:36:00","flight":"US107"},{"day":4,"utc":"08:26:00","flight":"US432"},{"day":4,"utc":"05:55:00","flight":"US779"},{"day":4,"utc":"18:20:00","flight":"US669"},{"day":5,"utc":"15:01:00","flight":"US599"},{"day":5,"utc":"06:16:00","flight":"US854"},{"day":6,"utc":"11:39:00","flight":"US168"},{"day":6,"utc":"13:29:00","flight":"US465"},{"day":6,"utc":"09:55:00","flight":"US518"},{"day":6,"utc":"12:49:00","flight":"US335"},{"day":6,"utc":"14:36:00","flight":"US239"}],"distance":2472.2712798600555}