{"id":39390,"type":"route","airline":"LS","airlineid":"airline_3026","sourceairport":"LCA","destinationairport":"LBA","stops":0,"equipment":"75W","schedule":[{"day":0,"utc":"04:13:00","flight":"LS640"},{"day":0,"utc":"20:17:00","flight":"LS046"},{"day":0,"utc":"21:37:00","flight":"LS987"},{"day":0,"utc":"01:25:00","flight":"LS399"},{"day":1,"utc":"19:18:00","flight":"LS554"},{"day":1,"utc":"12:55:00","flight":"LS627"},{"day":1,"utc":"04:21:00","flight":"LS846"},{"day":1,"utc":"08:23:00","flight":"LS076"},{"day":1,"utc":"18:24:00","flight":"LS467"},{"day":2,"utc":"02:35:00","flight":"LS576"},{"day":2,"utc":"00:57:00","flight":"LS941"},{"day":2,"utc":"04:43:00","flight":"LS739"},{"day":2,"utc":"14:51:00","flight":"LS851"},{"day":3,"utc":"01:02:00","flight":"LS754"},{"day":3,"utc":"20:48:00","flight":"LS990"},{"day":3,"utc":"06:26:00","flight":"LS989"},{"day":3,"utc":"00:13:00","flight":"LS168"},{"day":4,"utc":"02:16:00","flight":"LS778"},{"day":5,"utc":"14:55:00","flight":"LS710"},{"day":5,"utc":"09:49:00","flight":"LS546"},{"day":5,"utc":"06:41:00","flight":"LS070"},{"day":6,"utc":"06:33:00","flight":"LS783"},{"day":6,"utc":"19:10:00","flight":"LS243"},{"day":6,"utc":"05:06:00","flight":"LS764"},{"day":6,"utc":"19:25:00","flight":"LS873"}],"distance":3452.884045540301}