{"id":57464,"type":"route","airline":"UA","airlineid":"airline_5209","sourceairport":"PHX","destinationairport":"ORD","stops":0,"equipment":"319 739 738 320 752","schedule":[{"day":0,"utc":"07:26:00","flight":"UA163"},{"day":0,"utc":"00:30:00","flight":"UA156"},{"day":0,"utc":"10:04:00","flight":"UA411"},{"day":1,"utc":"17:11:00","flight":"UA872"},{"day":1,"utc":"16:32:00","flight":"UA682"},{"day":1,"utc":"08:58:00","flight":"UA240"},{"day":1,"utc":"16:15:00","flight":"UA388"},{"day":1,"utc":"09:33:00","flight":"UA799"},{"day":2,"utc":"12:17:00","flight":"UA197"},{"day":2,"utc":"07:58:00","flight":"UA768"},{"day":3,"utc":"00:09:00","flight":"UA871"},{"day":3,"utc":"00:26:00","flight":"UA416"},{"day":3,"utc":"12:39:00","flight":"UA833"},{"day":4,"utc":"14:20:00","flight":"UA209"},{"day":4,"utc":"03:45:00","flight":"UA470"},{"day":4,"utc":"19:02:00","flight":"UA820"},{"day":5,"utc":"05:30:00","flight":"UA670"},{"day":5,"utc":"13:59:00","flight":"UA798"},{"day":5,"utc":"12:20:00","flight":"UA417"},{"day":5,"utc":"19:19:00","flight":"UA664"},{"day":5,"utc":"21:38:00","flight":"UA262"},{"day":6,"utc":"14:29:00","flight":"UA307"},{"day":6,"utc":"06:28:00","flight":"UA813"},{"day":6,"utc":"01:32:00","flight":"UA487"}],"distance":2313.390729215574}