{"id":60202,"type":"route","airline":"US","airlineid":"airline_5265","sourceairport":"PHX","destinationairport":"TPA","stops":0,"equipment":"320","schedule":[{"day":0,"utc":"18:59:00","flight":"US274"},{"day":0,"utc":"14:06:00","flight":"US034"},{"day":0,"utc":"09:37:00","flight":"US718"},{"day":1,"utc":"23:59:00","flight":"US685"},{"day":1,"utc":"12:38:00","flight":"US381"},{"day":1,"utc":"07:42:00","flight":"US591"},{"day":2,"utc":"23:28:00","flight":"US497"},{"day":3,"utc":"11:52:00","flight":"US622"},{"day":3,"utc":"12:09:00","flight":"US723"},{"day":3,"utc":"08:00:00","flight":"US891"},{"day":3,"utc":"19:41:00","flight":"US873"},{"day":4,"utc":"16:31:00","flight":"US700"},{"day":4,"utc":"13:51:00","flight":"US405"},{"day":5,"utc":"22:59:00","flight":"US275"},{"day":5,"utc":"16:07:00","flight":"US512"},{"day":5,"utc":"15:56:00","flight":"US589"},{"day":6,"utc":"16:15:00","flight":"US442"}],"distance":2872.7065174716163}