{"id":57034,"type":"route","airline":"UA","airlineid":"airline_5209","sourceairport":"LGA","destinationairport":"CLE","stops":0,"equipment":"ERJ E70","schedule":[{"day":0,"utc":"04:33:00","flight":"UA031"},{"day":0,"utc":"02:02:00","flight":"UA535"},{"day":0,"utc":"18:21:00","flight":"UA691"},{"day":0,"utc":"00:34:00","flight":"UA290"},{"day":0,"utc":"04:44:00","flight":"UA038"},{"day":1,"utc":"11:43:00","flight":"UA285"},{"day":1,"utc":"07:16:00","flight":"UA979"},{"day":1,"utc":"19:34:00","flight":"UA713"},{"day":1,"utc":"16:13:00","flight":"UA920"},{"day":2,"utc":"19:52:00","flight":"UA797"},{"day":2,"utc":"00:13:00","flight":"UA432"},{"day":2,"utc":"12:31:00","flight":"UA248"},{"day":2,"utc":"17:10:00","flight":"UA209"},{"day":2,"utc":"07:24:00","flight":"UA704"},{"day":3,"utc":"04:17:00","flight":"UA142"},{"day":3,"utc":"13:56:00","flight":"UA405"},{"day":3,"utc":"00:10:00","flight":"UA969"},{"day":3,"utc":"05:43:00","flight":"UA721"},{"day":3,"utc":"01:03:00","flight":"UA456"},{"day":4,"utc":"13:48:00","flight":"UA550"},{"day":4,"utc":"08:39:00","flight":"UA438"},{"day":5,"utc":"08:02:00","flight":"UA737"},{"day":5,"utc":"01:24:00","flight":"UA923"},{"day":6,"utc":"14:47:00","flight":"UA828"},{"day":6,"utc":"05:12:00","flight":"UA337"},{"day":6,"utc":"11:33:00","flight":"UA809"}],"distance":671.9529080212408}