{"id":60310,"type":"route","airline":"US","airlineid":"airline_5265","sourceairport":"SAN","destinationairport":"JFK","stops":0,"equipment":"738","schedule":[{"day":0,"utc":"17:48:00","flight":"US605"},{"day":0,"utc":"16:20:00","flight":"US647"},{"day":0,"utc":"10:39:00","flight":"US267"},{"day":1,"utc":"19:58:00","flight":"US182"},{"day":1,"utc":"00:18:00","flight":"US700"},{"day":1,"utc":"19:14:00","flight":"US302"},{"day":2,"utc":"15:08:00","flight":"US998"},{"day":3,"utc":"08:57:00","flight":"US759"},{"day":3,"utc":"10:34:00","flight":"US248"},{"day":3,"utc":"03:22:00","flight":"US149"},{"day":3,"utc":"07:09:00","flight":"US560"},{"day":3,"utc":"17:39:00","flight":"US989"},{"day":4,"utc":"14:14:00","flight":"US444"},{"day":4,"utc":"05:40:00","flight":"US470"},{"day":4,"utc":"19:32:00","flight":"US798"},{"day":4,"utc":"14:47:00","flight":"US526"},{"day":5,"utc":"03:34:00","flight":"US119"},{"day":5,"utc":"18:05:00","flight":"US141"},{"day":5,"utc":"15:24:00","flight":"US592"},{"day":6,"utc":"12:51:00","flight":"US791"},{"day":6,"utc":"11:42:00","flight":"US568"},{"day":6,"utc":"12:53:00","flight":"US447"},{"day":6,"utc":"15:39:00","flight":"US505"}],"distance":3928.0094692325483}