{"id":57063,"type":"route","airline":"UA","airlineid":"airline_5209","sourceairport":"LMT","destinationairport":"PDX","stops":0,"equipment":"EM2","schedule":[{"day":0,"utc":"10:46:00","flight":"UA192"},{"day":0,"utc":"15:59:00","flight":"UA243"},{"day":0,"utc":"07:53:00","flight":"UA207"},{"day":0,"utc":"09:46:00","flight":"UA677"},{"day":1,"utc":"15:03:00","flight":"UA648"},{"day":1,"utc":"05:54:00","flight":"UA108"},{"day":1,"utc":"09:35:00","flight":"UA260"},{"day":2,"utc":"11:36:00","flight":"UA197"},{"day":2,"utc":"20:11:00","flight":"UA634"},{"day":3,"utc":"04:12:00","flight":"UA671"},{"day":3,"utc":"23:58:00","flight":"UA490"},{"day":3,"utc":"20:17:00","flight":"UA694"},{"day":3,"utc":"19:44:00","flight":"UA575"},{"day":4,"utc":"19:21:00","flight":"UA557"},{"day":4,"utc":"10:16:00","flight":"UA449"},{"day":4,"utc":"22:43:00","flight":"UA488"},{"day":5,"utc":"19:51:00","flight":"UA181"},{"day":5,"utc":"17:04:00","flight":"UA339"},{"day":6,"utc":"00:02:00","flight":"UA513"},{"day":6,"utc":"22:23:00","flight":"UA191"},{"day":6,"utc":"21:10:00","flight":"UA633"}],"distance":387.92269131792665}