{"id":21523,"type":"route","airline":"DL","airlineid":"airline_2009","sourceairport":"OKC","destinationairport":"SLC","stops":0,"equipment":"CR9 CR7","schedule":[{"day":0,"utc":"07:32:00","flight":"DL868"},{"day":1,"utc":"19:14:00","flight":"DL946"},{"day":2,"utc":"23:05:00","flight":"DL741"},{"day":3,"utc":"22:18:00","flight":"DL345"},{"day":3,"utc":"18:09:00","flight":"DL731"},{"day":4,"utc":"14:30:00","flight":"DL183"},{"day":4,"utc":"15:32:00","flight":"DL370"},{"day":4,"utc":"03:46:00","flight":"DL626"},{"day":4,"utc":"09:10:00","flight":"DL905"},{"day":5,"utc":"19:08:00","flight":"DL425"},{"day":6,"utc":"03:53:00","flight":"DL497"},{"day":6,"utc":"15:12:00","flight":"DL861"},{"day":6,"utc":"18:17:00","flight":"DL657"},{"day":6,"utc":"05:30:00","flight":"DL855"},{"day":6,"utc":"14:11:00","flight":"DL334"}],"distance":1391.5723465250874}