{"id":44024,"type":"route","airline":"NZ","airlineid":"airline_345","sourceairport":"SFO","destinationairport":"AKL","stops":0,"equipment":"772 744","schedule":[{"day":0,"utc":"19:51:00","flight":"NZ038"},{"day":0,"utc":"20:57:00","flight":"NZ501"},{"day":0,"utc":"22:09:00","flight":"NZ522"},{"day":0,"utc":"01:01:00","flight":"NZ984"},{"day":1,"utc":"10:53:00","flight":"NZ163"},{"day":2,"utc":"08:51:00","flight":"NZ109"},{"day":2,"utc":"04:27:00","flight":"NZ664"},{"day":3,"utc":"08:49:00","flight":"NZ218"},{"day":3,"utc":"18:25:00","flight":"NZ695"},{"day":3,"utc":"14:54:00","flight":"NZ706"},{"day":4,"utc":"03:40:00","flight":"NZ178"},{"day":4,"utc":"13:03:00","flight":"NZ459"},{"day":4,"utc":"18:45:00","flight":"NZ839"},{"day":5,"utc":"00:31:00","flight":"NZ763"},{"day":5,"utc":"14:27:00","flight":"NZ018"},{"day":5,"utc":"07:12:00","flight":"NZ052"},{"day":6,"utc":"20:30:00","flight":"NZ403"},{"day":6,"utc":"11:07:00","flight":"NZ125"},{"day":6,"utc":"13:01:00","flight":"NZ373"},{"day":6,"utc":"09:21:00","flight":"NZ192"},{"day":6,"utc":"21:05:00","flight":"NZ439"}],"distance":10508.979283399607}