{"id":58953,"type":"route","airline":"US","airlineid":"airline_5265","sourceairport":"DCA","destinationairport":"FAY","stops":0,"equipment":"DH8","schedule":[{"day":0,"utc":"11:23:00","flight":"US421"},{"day":0,"utc":"16:14:00","flight":"US021"},{"day":0,"utc":"01:07:00","flight":"US395"},{"day":0,"utc":"15:13:00","flight":"US954"},{"day":0,"utc":"23:15:00","flight":"US997"},{"day":1,"utc":"22:08:00","flight":"US808"},{"day":1,"utc":"08:50:00","flight":"US878"},{"day":1,"utc":"10:08:00","flight":"US542"},{"day":2,"utc":"00:40:00","flight":"US599"},{"day":2,"utc":"23:00:00","flight":"US831"},{"day":2,"utc":"15:03:00","flight":"US932"},{"day":2,"utc":"21:40:00","flight":"US833"},{"day":3,"utc":"07:39:00","flight":"US974"},{"day":4,"utc":"07:44:00","flight":"US525"},{"day":4,"utc":"17:25:00","flight":"US669"},{"day":4,"utc":"20:52:00","flight":"US081"},{"day":4,"utc":"15:50:00","flight":"US118"},{"day":4,"utc":"11:05:00","flight":"US603"},{"day":5,"utc":"18:39:00","flight":"US851"},{"day":5,"utc":"11:54:00","flight":"US666"},{"day":5,"utc":"21:15:00","flight":"US124"},{"day":5,"utc":"03:11:00","flight":"US259"},{"day":5,"utc":"04:48:00","flight":"US758"},{"day":6,"utc":"20:43:00","flight":"US680"},{"day":6,"utc":"13:43:00","flight":"US382"},{"day":6,"utc":"19:28:00","flight":"US774"}],"distance":459.46590381800587}