{"id":35537,"type":"route","airline":"K5","airlineid":"airline_10765","sourceairport":"GST","destinationairport":"HNH","stops":0,"equipment":"CNC","schedule":[{"day":0,"utc":"01:18:00","flight":"K5883"},{"day":0,"utc":"13:21:00","flight":"K5678"},{"day":0,"utc":"23:10:00","flight":"K5956"},{"day":1,"utc":"15:26:00","flight":"K5250"},{"day":1,"utc":"03:21:00","flight":"K5835"},{"day":1,"utc":"14:06:00","flight":"K5627"},{"day":1,"utc":"04:13:00","flight":"K5816"},{"day":1,"utc":"19:36:00","flight":"K5040"},{"day":2,"utc":"07:34:00","flight":"K5637"},{"day":2,"utc":"16:37:00","flight":"K5976"},{"day":2,"utc":"16:29:00","flight":"K5672"},{"day":2,"utc":"09:18:00","flight":"K5176"},{"day":3,"utc":"04:16:00","flight":"K5939"},{"day":3,"utc":"00:49:00","flight":"K5920"},{"day":3,"utc":"16:51:00","flight":"K5970"},{"day":3,"utc":"22:33:00","flight":"K5791"},{"day":4,"utc":"13:35:00","flight":"K5169"},{"day":4,"utc":"05:56:00","flight":"K5351"},{"day":4,"utc":"12:04:00","flight":"K5983"},{"day":5,"utc":"23:16:00","flight":"K5953"},{"day":6,"utc":"05:08:00","flight":"K5810"},{"day":6,"utc":"16:14:00","flight":"K5165"}],"distance":40.52454858855775}