{"id":30627,"type":"route","airline":"HA","airlineid":"airline_2688","sourceairport":"HNL","destinationairport":"HND","stops":0,"equipment":"332","schedule":[{"day":0,"utc":"12:44:00","flight":"HA416"},{"day":0,"utc":"07:36:00","flight":"HA003"},{"day":1,"utc":"18:48:00","flight":"HA048"},{"day":1,"utc":"20:49:00","flight":"HA499"},{"day":2,"utc":"17:09:00","flight":"HA899"},{"day":2,"utc":"11:06:00","flight":"HA774"},{"day":2,"utc":"10:24:00","flight":"HA635"},{"day":2,"utc":"10:46:00","flight":"HA577"},{"day":2,"utc":"18:24:00","flight":"HA416"},{"day":3,"utc":"16:47:00","flight":"HA966"},{"day":3,"utc":"21:28:00","flight":"HA989"},{"day":3,"utc":"07:04:00","flight":"HA953"},{"day":3,"utc":"00:41:00","flight":"HA775"},{"day":3,"utc":"10:23:00","flight":"HA712"},{"day":4,"utc":"15:06:00","flight":"HA356"},{"day":4,"utc":"05:52:00","flight":"HA124"},{"day":4,"utc":"18:11:00","flight":"HA333"},{"day":4,"utc":"17:29:00","flight":"HA666"},{"day":5,"utc":"12:55:00","flight":"HA031"},{"day":5,"utc":"00:11:00","flight":"HA416"},{"day":5,"utc":"04:12:00","flight":"HA045"},{"day":5,"utc":"09:16:00","flight":"HA424"},{"day":6,"utc":"03:38:00","flight":"HA719"},{"day":6,"utc":"06:15:00","flight":"HA968"},{"day":6,"utc":"00:12:00","flight":"HA630"},{"day":6,"utc":"02:42:00","flight":"HA078"},{"day":6,"utc":"08:16:00","flight":"HA306"}],"distance":6192.0421118160275}