{"id":15494,"type":"route","airline":"BK","airlineid":"airline_4026","sourceairport":"TEN","destinationairport":"CSX","stops":0,"equipment":"YN7","schedule":[{"day":0,"utc":"08:37:00","flight":"BK019"},{"day":1,"utc":"07:27:00","flight":"BK710"},{"day":1,"utc":"18:49:00","flight":"BK393"},{"day":1,"utc":"22:48:00","flight":"BK876"},{"day":2,"utc":"21:43:00","flight":"BK512"},{"day":2,"utc":"23:29:00","flight":"BK445"},{"day":3,"utc":"14:19:00","flight":"BK832"},{"day":3,"utc":"02:25:00","flight":"BK630"},{"day":3,"utc":"18:01:00","flight":"BK495"},{"day":4,"utc":"23:26:00","flight":"BK512"},{"day":4,"utc":"16:08:00","flight":"BK279"},{"day":5,"utc":"11:42:00","flight":"BK950"},{"day":5,"utc":"14:08:00","flight":"BK886"},{"day":5,"utc":"00:26:00","flight":"BK547"},{"day":6,"utc":"13:21:00","flight":"BK294"},{"day":6,"utc":"23:14:00","flight":"BK741"},{"day":6,"utc":"15:27:00","flight":"BK487"},{"day":6,"utc":"21:50:00","flight":"BK825"},{"day":6,"utc":"00:47:00","flight":"BK600"}],"distance":385.1947901830893}