{"id":45009,"type":"route","airline":"OZ","airlineid":"airline_28","sourceairport":"ICN","destinationairport":"CDG","stops":0,"equipment":"772","schedule":[{"day":0,"utc":"23:25:00","flight":"OZ145"},{"day":0,"utc":"12:17:00","flight":"OZ462"},{"day":1,"utc":"08:21:00","flight":"OZ484"},{"day":2,"utc":"15:24:00","flight":"OZ251"},{"day":2,"utc":"11:40:00","flight":"OZ651"},{"day":3,"utc":"20:47:00","flight":"OZ314"},{"day":4,"utc":"12:46:00","flight":"OZ002"},{"day":4,"utc":"20:29:00","flight":"OZ241"},{"day":4,"utc":"20:18:00","flight":"OZ428"},{"day":4,"utc":"19:25:00","flight":"OZ476"},{"day":4,"utc":"19:11:00","flight":"OZ330"},{"day":5,"utc":"08:17:00","flight":"OZ790"},{"day":5,"utc":"00:49:00","flight":"OZ945"},{"day":5,"utc":"16:38:00","flight":"OZ850"},{"day":5,"utc":"13:14:00","flight":"OZ578"},{"day":6,"utc":"10:46:00","flight":"OZ265"},{"day":6,"utc":"03:31:00","flight":"OZ249"},{"day":6,"utc":"09:40:00","flight":"OZ794"},{"day":6,"utc":"07:11:00","flight":"OZ438"}],"distance":8926.586711884012}