{"id":13901,"type":"route","airline":"B6","airlineid":"airline_3029","sourceairport":"AUS","destinationairport":"LGB","stops":0,"equipment":"320","schedule":[{"day":0,"utc":"00:45:00","flight":"B6443"},{"day":0,"utc":"01:29:00","flight":"B6578"},{"day":0,"utc":"15:20:00","flight":"B6401"},{"day":1,"utc":"21:49:00","flight":"B6177"},{"day":1,"utc":"12:53:00","flight":"B6404"},{"day":1,"utc":"00:13:00","flight":"B6027"},{"day":1,"utc":"09:38:00","flight":"B6847"},{"day":1,"utc":"13:12:00","flight":"B6809"},{"day":2,"utc":"10:08:00","flight":"B6955"},{"day":2,"utc":"04:49:00","flight":"B6564"},{"day":2,"utc":"05:03:00","flight":"B6835"},{"day":2,"utc":"02:47:00","flight":"B6845"},{"day":2,"utc":"05:43:00","flight":"B6629"},{"day":3,"utc":"13:42:00","flight":"B6410"},{"day":3,"utc":"12:41:00","flight":"B6085"},{"day":3,"utc":"19:32:00","flight":"B6277"},{"day":3,"utc":"03:36:00","flight":"B6673"},{"day":4,"utc":"14:14:00","flight":"B6161"},{"day":4,"utc":"09:43:00","flight":"B6792"},{"day":5,"utc":"18:14:00","flight":"B6873"},{"day":5,"utc":"18:22:00","flight":"B6272"},{"day":6,"utc":"02:59:00","flight":"B6693"},{"day":6,"utc":"11:32:00","flight":"B6183"},{"day":6,"utc":"10:24:00","flight":"B6680"},{"day":6,"utc":"12:24:00","flight":"B6189"}],"distance":1969.305246654293}