{"title":"San Francisco/Civic Center-Tenderloin","name":"Starbucks","alt":null,"address":"1390 Market St","directions":"at Fell St","phone":"+1 415 863-8332","tollfree":null,"email":null,"url":"http://www.starbucks.com/","hours":"M-F 5AM-8:30PM, Sa-Su 6AM-8:30PM","image":null,"price":null,"content":"Ubiquitous Starbucks set just behind the Civic Center Plaza, so another convenient place to enjoy a coffee pre or post performance.","geo":{"lat":37.7771,"lon":-122.4173,"accuracy":"ROOFTOP"},"activity":"drink","type":"landmark","id":25585,"country":"United States","city":"San Francisco","state":"California"}