{"id":54474,"type":"route","airline":"U2","airlineid":"airline_2297","sourceairport":"BES","destinationairport":"LYS","stops":0,"equipment":"319","schedule":[{"day":0,"utc":"04:53:00","flight":"U2675"},{"day":0,"utc":"11:55:00","flight":"U2689"},{"day":0,"utc":"10:51:00","flight":"U2497"},{"day":0,"utc":"04:23:00","flight":"U2635"},{"day":0,"utc":"02:57:00","flight":"U2420"},{"day":1,"utc":"21:47:00","flight":"U2987"},{"day":1,"utc":"14:55:00","flight":"U2769"},{"day":2,"utc":"05:41:00","flight":"U2086"},{"day":2,"utc":"01:27:00","flight":"U2031"},{"day":2,"utc":"11:02:00","flight":"U2013"},{"day":2,"utc":"19:12:00","flight":"U2965"},{"day":2,"utc":"08:05:00","flight":"U2583"},{"day":3,"utc":"03:19:00","flight":"U2267"},{"day":3,"utc":"00:54:00","flight":"U2368"},{"day":4,"utc":"18:06:00","flight":"U2773"},{"day":4,"utc":"20:33:00","flight":"U2971"},{"day":5,"utc":"14:38:00","flight":"U2882"},{"day":5,"utc":"21:09:00","flight":"U2627"},{"day":5,"utc":"07:28:00","flight":"U2612"},{"day":6,"utc":"03:54:00","flight":"U2802"},{"day":6,"utc":"06:58:00","flight":"U2421"},{"day":6,"utc":"14:22:00","flight":"U2146"}],"distance":780.2898046212536}