{"id":64646,"type":"route","airline":"WS","airlineid":"airline_5416","sourceairport":"PSP","destinationairport":"YVR","stops":0,"equipment":"73W","schedule":[{"day":0,"utc":"14:21:00","flight":"WS924"},{"day":0,"utc":"12:05:00","flight":"WS717"},{"day":1,"utc":"01:37:00","flight":"WS589"},{"day":1,"utc":"22:12:00","flight":"WS706"},{"day":1,"utc":"13:41:00","flight":"WS759"},{"day":1,"utc":"23:14:00","flight":"WS845"},{"day":2,"utc":"03:54:00","flight":"WS828"},{"day":2,"utc":"14:25:00","flight":"WS587"},{"day":2,"utc":"15:17:00","flight":"WS561"},{"day":2,"utc":"21:36:00","flight":"WS620"},{"day":2,"utc":"09:17:00","flight":"WS458"},{"day":3,"utc":"23:40:00","flight":"WS009"},{"day":3,"utc":"13:58:00","flight":"WS958"},{"day":3,"utc":"11:07:00","flight":"WS037"},{"day":3,"utc":"04:19:00","flight":"WS550"},{"day":3,"utc":"21:50:00","flight":"WS413"},{"day":4,"utc":"06:04:00","flight":"WS113"},{"day":4,"utc":"08:57:00","flight":"WS139"},{"day":4,"utc":"11:52:00","flight":"WS785"},{"day":4,"utc":"01:03:00","flight":"WS425"},{"day":5,"utc":"12:19:00","flight":"WS316"},{"day":5,"utc":"21:38:00","flight":"WS458"},{"day":6,"utc":"12:28:00","flight":"WS550"},{"day":6,"utc":"20:16:00","flight":"WS162"}],"distance":1794.8490780599454}