{"id":14728,"type":"route","airline":"BA","airlineid":"airline_1355","sourceairport":"LHR","destinationairport":"JTR","stops":0,"equipment":"320","schedule":[{"day":0,"utc":"10:41:00","flight":"BA666"},{"day":0,"utc":"15:54:00","flight":"BA451"},{"day":0,"utc":"15:25:00","flight":"BA791"},{"day":1,"utc":"22:33:00","flight":"BA223"},{"day":1,"utc":"22:14:00","flight":"BA475"},{"day":1,"utc":"06:03:00","flight":"BA513"},{"day":1,"utc":"21:29:00","flight":"BA578"},{"day":2,"utc":"22:41:00","flight":"BA075"},{"day":2,"utc":"16:51:00","flight":"BA609"},{"day":3,"utc":"16:14:00","flight":"BA642"},{"day":3,"utc":"15:03:00","flight":"BA845"},{"day":3,"utc":"23:59:00","flight":"BA200"},{"day":3,"utc":"19:32:00","flight":"BA329"},{"day":3,"utc":"07:58:00","flight":"BA821"},{"day":4,"utc":"05:56:00","flight":"BA444"},{"day":5,"utc":"00:46:00","flight":"BA261"},{"day":5,"utc":"06:22:00","flight":"BA153"},{"day":6,"utc":"03:30:00","flight":"BA676"},{"day":6,"utc":"22:41:00","flight":"BA180"},{"day":6,"utc":"13:48:00","flight":"BA709"},{"day":6,"utc":"12:25:00","flight":"BA810"}],"distance":2644.814339616393}