{"id":14905,"type":"route","airline":"BA","airlineid":"airline_1355","sourceairport":"STT","destinationairport":"MIA","stops":0,"equipment":"757","schedule":[{"day":0,"utc":"10:59:00","flight":"BA347"},{"day":0,"utc":"12:56:00","flight":"BA685"},{"day":1,"utc":"05:52:00","flight":"BA980"},{"day":1,"utc":"22:36:00","flight":"BA032"},{"day":1,"utc":"10:14:00","flight":"BA161"},{"day":2,"utc":"20:53:00","flight":"BA768"},{"day":2,"utc":"10:03:00","flight":"BA526"},{"day":2,"utc":"14:50:00","flight":"BA342"},{"day":2,"utc":"18:43:00","flight":"BA675"},{"day":3,"utc":"06:21:00","flight":"BA280"},{"day":3,"utc":"12:28:00","flight":"BA096"},{"day":3,"utc":"03:56:00","flight":"BA762"},{"day":3,"utc":"07:54:00","flight":"BA625"},{"day":3,"utc":"20:06:00","flight":"BA759"},{"day":4,"utc":"17:59:00","flight":"BA311"},{"day":4,"utc":"07:16:00","flight":"BA445"},{"day":4,"utc":"16:58:00","flight":"BA160"},{"day":4,"utc":"08:02:00","flight":"BA486"},{"day":4,"utc":"23:22:00","flight":"BA922"},{"day":5,"utc":"15:24:00","flight":"BA923"},{"day":5,"utc":"20:03:00","flight":"BA908"},{"day":6,"utc":"17:04:00","flight":"BA580"},{"day":6,"utc":"19:26:00","flight":"BA735"},{"day":6,"utc":"19:28:00","flight":"BA678"}],"distance":1780.8626841845846}