{"id":36462,"type":"route","airline":"KL","airlineid":"airline_3090","sourceairport":"ATL","destinationairport":"STT","stops":0,"equipment":"757","schedule":[{"day":0,"utc":"04:52:00","flight":"KL315"},{"day":0,"utc":"20:37:00","flight":"KL357"},{"day":1,"utc":"15:58:00","flight":"KL611"},{"day":1,"utc":"10:04:00","flight":"KL991"},{"day":1,"utc":"23:54:00","flight":"KL597"},{"day":2,"utc":"10:18:00","flight":"KL639"},{"day":2,"utc":"12:16:00","flight":"KL235"},{"day":3,"utc":"09:52:00","flight":"KL810"},{"day":3,"utc":"23:29:00","flight":"KL596"},{"day":4,"utc":"18:34:00","flight":"KL593"},{"day":4,"utc":"05:40:00","flight":"KL611"},{"day":4,"utc":"15:52:00","flight":"KL579"},{"day":4,"utc":"15:14:00","flight":"KL945"},{"day":5,"utc":"13:36:00","flight":"KL518"},{"day":5,"utc":"00:42:00","flight":"KL713"},{"day":6,"utc":"01:45:00","flight":"KL974"},{"day":6,"utc":"13:01:00","flight":"KL417"},{"day":6,"utc":"16:24:00","flight":"KL099"},{"day":6,"utc":"07:59:00","flight":"KL200"},{"day":6,"utc":"07:44:00","flight":"KL535"}],"distance":2574.813211635872}