{"id":9456,"type":"route","airline":"AF","airlineid":"airline_137","sourceairport":"CWL","destinationairport":"ORY","stops":0,"equipment":"F50","schedule":[{"day":0,"utc":"11:49:00","flight":"AF657"},{"day":0,"utc":"00:53:00","flight":"AF024"},{"day":1,"utc":"07:30:00","flight":"AF674"},{"day":1,"utc":"09:56:00","flight":"AF520"},{"day":1,"utc":"01:33:00","flight":"AF740"},{"day":2,"utc":"04:56:00","flight":"AF279"},{"day":3,"utc":"11:52:00","flight":"AF337"},{"day":3,"utc":"16:48:00","flight":"AF898"},{"day":3,"utc":"20:30:00","flight":"AF901"},{"day":3,"utc":"19:50:00","flight":"AF529"},{"day":3,"utc":"12:48:00","flight":"AF252"},{"day":4,"utc":"23:22:00","flight":"AF456"},{"day":5,"utc":"13:13:00","flight":"AF904"},{"day":5,"utc":"16:03:00","flight":"AF522"},{"day":6,"utc":"21:25:00","flight":"AF908"},{"day":6,"utc":"05:15:00","flight":"AF438"},{"day":6,"utc":"00:43:00","flight":"AF656"},{"day":6,"utc":"08:06:00","flight":"AF140"}],"distance":503.7030479961114}