{"id":59092,"type":"route","airline":"US","airlineid":"airline_5265","sourceairport":"DFW","destinationairport":"LAS","stops":0,"equipment":"738 M80 M83 757","schedule":[{"day":0,"utc":"05:47:00","flight":"US737"},{"day":0,"utc":"14:51:00","flight":"US430"},{"day":0,"utc":"08:46:00","flight":"US040"},{"day":0,"utc":"15:45:00","flight":"US176"},{"day":0,"utc":"08:49:00","flight":"US954"},{"day":1,"utc":"06:24:00","flight":"US804"},{"day":2,"utc":"02:16:00","flight":"US691"},{"day":2,"utc":"05:54:00","flight":"US562"},{"day":3,"utc":"12:05:00","flight":"US272"},{"day":3,"utc":"19:18:00","flight":"US389"},{"day":4,"utc":"19:44:00","flight":"US817"},{"day":4,"utc":"13:29:00","flight":"US181"},{"day":4,"utc":"17:54:00","flight":"US116"},{"day":4,"utc":"02:45:00","flight":"US226"},{"day":4,"utc":"05:45:00","flight":"US514"},{"day":5,"utc":"09:54:00","flight":"US304"},{"day":5,"utc":"02:24:00","flight":"US523"},{"day":5,"utc":"14:39:00","flight":"US952"},{"day":6,"utc":"21:21:00","flight":"US025"},{"day":6,"utc":"12:52:00","flight":"US940"},{"day":6,"utc":"05:41:00","flight":"US527"},{"day":6,"utc":"03:24:00","flight":"US510"}],"distance":1694.8211700791244}