{"title":"San Diego/Mid-City","name":"Kensington Cafe","alt":null,"address":"4141 Adams Ave","directions":null,"phone":"+1 619 640-0494","tollfree":null,"email":null,"url":"http://kensingtoncafesd.com/","hours":null,"image":null,"price":null,"content":"This coffee shop, loved by the locals, serves coffee, tea, food and even spumoni.","geo":{"lat":32.76303,"lon":-117.10614,"accuracy":"ROOFTOP"},"activity":"drink","type":"landmark","id":25213,"country":"United States","city":"San Diego","state":"California"}