{"id":65407,"type":"route","airline":"XK","airlineid":"airline_1909","sourceairport":"BIA","destinationairport":"MRS","stops":0,"equipment":"320","schedule":[{"day":0,"utc":"21:42:00","flight":"XK376"},{"day":1,"utc":"18:38:00","flight":"XK626"},{"day":1,"utc":"12:46:00","flight":"XK124"},{"day":1,"utc":"03:05:00","flight":"XK748"},{"day":1,"utc":"23:33:00","flight":"XK081"},{"day":1,"utc":"06:48:00","flight":"XK376"},{"day":2,"utc":"17:52:00","flight":"XK055"},{"day":3,"utc":"07:51:00","flight":"XK539"},{"day":3,"utc":"21:40:00","flight":"XK239"},{"day":3,"utc":"10:58:00","flight":"XK459"},{"day":4,"utc":"09:16:00","flight":"XK649"},{"day":4,"utc":"23:30:00","flight":"XK851"},{"day":4,"utc":"18:54:00","flight":"XK092"},{"day":5,"utc":"18:57:00","flight":"XK319"},{"day":5,"utc":"08:52:00","flight":"XK537"},{"day":5,"utc":"00:44:00","flight":"XK192"},{"day":5,"utc":"21:03:00","flight":"XK851"},{"day":5,"utc":"14:48:00","flight":"XK994"},{"day":6,"utc":"01:23:00","flight":"XK308"},{"day":6,"utc":"17:08:00","flight":"XK931"}],"distance":360.85280199646}