{"id":508,"type":"route","airline":"3M","airlineid":"airline_N","sourceairport":"TPA","destinationairport":"TLH","stops":0,"equipment":"SF3","schedule":[{"day":0,"utc":"21:16:00","flight":"3M638"},{"day":0,"utc":"07:01:00","flight":"3M275"},{"day":0,"utc":"03:16:00","flight":"3M467"},{"day":1,"utc":"10:13:00","flight":"3M856"},{"day":1,"utc":"18:46:00","flight":"3M082"},{"day":2,"utc":"13:48:00","flight":"3M470"},{"day":3,"utc":"18:05:00","flight":"3M407"},{"day":3,"utc":"07:07:00","flight":"3M370"},{"day":4,"utc":"08:20:00","flight":"3M538"},{"day":4,"utc":"15:06:00","flight":"3M549"},{"day":5,"utc":"05:52:00","flight":"3M387"},{"day":5,"utc":"21:31:00","flight":"3M787"},{"day":5,"utc":"04:13:00","flight":"3M586"},{"day":6,"utc":"12:06:00","flight":"3M545"},{"day":6,"utc":"14:09:00","flight":"3M314"}],"distance":321.83902021563347}