{"title":"Wales Coast Path","name":"Mumbles Pier","alt":null,"address":null,"directions":null,"phone":null,"tollfree":null,"email":null,"url":"http://www.mumbles-pier.co.uk/","hours":null,"image":"https://en.wikivoyage.org/wiki/File:MumblesPier.jpg","price":null,"content":"length 255m Opened 1898","geo":{"lat":51.569868,"lon":-3.974222,"accuracy":"RANGE_INTERPOLATED"},"activity":"see","type":"landmark","id":40084,"country":"United Kingdom","city":"The Mumbles","state":null,"image_direct_url":"https://upload.wikimedia.org/wikipedia/commons/7/78/MumblesPier.jpg"}