{"id":30425,"type":"route","airline":"GS","airlineid":"airline_690","sourceairport":"TSN","destinationairport":"SYX","stops":0,"equipment":"321","schedule":[{"day":0,"utc":"21:59:00","flight":"GS209"},{"day":0,"utc":"13:48:00","flight":"GS106"},{"day":0,"utc":"19:58:00","flight":"GS137"},{"day":1,"utc":"21:03:00","flight":"GS721"},{"day":1,"utc":"05:51:00","flight":"GS432"},{"day":2,"utc":"19:50:00","flight":"GS631"},{"day":3,"utc":"12:51:00","flight":"GS830"},{"day":3,"utc":"23:32:00","flight":"GS267"},{"day":4,"utc":"03:17:00","flight":"GS356"},{"day":4,"utc":"17:34:00","flight":"GS948"},{"day":5,"utc":"18:11:00","flight":"GS603"},{"day":6,"utc":"12:32:00","flight":"GS560"},{"day":6,"utc":"02:08:00","flight":"GS560"},{"day":6,"utc":"10:32:00","flight":"GS804"},{"day":6,"utc":"17:37:00","flight":"GS605"}],"distance":2438.4760878505076}