{"title":"Paris/1st arrondissement","name":"Mystery Cuisine","alt":null,"address":"37, rue de Montpensier","directions":null,"phone":"+33 1 40 20 03 02","tollfree":null,"email":null,"url":null,"hours":"Tu-Sa, 18:00-23:00","image":null,"price":null,"content":"The restaurant serves fusion cuisine inspired by French Vietnamese meals in an atmosphere perfect for couples.","geo":{"lat":48.865839,"lon":2.337201,"accuracy":"ROOFTOP"},"activity":"eat","type":"landmark","id":21714,"country":"France","city":"Paris","state":"Île-de-France"}