{"id":26660,"type":"route","airline":"FR","airlineid":"airline_4296","sourceairport":"EDI","destinationairport":"BZR","stops":0,"equipment":"738","schedule":[{"day":0,"utc":"14:15:00","flight":"FR622"},{"day":0,"utc":"20:23:00","flight":"FR704"},{"day":0,"utc":"01:00:00","flight":"FR279"},{"day":1,"utc":"21:01:00","flight":"FR865"},{"day":1,"utc":"14:33:00","flight":"FR926"},{"day":1,"utc":"06:46:00","flight":"FR721"},{"day":1,"utc":"19:02:00","flight":"FR386"},{"day":2,"utc":"01:45:00","flight":"FR070"},{"day":3,"utc":"14:50:00","flight":"FR131"},{"day":3,"utc":"00:58:00","flight":"FR121"},{"day":3,"utc":"17:07:00","flight":"FR149"},{"day":3,"utc":"07:54:00","flight":"FR996"},{"day":3,"utc":"22:44:00","flight":"FR810"},{"day":4,"utc":"01:26:00","flight":"FR414"},{"day":5,"utc":"06:41:00","flight":"FR363"},{"day":5,"utc":"13:50:00","flight":"FR260"},{"day":5,"utc":"11:06:00","flight":"FR067"},{"day":5,"utc":"03:37:00","flight":"FR157"},{"day":6,"utc":"10:07:00","flight":"FR709"}],"distance":1483.5046876740391}