{"id":9544,"type":"route","airline":"AF","airlineid":"airline_137","sourceairport":"GLA","destinationairport":"CWL","stops":0,"equipment":"F50","schedule":[{"day":0,"utc":"21:25:00","flight":"AF199"},{"day":1,"utc":"04:10:00","flight":"AF685"},{"day":2,"utc":"18:41:00","flight":"AF658"},{"day":2,"utc":"16:00:00","flight":"AF181"},{"day":2,"utc":"20:36:00","flight":"AF648"},{"day":3,"utc":"05:16:00","flight":"AF734"},{"day":3,"utc":"01:33:00","flight":"AF714"},{"day":4,"utc":"12:53:00","flight":"AF919"},{"day":5,"utc":"20:22:00","flight":"AF404"},{"day":5,"utc":"20:42:00","flight":"AF413"},{"day":6,"utc":"23:11:00","flight":"AF292"},{"day":6,"utc":"00:21:00","flight":"AF238"},{"day":6,"utc":"11:25:00","flight":"AF618"},{"day":6,"utc":"15:40:00","flight":"AF041"}],"distance":502.7708052045307}