{"id":25220,"type":"route","airline":"FL","airlineid":"airline_1316","sourceairport":"MCO","destinationairport":"DEN","stops":0,"equipment":"73W 73H","schedule":[{"day":0,"utc":"00:13:00","flight":"FL920"},{"day":0,"utc":"06:19:00","flight":"FL049"},{"day":0,"utc":"18:18:00","flight":"FL381"},{"day":0,"utc":"10:27:00","flight":"FL508"},{"day":0,"utc":"23:34:00","flight":"FL326"},{"day":1,"utc":"23:15:00","flight":"FL123"},{"day":1,"utc":"06:26:00","flight":"FL910"},{"day":2,"utc":"02:29:00","flight":"FL076"},{"day":3,"utc":"09:47:00","flight":"FL103"},{"day":3,"utc":"23:52:00","flight":"FL691"},{"day":3,"utc":"18:46:00","flight":"FL078"},{"day":3,"utc":"07:39:00","flight":"FL250"},{"day":4,"utc":"05:44:00","flight":"FL725"},{"day":5,"utc":"17:41:00","flight":"FL531"},{"day":5,"utc":"03:15:00","flight":"FL204"},{"day":5,"utc":"04:19:00","flight":"FL980"},{"day":5,"utc":"21:47:00","flight":"FL119"},{"day":6,"utc":"11:12:00","flight":"FL089"},{"day":6,"utc":"19:04:00","flight":"FL131"},{"day":6,"utc":"19:07:00","flight":"FL146"},{"day":6,"utc":"13:19:00","flight":"FL278"},{"day":6,"utc":"14:38:00","flight":"FL539"}],"distance":2486.358956021158}