{"id":13892,"type":"route","airline":"B5","airlineid":"airline_2395","sourceairport":"WJR","destinationairport":"MGQ","stops":0,"equipment":"CRJ","schedule":[{"day":0,"utc":"08:41:00","flight":"B5692"},{"day":0,"utc":"06:45:00","flight":"B5177"},{"day":1,"utc":"06:04:00","flight":"B5620"},{"day":1,"utc":"13:27:00","flight":"B5508"},{"day":1,"utc":"08:43:00","flight":"B5175"},{"day":1,"utc":"02:20:00","flight":"B5371"},{"day":1,"utc":"00:40:00","flight":"B5378"},{"day":2,"utc":"23:43:00","flight":"B5142"},{"day":3,"utc":"13:04:00","flight":"B5768"},{"day":3,"utc":"03:28:00","flight":"B5447"},{"day":3,"utc":"16:32:00","flight":"B5345"},{"day":3,"utc":"00:20:00","flight":"B5462"},{"day":3,"utc":"10:05:00","flight":"B5606"},{"day":4,"utc":"22:50:00","flight":"B5013"},{"day":5,"utc":"20:29:00","flight":"B5672"},{"day":6,"utc":"07:52:00","flight":"B5872"},{"day":6,"utc":"07:54:00","flight":"B5566"},{"day":6,"utc":"19:31:00","flight":"B5219"},{"day":6,"utc":"10:53:00","flight":"B5913"}],"distance":580.2019895947767}