{"title":"Solvang","name":"Solvang Gardens Lodge","address":"293 Alisal Road","directions":"2 blocks from downtown","phone":"+1 805 688-4404","tollfree":"+1 888 688-4404","email":"info@solvanggardens.com","fax":null,"url":"http://www.solvanggardens.com/","checkin":null,"checkout":null,"price":null,"geo":{"lat":34.593889,"lon":-120.139722,"accuracy":"APPROXIMATE"},"type":"hotel","id":27741,"country":"United States","city":"Solvang","state":"California","reviews":[],"public_likes":["Dr. Elna Lakin","Mrs. Lionel Russel","Armando Homenick"],"vacancy":false,"description":"A family-run inn. The owners live on-site and see to the upkeep of the hotel's amazing gardens. Breakfast is served in the main building.","alias":null,"pets_ok":false,"free_breakfast":true,"free_internet":false,"free_parking":false}