{"title":"Dorset","name":"Cerne Abbas Giant","alt":null,"address":"Cerne Abbas, DT2 7AL","directions":null,"phone":"+44 1297 489481","tollfree":null,"email":"westdorset@nationaltrust.org.uk","url":"http://www.nationaltrust.org.uk/cerne-giant/","hours":null,"image":null,"price":null,"content":"A giant figure carved into the side of a hill by removing turf to expose white chalk.","geo":{"lat":50.812979,"lon":-2.475441,"accuracy":"RANGE_INTERPOLATED"},"activity":"see","type":"landmark","id":8123,"country":"United Kingdom","city":"Cerne Abbas","state":null}