{"id":52979,"type":"route","airline":"TN","airlineid":"airline_225","sourceairport":"NRT","destinationairport":"PPT","stops":0,"equipment":"343","schedule":[{"day":0,"utc":"06:22:00","flight":"TN563"},{"day":1,"utc":"12:08:00","flight":"TN366"},{"day":1,"utc":"21:32:00","flight":"TN848"},{"day":2,"utc":"03:40:00","flight":"TN470"},{"day":2,"utc":"20:13:00","flight":"TN890"},{"day":3,"utc":"00:30:00","flight":"TN279"},{"day":3,"utc":"17:55:00","flight":"TN240"},{"day":3,"utc":"07:33:00","flight":"TN693"},{"day":3,"utc":"14:41:00","flight":"TN240"},{"day":3,"utc":"05:05:00","flight":"TN822"},{"day":4,"utc":"08:21:00","flight":"TN932"},{"day":5,"utc":"15:25:00","flight":"TN931"},{"day":6,"utc":"11:06:00","flight":"TN902"},{"day":6,"utc":"17:02:00","flight":"TN320"},{"day":6,"utc":"14:36:00","flight":"TN058"},{"day":6,"utc":"05:40:00","flight":"TN023"}],"distance":9444.463830876743}