{"id":56974,"type":"route","airline":"UA","airlineid":"airline_5209","sourceairport":"LAX","destinationairport":"IAD","stops":0,"equipment":"753 320 752 739 738","schedule":[{"day":0,"utc":"09:03:00","flight":"UA724"},{"day":0,"utc":"16:52:00","flight":"UA728"},{"day":1,"utc":"21:19:00","flight":"UA634"},{"day":1,"utc":"18:47:00","flight":"UA848"},{"day":2,"utc":"21:58:00","flight":"UA468"},{"day":3,"utc":"13:06:00","flight":"UA454"},{"day":4,"utc":"11:06:00","flight":"UA950"},{"day":4,"utc":"12:53:00","flight":"UA455"},{"day":4,"utc":"12:57:00","flight":"UA100"},{"day":4,"utc":"08:15:00","flight":"UA533"},{"day":5,"utc":"07:33:00","flight":"UA788"},{"day":6,"utc":"16:30:00","flight":"UA305"},{"day":6,"utc":"01:02:00","flight":"UA361"}],"distance":3674.034548251284}