{"id":59506,"type":"route","airline":"US","airlineid":"airline_5265","sourceairport":"LAX","destinationairport":"IST","stops":0,"equipment":"77W","schedule":[{"day":0,"utc":"13:13:00","flight":"US804"},{"day":0,"utc":"01:43:00","flight":"US558"},{"day":1,"utc":"21:35:00","flight":"US512"},{"day":1,"utc":"05:09:00","flight":"US542"},{"day":1,"utc":"12:44:00","flight":"US083"},{"day":2,"utc":"08:45:00","flight":"US599"},{"day":2,"utc":"15:41:00","flight":"US172"},{"day":3,"utc":"12:19:00","flight":"US154"},{"day":3,"utc":"08:47:00","flight":"US144"},{"day":3,"utc":"08:06:00","flight":"US315"},{"day":4,"utc":"15:09:00","flight":"US453"},{"day":4,"utc":"17:04:00","flight":"US367"},{"day":4,"utc":"03:10:00","flight":"US602"},{"day":5,"utc":"00:33:00","flight":"US381"},{"day":5,"utc":"04:51:00","flight":"US462"},{"day":5,"utc":"14:07:00","flight":"US307"},{"day":5,"utc":"14:25:00","flight":"US891"},{"day":6,"utc":"21:29:00","flight":"US876"},{"day":6,"utc":"00:20:00","flight":"US322"},{"day":6,"utc":"11:27:00","flight":"US639"},{"day":6,"utc":"06:51:00","flight":"US732"},{"day":6,"utc":"05:17:00","flight":"US990"}],"distance":11034.232568018144}