{"id":52971,"type":"route","airline":"TN","airlineid":"airline_225","sourceairport":"BNE","destinationairport":"AKL","stops":0,"equipment":"73H","schedule":[{"day":0,"utc":"11:17:00","flight":"TN523"},{"day":0,"utc":"04:49:00","flight":"TN735"},{"day":0,"utc":"19:18:00","flight":"TN884"},{"day":0,"utc":"07:15:00","flight":"TN800"},{"day":1,"utc":"05:25:00","flight":"TN235"},{"day":1,"utc":"04:00:00","flight":"TN909"},{"day":1,"utc":"18:57:00","flight":"TN791"},{"day":1,"utc":"09:07:00","flight":"TN266"},{"day":1,"utc":"23:14:00","flight":"TN753"},{"day":2,"utc":"10:08:00","flight":"TN162"},{"day":2,"utc":"19:02:00","flight":"TN688"},{"day":3,"utc":"16:25:00","flight":"TN609"},{"day":3,"utc":"14:43:00","flight":"TN653"},{"day":3,"utc":"21:03:00","flight":"TN240"},{"day":4,"utc":"19:30:00","flight":"TN931"},{"day":5,"utc":"07:17:00","flight":"TN044"},{"day":5,"utc":"18:49:00","flight":"TN909"},{"day":5,"utc":"05:47:00","flight":"TN246"},{"day":5,"utc":"17:13:00","flight":"TN745"},{"day":5,"utc":"01:08:00","flight":"TN101"},{"day":6,"utc":"02:32:00","flight":"TN066"},{"day":6,"utc":"14:32:00","flight":"TN768"},{"day":6,"utc":"21:43:00","flight":"TN877"},{"day":6,"utc":"01:44:00","flight":"TN419"}],"distance":2295.404720493086}