{"title":"London/Westminster","name":"Trooping the Colour","alt":"The Queen's Birthday Parade","address":"Horseguards Parade, Whitehall","directions":"tube: Charing Cross ''or'' Westminster","phone":null,"tollfree":null,"email":null,"url":"http://www.royal.gov.uk/RoyalEventsandCeremonies/TroopingtheColour/TroopingtheColour.aspx","hours":"Held annually on a Saturday in June, beginning around 10:00","image":null,"price":"About £20 if successful in the ballot","content":"A ceremony performed by regiments of the British and Commonwealth armies to mark the official birthday of the Queen.  The Queen travels by carriage down The Mall from Buckingham Palace to Horse Guards Parade, where she inspects the troops and then entire Household Division performs a march past the Queen as she receives their salute. Tickets to Horse Guards Parade are awarded by ballot but the parade along the rest of the route can be watched for free.  Up to three tickets can be requested by sending a letter (this is by post only), enclosing a self-addressed envelope, to the Brigade Major of the Headquarters Household Division, in January or February; these will be entered into the ballot and those chosen will be sent offer letters which contain payment details.  Those without a ticket can get their best view by standing on The Mall, along the edge of the parade, or on the edge of St James's Park by Horse Guards Parade.  Arriving before 09:00 is recommended. | iamge=Trooping the Colour MOD 45155754.jpg","geo":{"lat":51.5046,"lon":-0.1283,"accuracy":"APPROXIMATE"},"activity":"do","type":"landmark","id":16488,"country":"United Kingdom","city":"London","state":null}