{"id":23823,"type":"route","airline":"ET","airlineid":"airline_2220","sourceairport":"JFK","destinationairport":"FRA","stops":0,"equipment":"744","schedule":[{"day":0,"utc":"04:23:00","flight":"ET867"},{"day":0,"utc":"13:22:00","flight":"ET833"},{"day":0,"utc":"07:32:00","flight":"ET361"},{"day":1,"utc":"05:25:00","flight":"ET368"},{"day":2,"utc":"14:16:00","flight":"ET002"},{"day":2,"utc":"09:42:00","flight":"ET345"},{"day":2,"utc":"11:22:00","flight":"ET756"},{"day":2,"utc":"20:06:00","flight":"ET012"},{"day":3,"utc":"17:45:00","flight":"ET768"},{"day":3,"utc":"13:15:00","flight":"ET245"},{"day":4,"utc":"06:58:00","flight":"ET348"},{"day":4,"utc":"01:11:00","flight":"ET277"},{"day":5,"utc":"16:35:00","flight":"ET195"},{"day":5,"utc":"13:41:00","flight":"ET187"},{"day":5,"utc":"08:30:00","flight":"ET625"},{"day":6,"utc":"23:31:00","flight":"ET217"}],"distance":6187.9754440141905}