{"title":"Gateshead","name":"Shipley Art Gallery","alt":null,"address":"Prince Consort Road, Gateshead","directions":null,"phone":"+44 191 477 1495","tollfree":null,"email":null,"url":"http://www.twmuseums.org.uk/shipley/","hours":"M-Sa 10AM-5PM, Su 2PM-5PM","image":null,"price":"Admission is free","content":"Popular art gallery in Gateshead. Relax, unwind and discover the fantastic range of art and design on show in the friendly surroundings of the Shipley. During the last 25 years the venue has become established as a national centre for contemporary craft and has built up one of the best collections outside London, including ceramics, wood, metal, glass, textiles and furniture.","geo":{"lat":54.95005,"lon":-1.60033,"accuracy":"APPROXIMATE"},"activity":"see","type":"landmark","id":9732,"country":"United Kingdom","city":"Gateshead","state":null}