{"id":11728,"type":"route","airline":"AS","airlineid":"airline_439","sourceairport":"LAX","destinationairport":"PHX","stops":0,"equipment":"CRJ","schedule":[{"day":0,"utc":"11:47:00","flight":"AS974"},{"day":0,"utc":"08:52:00","flight":"AS792"},{"day":1,"utc":"20:38:00","flight":"AS340"},{"day":1,"utc":"08:53:00","flight":"AS715"},{"day":1,"utc":"05:27:00","flight":"AS586"},{"day":1,"utc":"04:20:00","flight":"AS384"},{"day":1,"utc":"12:03:00","flight":"AS733"},{"day":2,"utc":"01:32:00","flight":"AS690"},{"day":2,"utc":"22:16:00","flight":"AS845"},{"day":3,"utc":"11:58:00","flight":"AS696"},{"day":3,"utc":"02:30:00","flight":"AS550"},{"day":3,"utc":"08:25:00","flight":"AS131"},{"day":3,"utc":"17:32:00","flight":"AS657"},{"day":4,"utc":"02:04:00","flight":"AS858"},{"day":4,"utc":"13:08:00","flight":"AS821"},{"day":4,"utc":"00:09:00","flight":"AS469"},{"day":4,"utc":"15:57:00","flight":"AS157"},{"day":4,"utc":"17:47:00","flight":"AS007"},{"day":5,"utc":"22:43:00","flight":"AS943"},{"day":6,"utc":"12:01:00","flight":"AS482"},{"day":6,"utc":"18:47:00","flight":"AS982"},{"day":6,"utc":"10:19:00","flight":"AS222"}],"distance":594.407081704725}