{"id":27163,"type":"route","airline":"FR","airlineid":"airline_4296","sourceairport":"LPL","destinationairport":"AGP","stops":0,"equipment":"738","schedule":[{"day":0,"utc":"16:24:00","flight":"FR373"},{"day":0,"utc":"00:52:00","flight":"FR668"},{"day":0,"utc":"17:16:00","flight":"FR211"},{"day":0,"utc":"11:43:00","flight":"FR982"},{"day":0,"utc":"03:10:00","flight":"FR614"},{"day":1,"utc":"09:10:00","flight":"FR544"},{"day":2,"utc":"05:09:00","flight":"FR918"},{"day":2,"utc":"22:54:00","flight":"FR595"},{"day":3,"utc":"13:14:00","flight":"FR909"},{"day":3,"utc":"13:24:00","flight":"FR942"},{"day":4,"utc":"23:13:00","flight":"FR694"},{"day":4,"utc":"06:35:00","flight":"FR763"},{"day":4,"utc":"01:07:00","flight":"FR108"},{"day":5,"utc":"23:58:00","flight":"FR417"},{"day":5,"utc":"02:56:00","flight":"FR537"},{"day":5,"utc":"21:42:00","flight":"FR331"},{"day":5,"utc":"23:07:00","flight":"FR615"},{"day":6,"utc":"14:01:00","flight":"FR899"}],"distance":1856.7691219628134}