{"title":"San Francisco/Golden Gate","name":"Dragon Well Restaurant","alt":null,"address":"2142 Chestnut St","directions":"between Steiner and Pierce St","phone":"+1 415 474-6888","tollfree":null,"email":null,"url":"http://www.dragonwell.com/","hours":"11:30AM-10PM daily","image":null,"price":"$11-$14","content":"Light but satisfying modern Chinese food &mdash; not your typical oily dishes here!","geo":{"lat":37.8007,"lon":-122.4386,"accuracy":"RANGE_INTERPOLATED"},"activity":"eat","type":"landmark","id":25757,"country":"United States","city":"San Francisco","state":"California"}