{"id":59101,"type":"route","airline":"US","airlineid":"airline_5265","sourceairport":"DFW","destinationairport":"LIM","stops":0,"equipment":"763","schedule":[{"day":0,"utc":"23:13:00","flight":"US930"},{"day":1,"utc":"11:50:00","flight":"US704"},{"day":1,"utc":"06:48:00","flight":"US153"},{"day":1,"utc":"01:44:00","flight":"US680"},{"day":1,"utc":"01:27:00","flight":"US257"},{"day":2,"utc":"11:01:00","flight":"US326"},{"day":3,"utc":"20:22:00","flight":"US485"},{"day":3,"utc":"11:20:00","flight":"US935"},{"day":3,"utc":"04:18:00","flight":"US177"},{"day":3,"utc":"06:20:00","flight":"US544"},{"day":4,"utc":"13:04:00","flight":"US283"},{"day":4,"utc":"15:25:00","flight":"US584"},{"day":5,"utc":"03:41:00","flight":"US898"},{"day":6,"utc":"05:53:00","flight":"US827"}],"distance":5424.053842712211}