{"id":61996,"type":"route","airline":"VX","airlineid":"airline_5331","sourceairport":"FLL","destinationairport":"LAX","stops":0,"equipment":"320","schedule":[{"day":0,"utc":"23:49:00","flight":"VX871"},{"day":0,"utc":"17:19:00","flight":"VX585"},{"day":1,"utc":"20:56:00","flight":"VX672"},{"day":1,"utc":"20:56:00","flight":"VX270"},{"day":1,"utc":"10:36:00","flight":"VX524"},{"day":2,"utc":"23:42:00","flight":"VX862"},{"day":3,"utc":"05:11:00","flight":"VX336"},{"day":3,"utc":"13:39:00","flight":"VX555"},{"day":4,"utc":"22:13:00","flight":"VX288"},{"day":4,"utc":"20:51:00","flight":"VX847"},{"day":4,"utc":"03:03:00","flight":"VX512"},{"day":4,"utc":"18:17:00","flight":"VX376"},{"day":5,"utc":"08:52:00","flight":"VX629"},{"day":5,"utc":"13:55:00","flight":"VX676"},{"day":5,"utc":"01:41:00","flight":"VX645"},{"day":6,"utc":"20:21:00","flight":"VX992"}],"distance":3763.22683102217}