{"id":27925,"type":"route","airline":"FR","airlineid":"airline_4296","sourceairport":"STN","destinationairport":"MRS","stops":0,"equipment":"738","schedule":[{"day":0,"utc":"11:32:00","flight":"FR191"},{"day":0,"utc":"14:23:00","flight":"FR816"},{"day":0,"utc":"16:42:00","flight":"FR138"},{"day":0,"utc":"03:15:00","flight":"FR109"},{"day":1,"utc":"16:45:00","flight":"FR458"},{"day":1,"utc":"17:34:00","flight":"FR624"},{"day":1,"utc":"22:48:00","flight":"FR894"},{"day":1,"utc":"05:32:00","flight":"FR501"},{"day":1,"utc":"21:27:00","flight":"FR686"},{"day":2,"utc":"21:00:00","flight":"FR941"},{"day":2,"utc":"03:44:00","flight":"FR736"},{"day":3,"utc":"10:52:00","flight":"FR515"},{"day":3,"utc":"04:55:00","flight":"FR555"},{"day":3,"utc":"23:04:00","flight":"FR658"},{"day":3,"utc":"11:42:00","flight":"FR858"},{"day":4,"utc":"08:39:00","flight":"FR512"},{"day":5,"utc":"10:16:00","flight":"FR312"},{"day":6,"utc":"06:13:00","flight":"FR214"},{"day":6,"utc":"01:00:00","flight":"FR632"}],"distance":1010.2179879787668}