{"id":11217,"type":"route","airline":"AM","airlineid":"airline_321","sourceairport":"SFO","destinationairport":"PVR","stops":0,"equipment":"73J 739","schedule":[{"day":0,"utc":"09:45:00","flight":"AM926"},{"day":0,"utc":"09:33:00","flight":"AM413"},{"day":1,"utc":"15:54:00","flight":"AM131"},{"day":1,"utc":"20:38:00","flight":"AM902"},{"day":1,"utc":"20:30:00","flight":"AM748"},{"day":1,"utc":"08:51:00","flight":"AM664"},{"day":1,"utc":"07:59:00","flight":"AM030"},{"day":2,"utc":"19:27:00","flight":"AM250"},{"day":2,"utc":"08:06:00","flight":"AM443"},{"day":2,"utc":"14:18:00","flight":"AM887"},{"day":2,"utc":"21:56:00","flight":"AM951"},{"day":2,"utc":"08:32:00","flight":"AM008"},{"day":3,"utc":"02:07:00","flight":"AM314"},{"day":3,"utc":"08:58:00","flight":"AM425"},{"day":3,"utc":"14:03:00","flight":"AM896"},{"day":3,"utc":"20:04:00","flight":"AM955"},{"day":4,"utc":"12:39:00","flight":"AM391"},{"day":4,"utc":"07:47:00","flight":"AM030"},{"day":4,"utc":"04:08:00","flight":"AM541"},{"day":4,"utc":"02:49:00","flight":"AM692"},{"day":5,"utc":"21:20:00","flight":"AM257"},{"day":5,"utc":"13:08:00","flight":"AM977"},{"day":5,"utc":"19:41:00","flight":"AM388"},{"day":6,"utc":"18:10:00","flight":"AM174"},{"day":6,"utc":"12:57:00","flight":"AM891"},{"day":6,"utc":"00:38:00","flight":"AM096"},{"day":6,"utc":"17:10:00","flight":"AM887"}],"distance":2503.582728407229}