{"id":49697,"type":"route","airline":"SK","airlineid":"airline_4319","sourceairport":"ABZ","destinationairport":"BGO","stops":0,"equipment":"DH4 DH3","schedule":[{"day":0,"utc":"14:18:00","flight":"SK907"},{"day":0,"utc":"02:35:00","flight":"SK273"},{"day":0,"utc":"15:22:00","flight":"SK278"},{"day":1,"utc":"11:51:00","flight":"SK346"},{"day":1,"utc":"05:26:00","flight":"SK480"},{"day":1,"utc":"04:28:00","flight":"SK946"},{"day":1,"utc":"12:08:00","flight":"SK060"},{"day":1,"utc":"04:04:00","flight":"SK765"},{"day":2,"utc":"05:01:00","flight":"SK934"},{"day":2,"utc":"01:10:00","flight":"SK438"},{"day":3,"utc":"08:04:00","flight":"SK161"},{"day":3,"utc":"19:57:00","flight":"SK583"},{"day":3,"utc":"06:28:00","flight":"SK980"},{"day":4,"utc":"21:55:00","flight":"SK165"},{"day":4,"utc":"09:26:00","flight":"SK872"},{"day":5,"utc":"08:45:00","flight":"SK559"},{"day":5,"utc":"16:21:00","flight":"SK466"},{"day":5,"utc":"13:58:00","flight":"SK717"},{"day":6,"utc":"06:06:00","flight":"SK733"},{"day":6,"utc":"16:29:00","flight":"SK909"},{"day":6,"utc":"22:47:00","flight":"SK477"},{"day":6,"utc":"21:38:00","flight":"SK080"},{"day":6,"utc":"15:20:00","flight":"SK018"}],"distance":548.269590120999}