{"id":12738,"type":"route","airline":"AY","airlineid":"airline_2350","sourceairport":"IAH","destinationairport":"LHR","stops":0,"equipment":"744 777","schedule":[{"day":0,"utc":"21:50:00","flight":"AY700"},{"day":0,"utc":"16:26:00","flight":"AY308"},{"day":0,"utc":"21:57:00","flight":"AY597"},{"day":1,"utc":"10:41:00","flight":"AY825"},{"day":1,"utc":"03:43:00","flight":"AY347"},{"day":1,"utc":"09:58:00","flight":"AY122"},{"day":1,"utc":"10:00:00","flight":"AY938"},{"day":1,"utc":"00:15:00","flight":"AY424"},{"day":2,"utc":"02:15:00","flight":"AY055"},{"day":2,"utc":"22:28:00","flight":"AY686"},{"day":2,"utc":"05:24:00","flight":"AY990"},{"day":2,"utc":"23:01:00","flight":"AY954"},{"day":3,"utc":"01:25:00","flight":"AY580"},{"day":3,"utc":"10:14:00","flight":"AY084"},{"day":3,"utc":"03:28:00","flight":"AY674"},{"day":4,"utc":"09:47:00","flight":"AY221"},{"day":4,"utc":"01:39:00","flight":"AY470"},{"day":4,"utc":"14:08:00","flight":"AY009"},{"day":5,"utc":"02:59:00","flight":"AY265"},{"day":6,"utc":"03:00:00","flight":"AY166"},{"day":6,"utc":"19:19:00","flight":"AY334"}],"distance":7762.714169345874}