{"title":"Bonifacio","name":"Market Hall","alt":null,"address":null,"directions":"In the old city","phone":null,"tollfree":null,"email":null,"url":null,"hours":null,"image":null,"price":null,"content":"In the morning there is market where you can buy fresh fruit, pieces of vegetable pies, beignet, etc. Then sit outside on a bench and enjoy a cheap high quality breakfast or brunch with a stunning view.","geo":{"lat":41.3872633,"lon":9.1560595,"accuracy":"APPROXIMATE"},"activity":"eat","type":"landmark","id":3850,"country":"France","city":"Bonifacio","state":"Corse"}