{"id":11051,"type":"route","airline":"AM","airlineid":"airline_321","sourceairport":"MEM","destinationairport":"ATL","stops":0,"equipment":"M88 320","schedule":[{"day":0,"utc":"02:52:00","flight":"AM301"},{"day":0,"utc":"06:44:00","flight":"AM579"},{"day":0,"utc":"11:00:00","flight":"AM862"},{"day":0,"utc":"00:09:00","flight":"AM495"},{"day":0,"utc":"06:58:00","flight":"AM639"},{"day":1,"utc":"21:22:00","flight":"AM620"},{"day":1,"utc":"15:38:00","flight":"AM659"},{"day":1,"utc":"13:29:00","flight":"AM541"},{"day":2,"utc":"14:24:00","flight":"AM153"},{"day":2,"utc":"16:09:00","flight":"AM743"},{"day":3,"utc":"11:39:00","flight":"AM545"},{"day":3,"utc":"09:10:00","flight":"AM631"},{"day":3,"utc":"06:25:00","flight":"AM945"},{"day":4,"utc":"22:55:00","flight":"AM625"},{"day":4,"utc":"04:00:00","flight":"AM129"},{"day":4,"utc":"18:12:00","flight":"AM578"},{"day":5,"utc":"16:44:00","flight":"AM699"},{"day":5,"utc":"05:35:00","flight":"AM196"},{"day":5,"utc":"22:53:00","flight":"AM872"},{"day":5,"utc":"20:46:00","flight":"AM339"},{"day":6,"utc":"13:53:00","flight":"AM957"},{"day":6,"utc":"07:38:00","flight":"AM181"},{"day":6,"utc":"13:13:00","flight":"AM480"}],"distance":532.7924460921968}