{"id":10190,"type":"route","airline":"AH","airlineid":"airline_794","sourceairport":"LYS","destinationairport":"AAE","stops":0,"equipment":"738","schedule":[{"day":0,"utc":"08:30:00","flight":"AH972"},{"day":0,"utc":"05:40:00","flight":"AH355"},{"day":0,"utc":"05:37:00","flight":"AH086"},{"day":0,"utc":"07:18:00","flight":"AH777"},{"day":1,"utc":"13:23:00","flight":"AH518"},{"day":1,"utc":"16:35:00","flight":"AH235"},{"day":1,"utc":"01:46:00","flight":"AH961"},{"day":1,"utc":"08:29:00","flight":"AH438"},{"day":1,"utc":"08:54:00","flight":"AH855"},{"day":2,"utc":"14:53:00","flight":"AH127"},{"day":2,"utc":"08:42:00","flight":"AH494"},{"day":2,"utc":"18:03:00","flight":"AH601"},{"day":2,"utc":"16:23:00","flight":"AH175"},{"day":3,"utc":"06:30:00","flight":"AH404"},{"day":3,"utc":"00:43:00","flight":"AH348"},{"day":3,"utc":"09:49:00","flight":"AH297"},{"day":4,"utc":"02:21:00","flight":"AH547"},{"day":4,"utc":"08:51:00","flight":"AH991"},{"day":4,"utc":"17:14:00","flight":"AH046"},{"day":4,"utc":"16:47:00","flight":"AH848"},{"day":4,"utc":"19:10:00","flight":"AH924"},{"day":5,"utc":"12:45:00","flight":"AH968"},{"day":5,"utc":"15:06:00","flight":"AH538"},{"day":6,"utc":"11:35:00","flight":"AH486"},{"day":6,"utc":"13:20:00","flight":"AH712"},{"day":6,"utc":"17:19:00","flight":"AH941"}],"distance":1015.6529968903878}