{"id":30649,"type":"route","airline":"HA","airlineid":"airline_2688","sourceairport":"HNL","destinationairport":"SMF","stops":0,"equipment":"763","schedule":[{"day":0,"utc":"10:01:00","flight":"HA627"},{"day":0,"utc":"05:50:00","flight":"HA838"},{"day":0,"utc":"23:10:00","flight":"HA119"},{"day":0,"utc":"23:42:00","flight":"HA369"},{"day":0,"utc":"18:45:00","flight":"HA123"},{"day":1,"utc":"08:45:00","flight":"HA347"},{"day":2,"utc":"14:01:00","flight":"HA220"},{"day":2,"utc":"13:36:00","flight":"HA277"},{"day":3,"utc":"09:55:00","flight":"HA936"},{"day":3,"utc":"17:51:00","flight":"HA837"},{"day":3,"utc":"18:26:00","flight":"HA944"},{"day":3,"utc":"20:58:00","flight":"HA114"},{"day":3,"utc":"06:41:00","flight":"HA631"},{"day":4,"utc":"19:23:00","flight":"HA479"},{"day":4,"utc":"16:11:00","flight":"HA240"},{"day":4,"utc":"19:40:00","flight":"HA621"},{"day":4,"utc":"21:26:00","flight":"HA163"},{"day":4,"utc":"04:53:00","flight":"HA877"},{"day":5,"utc":"19:33:00","flight":"HA629"},{"day":5,"utc":"06:46:00","flight":"HA693"},{"day":5,"utc":"21:38:00","flight":"HA179"},{"day":6,"utc":"07:10:00","flight":"HA872"},{"day":6,"utc":"23:14:00","flight":"HA052"}],"distance":3959.4313503009957}