{"id":22193,"type":"route","airline":"DY","airlineid":"airline_3737","sourceairport":"AAL","destinationairport":"LGW","stops":0,"equipment":"73H","schedule":[{"day":0,"utc":"18:15:00","flight":"DY421"},{"day":0,"utc":"02:09:00","flight":"DY688"},{"day":1,"utc":"04:52:00","flight":"DY882"},{"day":1,"utc":"07:18:00","flight":"DY345"},{"day":1,"utc":"06:33:00","flight":"DY858"},{"day":1,"utc":"23:31:00","flight":"DY569"},{"day":1,"utc":"03:31:00","flight":"DY341"},{"day":2,"utc":"18:45:00","flight":"DY112"},{"day":2,"utc":"00:16:00","flight":"DY015"},{"day":3,"utc":"05:38:00","flight":"DY224"},{"day":3,"utc":"01:48:00","flight":"DY589"},{"day":3,"utc":"09:44:00","flight":"DY519"},{"day":3,"utc":"09:16:00","flight":"DY396"},{"day":4,"utc":"01:02:00","flight":"DY705"},{"day":4,"utc":"10:27:00","flight":"DY102"},{"day":4,"utc":"12:10:00","flight":"DY898"},{"day":4,"utc":"15:27:00","flight":"DY235"},{"day":5,"utc":"20:48:00","flight":"DY046"},{"day":5,"utc":"01:35:00","flight":"DY209"},{"day":5,"utc":"02:15:00","flight":"DY598"},{"day":6,"utc":"00:20:00","flight":"DY537"},{"day":6,"utc":"02:35:00","flight":"DY293"},{"day":6,"utc":"22:00:00","flight":"DY362"}],"distance":928.284226131001}