{"id":55767,"type":"route","airline":"UA","airlineid":"airline_5209","sourceairport":"ACA","destinationairport":"IAH","stops":0,"equipment":"ERJ","schedule":[{"day":0,"utc":"05:04:00","flight":"UA899"},{"day":1,"utc":"20:32:00","flight":"UA494"},{"day":1,"utc":"12:52:00","flight":"UA219"},{"day":1,"utc":"21:23:00","flight":"UA398"},{"day":1,"utc":"02:20:00","flight":"UA634"},{"day":1,"utc":"05:56:00","flight":"UA944"},{"day":2,"utc":"02:52:00","flight":"UA258"},{"day":2,"utc":"20:58:00","flight":"UA717"},{"day":2,"utc":"09:44:00","flight":"UA423"},{"day":3,"utc":"10:23:00","flight":"UA143"},{"day":3,"utc":"16:46:00","flight":"UA773"},{"day":3,"utc":"11:12:00","flight":"UA092"},{"day":4,"utc":"00:06:00","flight":"UA513"},{"day":5,"utc":"19:26:00","flight":"UA503"},{"day":5,"utc":"15:44:00","flight":"UA455"},{"day":5,"utc":"02:05:00","flight":"UA054"},{"day":6,"utc":"02:32:00","flight":"UA189"},{"day":6,"utc":"12:32:00","flight":"UA714"},{"day":6,"utc":"08:18:00","flight":"UA968"}],"distance":1537.7686078590548}