{"id":64297,"type":"route","airline":"WN","airlineid":"airline_4547","sourceairport":"PHX","destinationairport":"PIT","stops":0,"equipment":"73W","schedule":[{"day":0,"utc":"09:14:00","flight":"WN454"},{"day":0,"utc":"08:38:00","flight":"WN360"},{"day":0,"utc":"12:44:00","flight":"WN846"},{"day":0,"utc":"04:23:00","flight":"WN893"},{"day":0,"utc":"12:50:00","flight":"WN618"},{"day":1,"utc":"10:15:00","flight":"WN177"},{"day":1,"utc":"15:00:00","flight":"WN001"},{"day":1,"utc":"20:59:00","flight":"WN800"},{"day":2,"utc":"11:51:00","flight":"WN730"},{"day":2,"utc":"19:34:00","flight":"WN285"},{"day":2,"utc":"06:25:00","flight":"WN919"},{"day":2,"utc":"17:22:00","flight":"WN593"},{"day":3,"utc":"18:40:00","flight":"WN799"},{"day":3,"utc":"15:51:00","flight":"WN672"},{"day":3,"utc":"15:51:00","flight":"WN953"},{"day":3,"utc":"19:29:00","flight":"WN525"},{"day":4,"utc":"08:24:00","flight":"WN349"},{"day":4,"utc":"23:07:00","flight":"WN646"},{"day":5,"utc":"03:05:00","flight":"WN509"},{"day":5,"utc":"10:00:00","flight":"WN407"},{"day":6,"utc":"03:51:00","flight":"WN975"},{"day":6,"utc":"17:50:00","flight":"WN223"},{"day":6,"utc":"06:27:00","flight":"WN270"}],"distance":2912.9643552036505}