{"id":3667,"type":"route","airline":"9K","airlineid":"airline_1629","sourceairport":"SJU","destinationairport":"EIS","stops":0,"equipment":"CNA","schedule":[{"day":0,"utc":"16:05:00","flight":"9K163"},{"day":0,"utc":"12:47:00","flight":"9K604"},{"day":0,"utc":"19:59:00","flight":"9K087"},{"day":0,"utc":"01:06:00","flight":"9K602"},{"day":1,"utc":"19:43:00","flight":"9K349"},{"day":1,"utc":"00:47:00","flight":"9K103"},{"day":2,"utc":"21:52:00","flight":"9K089"},{"day":2,"utc":"14:26:00","flight":"9K736"},{"day":2,"utc":"13:46:00","flight":"9K052"},{"day":2,"utc":"16:44:00","flight":"9K995"},{"day":2,"utc":"21:51:00","flight":"9K655"},{"day":3,"utc":"10:59:00","flight":"9K188"},{"day":4,"utc":"12:12:00","flight":"9K495"},{"day":4,"utc":"17:02:00","flight":"9K128"},{"day":4,"utc":"08:07:00","flight":"9K844"},{"day":4,"utc":"13:58:00","flight":"9K868"},{"day":5,"utc":"11:51:00","flight":"9K517"},{"day":5,"utc":"08:56:00","flight":"9K397"},{"day":5,"utc":"11:43:00","flight":"9K362"},{"day":5,"utc":"13:09:00","flight":"9K068"},{"day":5,"utc":"01:14:00","flight":"9K217"},{"day":6,"utc":"23:13:00","flight":"9K393"},{"day":6,"utc":"15:59:00","flight":"9K659"},{"day":6,"utc":"17:27:00","flight":"9K093"},{"day":6,"utc":"20:17:00","flight":"9K045"},{"day":6,"utc":"20:28:00","flight":"9K202"}],"distance":153.88747179181513}