{"id":52974,"type":"route","airline":"TN","airlineid":"airline_225","sourceairport":"LAX","destinationairport":"CDG","stops":0,"equipment":"343","schedule":[{"day":0,"utc":"10:10:00","flight":"TN093"},{"day":0,"utc":"06:21:00","flight":"TN976"},{"day":0,"utc":"15:51:00","flight":"TN405"},{"day":1,"utc":"16:23:00","flight":"TN543"},{"day":1,"utc":"20:32:00","flight":"TN460"},{"day":1,"utc":"06:51:00","flight":"TN829"},{"day":1,"utc":"07:42:00","flight":"TN854"},{"day":2,"utc":"09:10:00","flight":"TN139"},{"day":2,"utc":"06:52:00","flight":"TN442"},{"day":3,"utc":"12:59:00","flight":"TN937"},{"day":4,"utc":"11:13:00","flight":"TN417"},{"day":5,"utc":"21:22:00","flight":"TN763"},{"day":5,"utc":"05:33:00","flight":"TN355"},{"day":6,"utc":"00:08:00","flight":"TN703"},{"day":6,"utc":"15:55:00","flight":"TN611"},{"day":6,"utc":"23:50:00","flight":"TN404"},{"day":6,"utc":"15:25:00","flight":"TN159"}],"distance":9102.508107140527}