{"id":58602,"type":"route","airline":"US","airlineid":"airline_5265","sourceairport":"ATH","destinationairport":"PHL","stops":0,"equipment":"332","schedule":[{"day":0,"utc":"20:38:00","flight":"US792"},{"day":0,"utc":"12:24:00","flight":"US769"},{"day":0,"utc":"07:38:00","flight":"US308"},{"day":0,"utc":"18:25:00","flight":"US513"},{"day":1,"utc":"20:55:00","flight":"US917"},{"day":1,"utc":"21:05:00","flight":"US409"},{"day":2,"utc":"14:23:00","flight":"US467"},{"day":2,"utc":"04:43:00","flight":"US331"},{"day":2,"utc":"21:52:00","flight":"US221"},{"day":3,"utc":"11:52:00","flight":"US578"},{"day":3,"utc":"08:06:00","flight":"US677"},{"day":3,"utc":"06:34:00","flight":"US814"},{"day":3,"utc":"12:16:00","flight":"US387"},{"day":4,"utc":"18:36:00","flight":"US539"},{"day":5,"utc":"20:57:00","flight":"US734"},{"day":6,"utc":"00:14:00","flight":"US942"},{"day":6,"utc":"08:24:00","flight":"US135"},{"day":6,"utc":"17:40:00","flight":"US646"},{"day":6,"utc":"20:59:00","flight":"US818"}],"distance":8083.061864617407}