{"id":49855,"type":"route","airline":"SK","airlineid":"airline_4319","sourceairport":"CPH","destinationairport":"BIQ","stops":0,"equipment":"CR9","schedule":[{"day":0,"utc":"15:41:00","flight":"SK326"},{"day":0,"utc":"00:05:00","flight":"SK584"},{"day":0,"utc":"18:26:00","flight":"SK845"},{"day":0,"utc":"13:20:00","flight":"SK383"},{"day":0,"utc":"11:17:00","flight":"SK652"},{"day":1,"utc":"15:35:00","flight":"SK567"},{"day":2,"utc":"10:02:00","flight":"SK707"},{"day":2,"utc":"14:08:00","flight":"SK849"},{"day":2,"utc":"11:33:00","flight":"SK679"},{"day":3,"utc":"09:07:00","flight":"SK176"},{"day":3,"utc":"14:29:00","flight":"SK075"},{"day":4,"utc":"10:10:00","flight":"SK823"},{"day":4,"utc":"18:50:00","flight":"SK144"},{"day":5,"utc":"20:09:00","flight":"SK850"},{"day":5,"utc":"18:02:00","flight":"SK586"},{"day":5,"utc":"04:04:00","flight":"SK400"},{"day":5,"utc":"15:59:00","flight":"SK971"},{"day":5,"utc":"02:04:00","flight":"SK744"},{"day":6,"utc":"11:52:00","flight":"SK658"},{"day":6,"utc":"16:31:00","flight":"SK640"},{"day":6,"utc":"03:31:00","flight":"SK469"},{"day":6,"utc":"07:10:00","flight":"SK575"},{"day":6,"utc":"19:24:00","flight":"SK574"}],"distance":1687.753558833064}