{"id":21058,"type":"route","airline":"DL","airlineid":"airline_2009","sourceairport":"LAX","destinationairport":"ICN","stops":0,"equipment":"388 77W","schedule":[{"day":0,"utc":"13:30:00","flight":"DL740"},{"day":0,"utc":"11:36:00","flight":"DL444"},{"day":0,"utc":"09:05:00","flight":"DL899"},{"day":0,"utc":"18:40:00","flight":"DL991"},{"day":1,"utc":"21:05:00","flight":"DL775"},{"day":2,"utc":"20:19:00","flight":"DL588"},{"day":2,"utc":"14:32:00","flight":"DL369"},{"day":2,"utc":"23:29:00","flight":"DL823"},{"day":2,"utc":"09:16:00","flight":"DL642"},{"day":3,"utc":"12:18:00","flight":"DL272"},{"day":3,"utc":"10:46:00","flight":"DL356"},{"day":3,"utc":"03:19:00","flight":"DL784"},{"day":3,"utc":"20:28:00","flight":"DL267"},{"day":3,"utc":"22:31:00","flight":"DL793"},{"day":4,"utc":"10:43:00","flight":"DL160"},{"day":4,"utc":"02:43:00","flight":"DL729"},{"day":4,"utc":"09:17:00","flight":"DL170"},{"day":4,"utc":"22:16:00","flight":"DL537"},{"day":5,"utc":"03:13:00","flight":"DL077"},{"day":6,"utc":"12:01:00","flight":"DL177"},{"day":6,"utc":"16:36:00","flight":"DL287"},{"day":6,"utc":"21:53:00","flight":"DL582"},{"day":6,"utc":"02:27:00","flight":"DL844"}],"distance":9625.499042911277}