{"title":"Epsom","name":"Box Hill","alt":null,"address":"The Old Fort, Box Hill Road, Box Hill, Tadworth, KT20 7LB","directions":"1 mile north of Dorking, 2 miles south of Leatherhead on the A24","phone":"+44 1306 885502","tollfree":null,"email":"boxhill@nationaltrust.org.uk","url":"http://www.nationaltrust.org.uk/box-hill/","hours":"11AM-5PM (summer), 11AM-4PM (winter)","image":null,"price":"Parking £3, countryside free","content":"Great views across downland towards the south coast.","geo":{"lat":51.248901,"lon":-0.3101,"accuracy":"APPROXIMATE"},"activity":"see","type":"landmark","id":8965,"country":"United Kingdom","city":"Brockham","state":null}