{"id":64413,"type":"route","airline":"WN","airlineid":"airline_4547","sourceairport":"SDF","destinationairport":"MDW","stops":0,"equipment":"73W","schedule":[{"day":0,"utc":"10:36:00","flight":"WN136"},{"day":1,"utc":"08:54:00","flight":"WN324"},{"day":1,"utc":"13:15:00","flight":"WN185"},{"day":1,"utc":"21:36:00","flight":"WN843"},{"day":1,"utc":"18:22:00","flight":"WN661"},{"day":1,"utc":"10:01:00","flight":"WN415"},{"day":2,"utc":"02:50:00","flight":"WN438"},{"day":2,"utc":"14:58:00","flight":"WN161"},{"day":2,"utc":"18:23:00","flight":"WN238"},{"day":3,"utc":"07:50:00","flight":"WN156"},{"day":4,"utc":"00:37:00","flight":"WN849"},{"day":4,"utc":"19:07:00","flight":"WN099"},{"day":5,"utc":"14:04:00","flight":"WN359"},{"day":5,"utc":"09:38:00","flight":"WN336"},{"day":6,"utc":"01:18:00","flight":"WN608"},{"day":6,"utc":"13:15:00","flight":"WN086"},{"day":6,"utc":"23:53:00","flight":"WN923"},{"day":6,"utc":"23:06:00","flight":"WN400"},{"day":6,"utc":"13:55:00","flight":"WN694"}],"distance":436.77626389503394}