{"id":12041,"type":"route","airline":"AS","airlineid":"airline_439","sourceairport":"YKM","destinationairport":"SEA","stops":0,"equipment":"DH4","schedule":[{"day":0,"utc":"02:39:00","flight":"AS448"},{"day":0,"utc":"21:25:00","flight":"AS025"},{"day":1,"utc":"20:35:00","flight":"AS109"},{"day":1,"utc":"14:02:00","flight":"AS552"},{"day":2,"utc":"10:08:00","flight":"AS870"},{"day":2,"utc":"09:37:00","flight":"AS484"},{"day":2,"utc":"09:14:00","flight":"AS881"},{"day":3,"utc":"01:27:00","flight":"AS478"},{"day":4,"utc":"21:23:00","flight":"AS780"},{"day":4,"utc":"15:39:00","flight":"AS081"},{"day":5,"utc":"20:24:00","flight":"AS723"},{"day":5,"utc":"15:43:00","flight":"AS693"},{"day":5,"utc":"01:06:00","flight":"AS042"},{"day":5,"utc":"12:17:00","flight":"AS027"},{"day":6,"utc":"07:08:00","flight":"AS029"}],"distance":165.8488289793646}