{"title":"London/Greenwich","name":"Blackheath Heath Fireworks Display","alt":null,"address":null,"directions":null,"phone":"+44 20 8314-7321","tollfree":null,"email":"events@lewisham.gov.uk","url":"http://www.lewisham.gov.uk/inmyarea/events/whats-on/fireworks/Pages/default.aspx","hours":null,"image":null,"price":"Free","content":"Every Guy Fawkes night (5th of November) Lewisham council put on a spectuacular free fireworks display. In the past few years, crowds of over 100,000 have amassed so stake a good spot earlier. The heath also host funfairs and circus at various times of the year.","geo":{"lat":51.4702,"lon":0.0071,"accuracy":"ROOFTOP"},"activity":"do","type":"landmark","id":16125,"country":"United Kingdom","city":"London","state":null}