{"id":55460,"type":"route","airline":"U2","airlineid":"airline_2297","sourceairport":"TFS","destinationairport":"BSL","stops":0,"equipment":"320","schedule":[{"day":0,"utc":"03:02:00","flight":"U2801"},{"day":0,"utc":"07:18:00","flight":"U2153"},{"day":0,"utc":"01:26:00","flight":"U2647"},{"day":1,"utc":"11:25:00","flight":"U2493"},{"day":2,"utc":"15:18:00","flight":"U2407"},{"day":2,"utc":"22:12:00","flight":"U2319"},{"day":3,"utc":"13:34:00","flight":"U2561"},{"day":3,"utc":"00:58:00","flight":"U2158"},{"day":3,"utc":"02:35:00","flight":"U2753"},{"day":3,"utc":"21:05:00","flight":"U2761"},{"day":4,"utc":"09:16:00","flight":"U2980"},{"day":4,"utc":"12:02:00","flight":"U2690"},{"day":4,"utc":"14:21:00","flight":"U2859"},{"day":5,"utc":"19:27:00","flight":"U2655"},{"day":5,"utc":"12:27:00","flight":"U2107"},{"day":5,"utc":"21:32:00","flight":"U2031"},{"day":6,"utc":"23:15:00","flight":"U2479"},{"day":6,"utc":"21:09:00","flight":"U2172"},{"day":6,"utc":"08:39:00","flight":"U2338"},{"day":6,"utc":"21:10:00","flight":"U2155"},{"day":6,"utc":"23:00:00","flight":"U2436"}],"distance":3009.5843909936048}