{"id":24489,"type":"route","airline":"F9","airlineid":"airline_2468","sourceairport":"PSP","destinationairport":"DEN","stops":0,"equipment":"319","schedule":[{"day":0,"utc":"18:16:00","flight":"F9694"},{"day":0,"utc":"20:38:00","flight":"F9715"},{"day":1,"utc":"22:10:00","flight":"F9415"},{"day":2,"utc":"05:05:00","flight":"F9069"},{"day":2,"utc":"04:35:00","flight":"F9928"},{"day":3,"utc":"19:25:00","flight":"F9637"},{"day":4,"utc":"19:01:00","flight":"F9645"},{"day":4,"utc":"05:18:00","flight":"F9924"},{"day":4,"utc":"02:46:00","flight":"F9064"},{"day":4,"utc":"09:55:00","flight":"F9455"},{"day":5,"utc":"22:04:00","flight":"F9710"},{"day":5,"utc":"16:26:00","flight":"F9528"},{"day":5,"utc":"06:07:00","flight":"F9596"},{"day":5,"utc":"03:25:00","flight":"F9954"},{"day":5,"utc":"15:30:00","flight":"F9969"},{"day":6,"utc":"05:37:00","flight":"F9662"},{"day":6,"utc":"21:57:00","flight":"F9617"},{"day":6,"utc":"15:13:00","flight":"F9558"},{"day":6,"utc":"18:13:00","flight":"F9742"},{"day":6,"utc":"00:22:00","flight":"F9430"}],"distance":1246.7963402588039}