{"id":63944,"type":"route","airline":"WN","airlineid":"airline_4547","sourceairport":"LAS","destinationairport":"MKE","stops":0,"equipment":"73W 73H","schedule":[{"day":0,"utc":"02:15:00","flight":"WN912"},{"day":0,"utc":"07:01:00","flight":"WN979"},{"day":0,"utc":"09:24:00","flight":"WN613"},{"day":0,"utc":"22:44:00","flight":"WN572"},{"day":1,"utc":"20:22:00","flight":"WN960"},{"day":1,"utc":"04:24:00","flight":"WN577"},{"day":2,"utc":"02:26:00","flight":"WN453"},{"day":2,"utc":"10:15:00","flight":"WN772"},{"day":2,"utc":"18:45:00","flight":"WN523"},{"day":2,"utc":"00:52:00","flight":"WN877"},{"day":3,"utc":"00:52:00","flight":"WN969"},{"day":4,"utc":"07:02:00","flight":"WN587"},{"day":4,"utc":"18:57:00","flight":"WN042"},{"day":4,"utc":"12:22:00","flight":"WN319"},{"day":5,"utc":"17:46:00","flight":"WN471"},{"day":6,"utc":"07:32:00","flight":"WN014"},{"day":6,"utc":"00:31:00","flight":"WN794"},{"day":6,"utc":"12:28:00","flight":"WN924"},{"day":6,"utc":"03:12:00","flight":"WN096"},{"day":6,"utc":"21:55:00","flight":"WN415"}],"distance":2446.9734781379952}