{"title":"Gwynedd","name":"Plas yn Rhiw","alt":null,"address":"Rhiw, Pwllheli, LL53 8AB","directions":null,"phone":"+44 1758 780219","tollfree":null,"email":"plasynrhiw@nationaltrust.org.uk","url":"http://www.nationaltrust.org.uk/plas-yn-rhiw/","hours":null,"image":null,"price":null,"content":"Beautiful, though not large, National Trust property east of [[Aberdaron]]","geo":{"lat":52.823399,"lon":-4.616,"accuracy":"RANGE_INTERPOLATED"},"activity":"see","type":"landmark","id":10622,"country":"United Kingdom","city":"Gwynedd","state":null}