{"id":17994,"type":"route","airline":"CX","airlineid":"airline_1680","sourceairport":"ORD","destinationairport":"ATL","stops":0,"equipment":"CR7","schedule":[{"day":0,"utc":"23:57:00","flight":"CX022"},{"day":0,"utc":"07:15:00","flight":"CX863"},{"day":1,"utc":"18:18:00","flight":"CX271"},{"day":1,"utc":"05:03:00","flight":"CX905"},{"day":1,"utc":"17:00:00","flight":"CX243"},{"day":2,"utc":"20:48:00","flight":"CX348"},{"day":2,"utc":"21:16:00","flight":"CX669"},{"day":2,"utc":"03:48:00","flight":"CX282"},{"day":2,"utc":"18:45:00","flight":"CX938"},{"day":2,"utc":"07:54:00","flight":"CX724"},{"day":3,"utc":"22:46:00","flight":"CX758"},{"day":3,"utc":"15:14:00","flight":"CX341"},{"day":3,"utc":"05:49:00","flight":"CX429"},{"day":3,"utc":"10:03:00","flight":"CX690"},{"day":4,"utc":"09:41:00","flight":"CX104"},{"day":4,"utc":"08:10:00","flight":"CX263"},{"day":4,"utc":"01:18:00","flight":"CX549"},{"day":5,"utc":"16:20:00","flight":"CX566"},{"day":6,"utc":"09:21:00","flight":"CX574"},{"day":6,"utc":"00:18:00","flight":"CX322"},{"day":6,"utc":"10:51:00","flight":"CX897"},{"day":6,"utc":"00:37:00","flight":"CX876"}],"distance":976.3282034488873}