{"id":60000,"type":"route","airline":"US","airlineid":"airline_5265","sourceairport":"PBI","destinationairport":"DFW","stops":0,"equipment":"738","schedule":[{"day":0,"utc":"20:30:00","flight":"US444"},{"day":0,"utc":"20:39:00","flight":"US691"},{"day":0,"utc":"16:18:00","flight":"US221"},{"day":1,"utc":"11:35:00","flight":"US334"},{"day":2,"utc":"10:15:00","flight":"US975"},{"day":3,"utc":"15:59:00","flight":"US483"},{"day":3,"utc":"05:16:00","flight":"US863"},{"day":4,"utc":"14:39:00","flight":"US984"},{"day":4,"utc":"08:55:00","flight":"US606"},{"day":4,"utc":"05:20:00","flight":"US392"},{"day":4,"utc":"08:05:00","flight":"US334"},{"day":5,"utc":"16:04:00","flight":"US498"},{"day":5,"utc":"07:01:00","flight":"US550"},{"day":6,"utc":"23:35:00","flight":"US061"}],"distance":1772.1225551983377}