{"title":"Altrincham","name":"Games Workshop","alt":null,"address":"19 Grafton Street, Altrincham","directions":"Near Goose Green","phone":"+44 161 929-9896","tollfree":null,"email":null,"url":"http://www.games-workshop.com/gws/storelocator/search.jsp?_requestid=1442979#page=details&id=1525194&showGWS=true","hours":null,"image":null,"price":null,"content":"Teenage dreamland!","geo":{"lat":53.38589,"lon":-2.35004,"accuracy":"ROOFTOP"},"activity":"buy","type":"landmark","id":571,"country":"United Kingdom","city":"Altrincham","state":null}