{"id":57631,"type":"route","airline":"UA","airlineid":"airline_5209","sourceairport":"SFO","destinationairport":"BFL","stops":0,"equipment":"EM2","schedule":[{"day":0,"utc":"21:54:00","flight":"UA213"},{"day":0,"utc":"01:56:00","flight":"UA451"},{"day":1,"utc":"09:18:00","flight":"UA933"},{"day":1,"utc":"14:37:00","flight":"UA071"},{"day":1,"utc":"23:22:00","flight":"UA413"},{"day":1,"utc":"03:40:00","flight":"UA898"},{"day":1,"utc":"21:11:00","flight":"UA039"},{"day":2,"utc":"01:17:00","flight":"UA748"},{"day":2,"utc":"02:02:00","flight":"UA127"},{"day":2,"utc":"07:44:00","flight":"UA540"},{"day":2,"utc":"15:46:00","flight":"UA398"},{"day":3,"utc":"03:59:00","flight":"UA807"},{"day":3,"utc":"23:32:00","flight":"UA669"},{"day":3,"utc":"03:59:00","flight":"UA117"},{"day":4,"utc":"04:53:00","flight":"UA996"},{"day":4,"utc":"14:51:00","flight":"UA486"},{"day":4,"utc":"15:24:00","flight":"UA038"},{"day":4,"utc":"20:03:00","flight":"UA017"},{"day":4,"utc":"03:06:00","flight":"UA364"},{"day":5,"utc":"23:22:00","flight":"UA895"},{"day":5,"utc":"01:40:00","flight":"UA148"},{"day":5,"utc":"11:49:00","flight":"UA527"},{"day":5,"utc":"03:38:00","flight":"UA929"},{"day":5,"utc":"18:59:00","flight":"UA055"},{"day":6,"utc":"23:51:00","flight":"UA031"},{"day":6,"utc":"23:40:00","flight":"UA970"}],"distance":383.2999660083466}