{"id":21326,"type":"route","airline":"DL","airlineid":"airline_2009","sourceairport":"MOT","destinationairport":"MSP","stops":0,"equipment":"E75 CRJ CR9 E70","schedule":[{"day":0,"utc":"04:06:00","flight":"DL048"},{"day":0,"utc":"18:40:00","flight":"DL190"},{"day":0,"utc":"00:28:00","flight":"DL699"},{"day":1,"utc":"16:12:00","flight":"DL346"},{"day":2,"utc":"21:53:00","flight":"DL263"},{"day":2,"utc":"00:25:00","flight":"DL293"},{"day":2,"utc":"01:14:00","flight":"DL622"},{"day":2,"utc":"21:21:00","flight":"DL436"},{"day":2,"utc":"04:21:00","flight":"DL533"},{"day":3,"utc":"23:58:00","flight":"DL640"},{"day":4,"utc":"10:52:00","flight":"DL832"},{"day":4,"utc":"08:11:00","flight":"DL870"},{"day":4,"utc":"12:15:00","flight":"DL795"},{"day":5,"utc":"05:37:00","flight":"DL089"},{"day":5,"utc":"07:50:00","flight":"DL771"},{"day":6,"utc":"06:25:00","flight":"DL029"},{"day":6,"utc":"20:17:00","flight":"DL041"}],"distance":720.9046077648541}