{"id":26375,"type":"route","airline":"FR","airlineid":"airline_4296","sourceairport":"CCF","destinationairport":"OPO","stops":0,"equipment":"738","schedule":[{"day":0,"utc":"14:23:00","flight":"FR322"},{"day":0,"utc":"06:15:00","flight":"FR535"},{"day":0,"utc":"20:48:00","flight":"FR586"},{"day":1,"utc":"00:05:00","flight":"FR820"},{"day":1,"utc":"02:06:00","flight":"FR511"},{"day":1,"utc":"00:17:00","flight":"FR960"},{"day":1,"utc":"00:25:00","flight":"FR181"},{"day":2,"utc":"19:07:00","flight":"FR442"},{"day":2,"utc":"16:39:00","flight":"FR357"},{"day":2,"utc":"04:07:00","flight":"FR617"},{"day":2,"utc":"03:56:00","flight":"FR887"},{"day":2,"utc":"06:05:00","flight":"FR226"},{"day":3,"utc":"02:56:00","flight":"FR690"},{"day":3,"utc":"19:48:00","flight":"FR750"},{"day":3,"utc":"16:36:00","flight":"FR031"},{"day":3,"utc":"13:40:00","flight":"FR597"},{"day":4,"utc":"07:29:00","flight":"FR200"},{"day":4,"utc":"14:51:00","flight":"FR094"},{"day":4,"utc":"21:21:00","flight":"FR521"},{"day":4,"utc":"20:25:00","flight":"FR271"},{"day":5,"utc":"15:57:00","flight":"FR643"},{"day":5,"utc":"23:18:00","flight":"FR448"},{"day":5,"utc":"07:08:00","flight":"FR045"},{"day":5,"utc":"03:33:00","flight":"FR802"},{"day":5,"utc":"16:10:00","flight":"FR568"},{"day":6,"utc":"18:50:00","flight":"FR481"},{"day":6,"utc":"04:01:00","flight":"FR287"},{"day":6,"utc":"13:05:00","flight":"FR524"},{"day":6,"utc":"12:53:00","flight":"FR264"},{"day":6,"utc":"05:48:00","flight":"FR011"}],"distance":929.9687755302963}