{"id":59290,"type":"route","airline":"US","airlineid":"airline_5265","sourceairport":"GCM","destinationairport":"PHL","stops":0,"equipment":"319","schedule":[{"day":0,"utc":"00:52:00","flight":"US003"},{"day":0,"utc":"19:42:00","flight":"US982"},{"day":0,"utc":"08:44:00","flight":"US379"},{"day":0,"utc":"02:07:00","flight":"US705"},{"day":0,"utc":"20:27:00","flight":"US515"},{"day":1,"utc":"17:26:00","flight":"US800"},{"day":2,"utc":"16:43:00","flight":"US862"},{"day":2,"utc":"14:20:00","flight":"US834"},{"day":3,"utc":"02:42:00","flight":"US854"},{"day":3,"utc":"14:09:00","flight":"US119"},{"day":3,"utc":"14:50:00","flight":"US125"},{"day":3,"utc":"18:14:00","flight":"US796"},{"day":3,"utc":"08:28:00","flight":"US707"},{"day":4,"utc":"11:09:00","flight":"US999"},{"day":5,"utc":"03:43:00","flight":"US624"},{"day":5,"utc":"13:55:00","flight":"US854"},{"day":6,"utc":"15:37:00","flight":"US355"},{"day":6,"utc":"18:19:00","flight":"US178"},{"day":6,"utc":"14:38:00","flight":"US947"},{"day":6,"utc":"15:24:00","flight":"US149"},{"day":6,"utc":"23:48:00","flight":"US132"}],"distance":2361.9125803622615}