{"title":"San Francisco/The Avenues","name":"San Francisco Botanical Gardens","alt":"formerly the Strybing Arboretum","address":"main entrance on 9th Avenue just north of Lincoln Way, secondary entrance at the Friend Gate at MLK Drive and Hagiwara Tea Garden Drive","directions":null,"phone":"+1 415 564-3239","tollfree":null,"email":null,"url":"http://www.sfbotanicalgarden.org","hours":"M-F 8AM-4:30PM, Sa-Su and Holidays 10AM-5PM","image":null,"price":"Free","content":"One of the largest botanical gardens on the west coast, the Botanical Gardens cover 55 acres with thousands of varieties of plants from around the world and multiple specialized gardens and miles of trails (seriously, the place is huge). One of the most unique attractions is the Redwood Trail, which runs through a naturalistic redwood forest reminiscent of the ones north of San Francisco along the Californian coast. There is also a bookstore and library on the premises, near the main entrance. Free guided tours of the gardens depart from the bookstore daily at 1:30PM with an extra tour on the weekends at 10:30AM. On Wednesdays, Fridays and Sundays another free tour departs from the Friend Gate at 2PM.","geo":{"lat":37.7671,"lon":-122.4705,"accuracy":"ROOFTOP"},"activity":"see","type":"landmark","id":26069,"country":"United States","city":"San Francisco","state":"California"}