{"id":8990,"type":"route","airline":"AF","airlineid":"airline_137","sourceairport":"AMS","destinationairport":"AUH","stops":0,"equipment":"332","schedule":[{"day":0,"utc":"04:43:00","flight":"AF154"},{"day":0,"utc":"04:54:00","flight":"AF187"},{"day":0,"utc":"09:48:00","flight":"AF628"},{"day":0,"utc":"04:38:00","flight":"AF980"},{"day":1,"utc":"17:33:00","flight":"AF529"},{"day":1,"utc":"21:29:00","flight":"AF707"},{"day":2,"utc":"19:50:00","flight":"AF897"},{"day":2,"utc":"22:58:00","flight":"AF913"},{"day":3,"utc":"14:41:00","flight":"AF904"},{"day":3,"utc":"03:00:00","flight":"AF809"},{"day":3,"utc":"23:06:00","flight":"AF251"},{"day":3,"utc":"01:08:00","flight":"AF490"},{"day":4,"utc":"11:17:00","flight":"AF244"},{"day":4,"utc":"13:19:00","flight":"AF356"},{"day":5,"utc":"05:28:00","flight":"AF184"},{"day":5,"utc":"16:18:00","flight":"AF178"},{"day":5,"utc":"20:14:00","flight":"AF544"},{"day":5,"utc":"12:04:00","flight":"AF218"},{"day":5,"utc":"10:26:00","flight":"AF356"},{"day":6,"utc":"19:51:00","flight":"AF594"}],"distance":5191.569419292432}