{"title":"San Francisco/Bernal Heights","name":"Zante Pizza","alt":null,"address":"3489 Mission St","directions":"at Cortland","phone":"+1 415 821-3949","tollfree":null,"email":null,"url":"http://www.zantespizza.com","hours":"11AM-3PM, 5PM-11PM daily","image":null,"price":null,"content":"Indian pizza! Need we say more?","geo":{"lat":37.74109,"lon":-122.42256,"accuracy":"RANGE_INTERPOLATED"},"activity":"eat","type":"landmark","id":25350,"country":"United States","city":"San Francisco","state":"California"}