{"id":46587,"type":"route","airline":"Q5","airlineid":"airline_10","sourceairport":"HKB","destinationairport":"FAI","stops":0,"equipment":"CNA","schedule":[{"day":0,"utc":"17:00:00","flight":"Q5492"},{"day":0,"utc":"09:44:00","flight":"Q5357"},{"day":0,"utc":"00:01:00","flight":"Q5873"},{"day":1,"utc":"00:59:00","flight":"Q5171"},{"day":1,"utc":"10:57:00","flight":"Q5047"},{"day":1,"utc":"14:51:00","flight":"Q5889"},{"day":1,"utc":"18:36:00","flight":"Q5272"},{"day":2,"utc":"21:30:00","flight":"Q5673"},{"day":3,"utc":"20:01:00","flight":"Q5381"},{"day":4,"utc":"18:37:00","flight":"Q5261"},{"day":5,"utc":"23:43:00","flight":"Q5755"},{"day":5,"utc":"16:04:00","flight":"Q5544"},{"day":6,"utc":"10:46:00","flight":"Q5400"},{"day":6,"utc":"13:53:00","flight":"Q5963"},{"day":6,"utc":"03:03:00","flight":"Q5195"},{"day":6,"utc":"22:58:00","flight":"Q5653"}],"distance":118.20183585107631}