{"id":20022,"type":"route","airline":"DL","airlineid":"airline_2009","sourceairport":"AGS","destinationairport":"ATL","stops":0,"equipment":"M88 717","schedule":[{"day":0,"utc":"19:12:00","flight":"DL989"},{"day":0,"utc":"15:57:00","flight":"DL327"},{"day":0,"utc":"13:01:00","flight":"DL303"},{"day":0,"utc":"12:52:00","flight":"DL562"},{"day":1,"utc":"00:05:00","flight":"DL192"},{"day":1,"utc":"06:52:00","flight":"DL123"},{"day":1,"utc":"22:44:00","flight":"DL402"},{"day":2,"utc":"09:03:00","flight":"DL454"},{"day":2,"utc":"20:07:00","flight":"DL805"},{"day":2,"utc":"03:56:00","flight":"DL131"},{"day":3,"utc":"19:39:00","flight":"DL703"},{"day":3,"utc":"08:09:00","flight":"DL267"},{"day":3,"utc":"22:39:00","flight":"DL377"},{"day":3,"utc":"22:46:00","flight":"DL501"},{"day":4,"utc":"05:30:00","flight":"DL944"},{"day":4,"utc":"15:20:00","flight":"DL525"},{"day":4,"utc":"06:54:00","flight":"DL887"},{"day":5,"utc":"00:37:00","flight":"DL033"},{"day":5,"utc":"07:53:00","flight":"DL209"},{"day":6,"utc":"05:06:00","flight":"DL035"}],"distance":230.3349911359818}