{"id":27972,"type":"route","airline":"FR","airlineid":"airline_4296","sourceairport":"STN","destinationairport":"TRF","stops":0,"equipment":"738","schedule":[{"day":0,"utc":"04:21:00","flight":"FR468"},{"day":0,"utc":"20:02:00","flight":"FR678"},{"day":1,"utc":"07:33:00","flight":"FR974"},{"day":1,"utc":"19:42:00","flight":"FR489"},{"day":1,"utc":"00:59:00","flight":"FR593"},{"day":1,"utc":"19:11:00","flight":"FR975"},{"day":2,"utc":"03:11:00","flight":"FR192"},{"day":2,"utc":"20:31:00","flight":"FR849"},{"day":3,"utc":"06:34:00","flight":"FR496"},{"day":3,"utc":"02:53:00","flight":"FR138"},{"day":3,"utc":"16:20:00","flight":"FR176"},{"day":3,"utc":"23:03:00","flight":"FR918"},{"day":4,"utc":"09:32:00","flight":"FR656"},{"day":4,"utc":"15:07:00","flight":"FR717"},{"day":5,"utc":"17:00:00","flight":"FR168"},{"day":5,"utc":"00:20:00","flight":"FR812"},{"day":6,"utc":"09:26:00","flight":"FR370"},{"day":6,"utc":"06:38:00","flight":"FR582"}],"distance":1025.8469739930997}