{"id":56889,"type":"route","airline":"UA","airlineid":"airline_5209","sourceairport":"JAC","destinationairport":"DEN","stops":0,"equipment":"319","schedule":[{"day":0,"utc":"07:48:00","flight":"UA401"},{"day":1,"utc":"10:03:00","flight":"UA310"},{"day":1,"utc":"23:22:00","flight":"UA310"},{"day":1,"utc":"19:39:00","flight":"UA347"},{"day":1,"utc":"18:28:00","flight":"UA532"},{"day":1,"utc":"06:49:00","flight":"UA123"},{"day":2,"utc":"07:25:00","flight":"UA993"},{"day":2,"utc":"21:50:00","flight":"UA478"},{"day":2,"utc":"11:14:00","flight":"UA468"},{"day":3,"utc":"14:16:00","flight":"UA659"},{"day":3,"utc":"18:19:00","flight":"UA662"},{"day":3,"utc":"13:40:00","flight":"UA198"},{"day":3,"utc":"13:30:00","flight":"UA619"},{"day":4,"utc":"02:56:00","flight":"UA274"},{"day":4,"utc":"04:31:00","flight":"UA777"},{"day":5,"utc":"02:02:00","flight":"UA649"},{"day":5,"utc":"15:28:00","flight":"UA255"},{"day":6,"utc":"00:26:00","flight":"UA992"},{"day":6,"utc":"16:31:00","flight":"UA504"},{"day":6,"utc":"11:09:00","flight":"UA448"},{"day":6,"utc":"05:44:00","flight":"UA959"}],"distance":652.9146536394068}