{"id":12387,"type":"route","airline":"AV","airlineid":"airline_515","sourceairport":"CTG","destinationairport":"MIA","stops":0,"equipment":"318 320","schedule":[{"day":0,"utc":"08:52:00","flight":"AV036"},{"day":0,"utc":"07:08:00","flight":"AV667"},{"day":1,"utc":"05:09:00","flight":"AV416"},{"day":1,"utc":"06:29:00","flight":"AV877"},{"day":1,"utc":"08:50:00","flight":"AV809"},{"day":1,"utc":"06:55:00","flight":"AV849"},{"day":2,"utc":"04:30:00","flight":"AV823"},{"day":2,"utc":"04:21:00","flight":"AV565"},{"day":2,"utc":"08:00:00","flight":"AV480"},{"day":2,"utc":"22:02:00","flight":"AV813"},{"day":3,"utc":"19:21:00","flight":"AV919"},{"day":3,"utc":"15:53:00","flight":"AV415"},{"day":3,"utc":"11:59:00","flight":"AV610"},{"day":3,"utc":"19:51:00","flight":"AV188"},{"day":4,"utc":"15:55:00","flight":"AV550"},{"day":4,"utc":"05:30:00","flight":"AV258"},{"day":4,"utc":"14:59:00","flight":"AV720"},{"day":4,"utc":"05:20:00","flight":"AV623"},{"day":4,"utc":"21:25:00","flight":"AV591"},{"day":5,"utc":"11:19:00","flight":"AV727"},{"day":5,"utc":"17:16:00","flight":"AV833"},{"day":5,"utc":"05:52:00","flight":"AV012"},{"day":6,"utc":"02:50:00","flight":"AV456"},{"day":6,"utc":"07:24:00","flight":"AV126"},{"day":6,"utc":"10:39:00","flight":"AV777"},{"day":6,"utc":"07:53:00","flight":"AV461"}],"distance":1779.4759349887634}