{"id":10201,"type":"route","airline":"AH","airlineid":"airline_794","sourceairport":"MRS","destinationairport":"AAE","stops":0,"equipment":"738","schedule":[{"day":0,"utc":"19:41:00","flight":"AH184"},{"day":1,"utc":"00:14:00","flight":"AH346"},{"day":1,"utc":"13:37:00","flight":"AH086"},{"day":2,"utc":"14:39:00","flight":"AH366"},{"day":3,"utc":"00:53:00","flight":"AH170"},{"day":4,"utc":"11:24:00","flight":"AH526"},{"day":4,"utc":"22:58:00","flight":"AH794"},{"day":4,"utc":"10:20:00","flight":"AH737"},{"day":4,"utc":"12:00:00","flight":"AH791"},{"day":4,"utc":"10:06:00","flight":"AH205"},{"day":5,"utc":"12:41:00","flight":"AH756"},{"day":5,"utc":"23:45:00","flight":"AH957"},{"day":5,"utc":"20:10:00","flight":"AH739"},{"day":5,"utc":"13:37:00","flight":"AH749"},{"day":6,"utc":"07:14:00","flight":"AH553"},{"day":6,"utc":"04:05:00","flight":"AH707"},{"day":6,"utc":"09:25:00","flight":"AH195"},{"day":6,"utc":"02:34:00","flight":"AH256"}],"distance":767.6526005881392}