{"id":54508,"type":"route","airline":"U2","airlineid":"airline_2297","sourceairport":"BJV","destinationairport":"EDI","stops":0,"equipment":"320","schedule":[{"day":0,"utc":"16:16:00","flight":"U2050"},{"day":0,"utc":"07:11:00","flight":"U2070"},{"day":0,"utc":"09:03:00","flight":"U2950"},{"day":1,"utc":"11:42:00","flight":"U2084"},{"day":2,"utc":"12:44:00","flight":"U2714"},{"day":2,"utc":"15:47:00","flight":"U2192"},{"day":3,"utc":"07:58:00","flight":"U2985"},{"day":3,"utc":"12:53:00","flight":"U2118"},{"day":3,"utc":"22:52:00","flight":"U2184"},{"day":3,"utc":"04:59:00","flight":"U2668"},{"day":3,"utc":"01:46:00","flight":"U2316"},{"day":4,"utc":"23:41:00","flight":"U2791"},{"day":4,"utc":"09:42:00","flight":"U2398"},{"day":5,"utc":"12:58:00","flight":"U2312"},{"day":5,"utc":"15:56:00","flight":"U2485"},{"day":5,"utc":"12:26:00","flight":"U2196"},{"day":5,"utc":"05:26:00","flight":"U2742"},{"day":5,"utc":"11:52:00","flight":"U2203"},{"day":6,"utc":"17:40:00","flight":"U2066"},{"day":6,"utc":"07:20:00","flight":"U2336"},{"day":6,"utc":"17:09:00","flight":"U2898"}],"distance":3107.506547259503}