{"id":59443,"type":"route","airline":"US","airlineid":"airline_5265","sourceairport":"JFK","destinationairport":"MCO","stops":0,"equipment":"763 757","schedule":[{"day":0,"utc":"16:58:00","flight":"US334"},{"day":0,"utc":"17:38:00","flight":"US792"},{"day":1,"utc":"03:53:00","flight":"US780"},{"day":1,"utc":"09:45:00","flight":"US732"},{"day":1,"utc":"13:19:00","flight":"US008"},{"day":2,"utc":"18:09:00","flight":"US145"},{"day":2,"utc":"21:05:00","flight":"US767"},{"day":2,"utc":"18:28:00","flight":"US096"},{"day":2,"utc":"00:12:00","flight":"US103"},{"day":2,"utc":"17:19:00","flight":"US613"},{"day":3,"utc":"17:56:00","flight":"US423"},{"day":3,"utc":"10:39:00","flight":"US403"},{"day":4,"utc":"03:33:00","flight":"US075"},{"day":4,"utc":"03:16:00","flight":"US251"},{"day":4,"utc":"19:33:00","flight":"US174"},{"day":4,"utc":"00:29:00","flight":"US244"},{"day":5,"utc":"09:17:00","flight":"US241"},{"day":5,"utc":"04:19:00","flight":"US333"},{"day":6,"utc":"00:38:00","flight":"US282"},{"day":6,"utc":"10:49:00","flight":"US045"},{"day":6,"utc":"00:58:00","flight":"US174"}],"distance":1521.3831194901231}