{"title":"Carlisle","name":"Carlisle Castle","alt":null,"address":"Castle Way, CA3 8UR","directions":"Carlisle city centre","phone":"+44 1228 591922","tollfree":null,"email":null,"url":"http://www.english-heritage.org.uk/daysout/properties/carlisle-castle/","hours":null,"image":null,"price":"adults £5.70, children £3.40, concessions £5.10","content":"Carlisle Castle was first established in 1093 by an English king, William II, and has guarded the border area for 900 years.","geo":{"lat":54.897588,"lon":-2.941205,"accuracy":"ROOFTOP"},"activity":"see","type":"landmark","id":5087,"country":"United Kingdom","city":"The Castle","state":null}