{"id":43367,"type":"route","airline":"NK","airlineid":"airline_4687","sourceairport":"DFW","destinationairport":"BOS","stops":0,"equipment":"319","schedule":[{"day":0,"utc":"01:06:00","flight":"NK603"},{"day":0,"utc":"01:15:00","flight":"NK390"},{"day":1,"utc":"20:54:00","flight":"NK467"},{"day":1,"utc":"14:36:00","flight":"NK370"},{"day":1,"utc":"02:00:00","flight":"NK016"},{"day":2,"utc":"01:32:00","flight":"NK908"},{"day":2,"utc":"18:56:00","flight":"NK171"},{"day":2,"utc":"13:54:00","flight":"NK895"},{"day":3,"utc":"18:51:00","flight":"NK065"},{"day":3,"utc":"18:42:00","flight":"NK066"},{"day":3,"utc":"19:29:00","flight":"NK054"},{"day":4,"utc":"00:51:00","flight":"NK208"},{"day":4,"utc":"10:52:00","flight":"NK587"},{"day":5,"utc":"23:54:00","flight":"NK419"},{"day":5,"utc":"00:32:00","flight":"NK433"},{"day":5,"utc":"14:32:00","flight":"NK831"},{"day":5,"utc":"08:46:00","flight":"NK072"},{"day":5,"utc":"16:06:00","flight":"NK768"},{"day":6,"utc":"18:04:00","flight":"NK574"},{"day":6,"utc":"13:47:00","flight":"NK640"},{"day":6,"utc":"05:06:00","flight":"NK704"},{"day":6,"utc":"16:01:00","flight":"NK469"},{"day":6,"utc":"06:15:00","flight":"NK221"}],"distance":2509.2701265438254}