{"id":39487,"type":"route","airline":"LS","airlineid":"airline_3026","sourceairport":"PSA","destinationairport":"NCL","stops":0,"equipment":"733","schedule":[{"day":0,"utc":"05:59:00","flight":"LS044"},{"day":0,"utc":"01:30:00","flight":"LS409"},{"day":1,"utc":"10:12:00","flight":"LS555"},{"day":1,"utc":"04:22:00","flight":"LS009"},{"day":1,"utc":"01:15:00","flight":"LS371"},{"day":1,"utc":"18:01:00","flight":"LS574"},{"day":2,"utc":"20:18:00","flight":"LS020"},{"day":2,"utc":"17:27:00","flight":"LS796"},{"day":2,"utc":"21:47:00","flight":"LS369"},{"day":3,"utc":"23:56:00","flight":"LS401"},{"day":4,"utc":"09:04:00","flight":"LS726"},{"day":4,"utc":"03:09:00","flight":"LS777"},{"day":4,"utc":"07:06:00","flight":"LS105"},{"day":5,"utc":"06:18:00","flight":"LS315"},{"day":5,"utc":"12:50:00","flight":"LS911"},{"day":5,"utc":"10:55:00","flight":"LS635"},{"day":5,"utc":"23:33:00","flight":"LS977"},{"day":5,"utc":"02:39:00","flight":"LS285"},{"day":6,"utc":"02:31:00","flight":"LS371"},{"day":6,"utc":"23:54:00","flight":"LS005"},{"day":6,"utc":"08:53:00","flight":"LS636"},{"day":6,"utc":"02:35:00","flight":"LS621"}],"distance":1531.4508265058091}