{"id":28941,"type":"route","airline":"G4","airlineid":"airline_35","sourceairport":"EUG","destinationairport":"LAS","stops":0,"equipment":"M80","schedule":[{"day":0,"utc":"16:36:00","flight":"G4169"},{"day":0,"utc":"23:14:00","flight":"G4794"},{"day":0,"utc":"12:54:00","flight":"G4367"},{"day":0,"utc":"03:28:00","flight":"G4491"},{"day":0,"utc":"19:11:00","flight":"G4332"},{"day":1,"utc":"01:13:00","flight":"G4587"},{"day":1,"utc":"23:57:00","flight":"G4100"},{"day":1,"utc":"22:31:00","flight":"G4146"},{"day":1,"utc":"02:10:00","flight":"G4859"},{"day":2,"utc":"02:30:00","flight":"G4449"},{"day":2,"utc":"22:01:00","flight":"G4793"},{"day":3,"utc":"22:03:00","flight":"G4814"},{"day":4,"utc":"04:45:00","flight":"G4600"},{"day":4,"utc":"10:10:00","flight":"G4998"},{"day":4,"utc":"07:11:00","flight":"G4036"},{"day":5,"utc":"21:25:00","flight":"G4548"},{"day":5,"utc":"09:00:00","flight":"G4349"},{"day":5,"utc":"07:03:00","flight":"G4303"},{"day":5,"utc":"17:41:00","flight":"G4165"},{"day":6,"utc":"01:14:00","flight":"G4261"},{"day":6,"utc":"19:45:00","flight":"G4508"}],"distance":1125.7527833930412}