{"id":57518,"type":"route","airline":"UA","airlineid":"airline_5209","sourceairport":"PVG","destinationairport":"ORD","stops":0,"equipment":"744","schedule":[{"day":0,"utc":"21:27:00","flight":"UA946"},{"day":1,"utc":"18:22:00","flight":"UA928"},{"day":2,"utc":"08:17:00","flight":"UA439"},{"day":2,"utc":"02:15:00","flight":"UA173"},{"day":3,"utc":"04:31:00","flight":"UA238"},{"day":3,"utc":"08:25:00","flight":"UA631"},{"day":3,"utc":"20:48:00","flight":"UA174"},{"day":3,"utc":"02:50:00","flight":"UA349"},{"day":3,"utc":"21:38:00","flight":"UA663"},{"day":4,"utc":"13:58:00","flight":"UA903"},{"day":4,"utc":"20:29:00","flight":"UA463"},{"day":4,"utc":"06:40:00","flight":"UA186"},{"day":4,"utc":"13:08:00","flight":"UA435"},{"day":4,"utc":"18:05:00","flight":"UA701"},{"day":5,"utc":"11:21:00","flight":"UA288"},{"day":6,"utc":"23:43:00","flight":"UA565"}],"distance":11333.966061505227}