{"id":38500,"type":"route","airline":"LH","airlineid":"airline_3320","sourceairport":"LHR","destinationairport":"YHZ","stops":0,"equipment":"763","schedule":[{"day":0,"utc":"05:21:00","flight":"LH246"},{"day":0,"utc":"06:30:00","flight":"LH214"},{"day":0,"utc":"03:45:00","flight":"LH246"},{"day":0,"utc":"00:42:00","flight":"LH209"},{"day":0,"utc":"02:55:00","flight":"LH442"},{"day":1,"utc":"23:58:00","flight":"LH461"},{"day":1,"utc":"09:29:00","flight":"LH371"},{"day":1,"utc":"02:18:00","flight":"LH983"},{"day":2,"utc":"07:51:00","flight":"LH797"},{"day":3,"utc":"04:28:00","flight":"LH138"},{"day":3,"utc":"01:08:00","flight":"LH381"},{"day":3,"utc":"01:23:00","flight":"LH089"},{"day":3,"utc":"01:20:00","flight":"LH118"},{"day":3,"utc":"18:58:00","flight":"LH687"},{"day":4,"utc":"08:51:00","flight":"LH011"},{"day":4,"utc":"13:55:00","flight":"LH709"},{"day":4,"utc":"16:31:00","flight":"LH269"},{"day":4,"utc":"10:58:00","flight":"LH942"},{"day":4,"utc":"02:58:00","flight":"LH274"},{"day":5,"utc":"06:27:00","flight":"LH900"},{"day":5,"utc":"02:30:00","flight":"LH079"},{"day":6,"utc":"01:41:00","flight":"LH572"},{"day":6,"utc":"21:19:00","flight":"LH191"}],"distance":4584.351026866483}