{"id":57261,"type":"route","airline":"UA","airlineid":"airline_5209","sourceairport":"ORD","destinationairport":"AVL","stops":0,"equipment":"CRJ","schedule":[{"day":0,"utc":"20:40:00","flight":"UA771"},{"day":1,"utc":"10:56:00","flight":"UA253"},{"day":2,"utc":"12:46:00","flight":"UA012"},{"day":2,"utc":"05:48:00","flight":"UA944"},{"day":2,"utc":"08:38:00","flight":"UA339"},{"day":2,"utc":"05:50:00","flight":"UA189"},{"day":3,"utc":"08:14:00","flight":"UA601"},{"day":4,"utc":"04:00:00","flight":"UA392"},{"day":5,"utc":"05:09:00","flight":"UA570"},{"day":5,"utc":"19:18:00","flight":"UA354"},{"day":5,"utc":"10:55:00","flight":"UA391"},{"day":5,"utc":"12:03:00","flight":"UA640"},{"day":5,"utc":"09:49:00","flight":"UA356"},{"day":6,"utc":"02:25:00","flight":"UA947"},{"day":6,"utc":"08:45:00","flight":"UA813"},{"day":6,"utc":"10:58:00","flight":"UA549"},{"day":6,"utc":"06:11:00","flight":"UA668"},{"day":6,"utc":"00:49:00","flight":"UA885"}],"distance":863.1545907984946}