{"title":"San Diego/La Jolla","name":"The Lodge at Torrey Pines","address":"11480 N Torrey Pines Rd","directions":null,"phone":"+1 858 453-4420","tollfree":null,"email":null,"fax":null,"url":"http://www.lodgetorreypines.com/","checkin":null,"checkout":null,"price":"$400-650","geo":{"lat":32.9033,"lon":-117.24456,"accuracy":"ROOFTOP"},"type":"hotel","id":25200,"country":"United States","city":"San Diego","state":"California","reviews":[{"content":"We stayed here for two nights preceeding a Caravan Tour. We arrived almost two full days prior to the tour beginning, so we were looking for things to do. The manager on duty was very helpful and pleasant. While we did not find Phoenix very interesting, the hotel was very nice!","ratings":{"Service":5.0,"Cleanliness":4.0,"Overall":5.0,"Value":3.0,"Location":4.0,"Rooms":5.0},"author":"Davon Cremin","date":"2015-07-15 11:34:55 +0300"}],"public_likes":["Antwan Ratke","Allene Ebert","Delilah Beahan","Brandy O'Conner","Hayley DuBuque","Jordi Dietrich"],"vacancy":false,"description":"Rustic alpine-style hotel adjacent to the PGA Championship Torrey Pines Golf Corse. This is a high-end resort and spa. The A. R. Valentien restaurant, named for the California artist, overlooks the 18th hole of the Torrey Pines golf course. Works by Valentien are on exhibit throughout the dining room.","alias":null,"pets_ok":true,"free_breakfast":true,"free_internet":false,"free_parking":false}