{"title":"San Diego/Balboa Park-Hillcrest","name":"San Diego Museum of Man","alt":null,"address":"1350 El Prado","directions":null,"phone":"+1 619 239-2001","tollfree":null,"email":null,"url":"http://www.museumofman.org/","hours":"Daily 10AM-4:30PM","image":null,"price":"$12.50 adults, $10 seniors/military $8 students, $5 children, free for children under 3","content":"Located beneath the majestic California Tower near the Cabrillo Bridge, the Museum of Man is an institution devoted entirely to anthropology. The museum's permanent collection includes exhibits on the Mayan, ancient Egypt, the Kumeyaay Indians of San Diego County, Human Evolution, and the Human Life Cycle, with some incredible displays such as mummies, ancient artifacts from prehistoric cultures, and replicas of ancient monuments.","geo":{"lat":32.73171,"lon":-117.15231,"accuracy":"ROOFTOP"},"activity":"see","type":"landmark","id":25096,"country":"United States","city":"San Diego","state":"California"}