{"id":36375,"type":"route","airline":"KL","airlineid":"airline_3090","sourceairport":"ATL","destinationairport":"GDL","stops":0,"equipment":"320","schedule":[{"day":0,"utc":"17:28:00","flight":"KL811"},{"day":0,"utc":"12:57:00","flight":"KL890"},{"day":0,"utc":"06:31:00","flight":"KL302"},{"day":1,"utc":"16:44:00","flight":"KL164"},{"day":1,"utc":"14:47:00","flight":"KL605"},{"day":1,"utc":"11:21:00","flight":"KL403"},{"day":1,"utc":"05:19:00","flight":"KL041"},{"day":1,"utc":"00:11:00","flight":"KL462"},{"day":2,"utc":"19:17:00","flight":"KL430"},{"day":2,"utc":"07:39:00","flight":"KL945"},{"day":2,"utc":"13:25:00","flight":"KL488"},{"day":2,"utc":"19:36:00","flight":"KL926"},{"day":2,"utc":"22:14:00","flight":"KL589"},{"day":3,"utc":"07:40:00","flight":"KL915"},{"day":3,"utc":"00:13:00","flight":"KL867"},{"day":3,"utc":"01:07:00","flight":"KL399"},{"day":4,"utc":"01:16:00","flight":"KL159"},{"day":5,"utc":"20:13:00","flight":"KL801"},{"day":5,"utc":"01:48:00","flight":"KL566"},{"day":5,"utc":"20:07:00","flight":"KL998"},{"day":5,"utc":"12:30:00","flight":"KL754"},{"day":6,"utc":"20:10:00","flight":"KL878"},{"day":6,"utc":"07:30:00","flight":"KL889"},{"day":6,"utc":"07:04:00","flight":"KL918"}],"distance":2363.8657134537975}