{"title":"Southampton","name":"Calshot Castle","alt":null,"address":"Calshot Road, Calshot, SO45 1BR","directions":"20 miles south of Southampton","phone":"+44 2380 892023","tollfree":null,"email":null,"url":"http://www.english-heritage.org.uk/daysout/properties/calshot-castle/","hours":null,"image":null,"price":"adults £3.00, children £2.10, concessions £2.10","content":"An artillery fort, built by Henry VIII.","geo":{"lat":50.818258,"lon":-1.307462,"accuracy":"APPROXIMATE"},"activity":"see","type":"landmark","id":28077,"country":"United Kingdom","city":"Calshot","state":null}