{"id":32418,"type":"route","airline":"IB","airlineid":"airline_2822","sourceairport":"CDG","destinationairport":"JFK","stops":0,"equipment":"763 757","schedule":[{"day":0,"utc":"22:45:00","flight":"IB926"},{"day":0,"utc":"20:15:00","flight":"IB175"},{"day":1,"utc":"04:27:00","flight":"IB900"},{"day":1,"utc":"20:45:00","flight":"IB047"},{"day":2,"utc":"08:49:00","flight":"IB738"},{"day":2,"utc":"15:01:00","flight":"IB043"},{"day":2,"utc":"12:26:00","flight":"IB921"},{"day":2,"utc":"09:53:00","flight":"IB548"},{"day":2,"utc":"03:21:00","flight":"IB269"},{"day":3,"utc":"19:03:00","flight":"IB523"},{"day":3,"utc":"21:31:00","flight":"IB090"},{"day":3,"utc":"06:18:00","flight":"IB050"},{"day":4,"utc":"18:33:00","flight":"IB569"},{"day":4,"utc":"22:09:00","flight":"IB253"},{"day":4,"utc":"19:47:00","flight":"IB014"},{"day":4,"utc":"08:35:00","flight":"IB006"},{"day":4,"utc":"17:57:00","flight":"IB499"},{"day":5,"utc":"03:55:00","flight":"IB328"},{"day":5,"utc":"01:04:00","flight":"IB223"},{"day":5,"utc":"07:48:00","flight":"IB154"},{"day":5,"utc":"12:12:00","flight":"IB015"},{"day":5,"utc":"19:25:00","flight":"IB164"},{"day":6,"utc":"09:26:00","flight":"IB079"}],"distance":5833.655549251485}