{"id":5834,"type":"route","airline":"AA","airlineid":"airline_24","sourceairport":"LHR","destinationairport":"EBB","stops":0,"equipment":"767","schedule":[{"day":0,"utc":"13:02:00","flight":"AA250"},{"day":1,"utc":"10:48:00","flight":"AA570"},{"day":1,"utc":"12:03:00","flight":"AA883"},{"day":2,"utc":"09:52:00","flight":"AA165"},{"day":2,"utc":"17:44:00","flight":"AA357"},{"day":2,"utc":"01:43:00","flight":"AA106"},{"day":3,"utc":"13:34:00","flight":"AA074"},{"day":3,"utc":"23:57:00","flight":"AA701"},{"day":3,"utc":"02:02:00","flight":"AA185"},{"day":3,"utc":"20:03:00","flight":"AA813"},{"day":4,"utc":"16:52:00","flight":"AA337"},{"day":4,"utc":"20:37:00","flight":"AA625"},{"day":5,"utc":"20:55:00","flight":"AA908"},{"day":5,"utc":"05:25:00","flight":"AA628"},{"day":6,"utc":"23:52:00","flight":"AA529"},{"day":6,"utc":"07:11:00","flight":"AA457"},{"day":6,"utc":"18:49:00","flight":"AA413"},{"day":6,"utc":"00:13:00","flight":"AA485"},{"day":6,"utc":"13:19:00","flight":"AA664"}],"distance":6497.541841885163}