{"id":60515,"type":"route","airline":"US","airlineid":"airline_5265","sourceairport":"YYZ","destinationairport":"CLT","stops":0,"equipment":"E75 CRJ","schedule":[{"day":0,"utc":"09:20:00","flight":"US598"},{"day":0,"utc":"07:06:00","flight":"US760"},{"day":0,"utc":"02:55:00","flight":"US233"},{"day":0,"utc":"10:27:00","flight":"US833"},{"day":1,"utc":"20:25:00","flight":"US983"},{"day":1,"utc":"22:41:00","flight":"US159"},{"day":2,"utc":"21:07:00","flight":"US426"},{"day":2,"utc":"06:05:00","flight":"US453"},{"day":3,"utc":"16:10:00","flight":"US718"},{"day":3,"utc":"01:08:00","flight":"US119"},{"day":3,"utc":"03:52:00","flight":"US681"},{"day":3,"utc":"12:50:00","flight":"US208"},{"day":3,"utc":"10:20:00","flight":"US288"},{"day":4,"utc":"16:52:00","flight":"US558"},{"day":4,"utc":"03:14:00","flight":"US088"},{"day":5,"utc":"07:35:00","flight":"US481"},{"day":5,"utc":"13:00:00","flight":"US650"},{"day":6,"utc":"01:02:00","flight":"US598"},{"day":6,"utc":"19:07:00","flight":"US683"},{"day":6,"utc":"19:28:00","flight":"US881"}],"distance":947.7557120470861}