{"id":59044,"type":"route","airline":"US","airlineid":"airline_5265","sourceairport":"DFW","destinationairport":"COU","stops":0,"equipment":"ER4 ERD","schedule":[{"day":0,"utc":"23:10:00","flight":"US817"},{"day":0,"utc":"16:24:00","flight":"US844"},{"day":0,"utc":"21:54:00","flight":"US606"},{"day":1,"utc":"19:07:00","flight":"US723"},{"day":1,"utc":"06:21:00","flight":"US928"},{"day":1,"utc":"13:29:00","flight":"US673"},{"day":1,"utc":"06:59:00","flight":"US202"},{"day":2,"utc":"21:24:00","flight":"US760"},{"day":2,"utc":"15:05:00","flight":"US111"},{"day":2,"utc":"03:13:00","flight":"US419"},{"day":2,"utc":"01:47:00","flight":"US151"},{"day":2,"utc":"22:30:00","flight":"US398"},{"day":3,"utc":"19:51:00","flight":"US838"},{"day":3,"utc":"22:04:00","flight":"US105"},{"day":4,"utc":"04:32:00","flight":"US679"},{"day":4,"utc":"10:21:00","flight":"US569"},{"day":4,"utc":"05:26:00","flight":"US090"},{"day":4,"utc":"14:21:00","flight":"US979"},{"day":4,"utc":"05:11:00","flight":"US764"},{"day":5,"utc":"03:10:00","flight":"US138"},{"day":5,"utc":"20:53:00","flight":"US402"},{"day":5,"utc":"01:18:00","flight":"US436"},{"day":5,"utc":"02:58:00","flight":"US769"},{"day":5,"utc":"15:37:00","flight":"US167"},{"day":6,"utc":"20:35:00","flight":"US818"}],"distance":788.4168838844412}