{"id":59228,"type":"route","airline":"US","airlineid":"airline_5265","sourceairport":"ELP","destinationairport":"PHX","stops":0,"equipment":"CRJ CR9","schedule":[{"day":0,"utc":"18:26:00","flight":"US177"},{"day":1,"utc":"22:37:00","flight":"US714"},{"day":1,"utc":"12:55:00","flight":"US437"},{"day":1,"utc":"11:33:00","flight":"US134"},{"day":1,"utc":"00:00:00","flight":"US554"},{"day":2,"utc":"06:29:00","flight":"US500"},{"day":3,"utc":"14:24:00","flight":"US615"},{"day":3,"utc":"17:21:00","flight":"US674"},{"day":3,"utc":"11:52:00","flight":"US255"},{"day":4,"utc":"02:19:00","flight":"US296"},{"day":4,"utc":"21:52:00","flight":"US078"},{"day":4,"utc":"12:06:00","flight":"US802"},{"day":4,"utc":"19:11:00","flight":"US832"},{"day":4,"utc":"04:14:00","flight":"US308"},{"day":5,"utc":"04:22:00","flight":"US746"},{"day":5,"utc":"18:10:00","flight":"US463"},{"day":6,"utc":"21:45:00","flight":"US849"},{"day":6,"utc":"18:06:00","flight":"US081"},{"day":6,"utc":"21:07:00","flight":"US738"},{"day":6,"utc":"14:57:00","flight":"US297"}],"distance":557.7090103276009}