{"id":21776,"type":"route","airline":"DL","airlineid":"airline_2009","sourceairport":"SJO","destinationairport":"LAX","stops":0,"equipment":"757","schedule":[{"day":0,"utc":"09:51:00","flight":"DL994"},{"day":0,"utc":"21:22:00","flight":"DL466"},{"day":0,"utc":"13:52:00","flight":"DL387"},{"day":1,"utc":"16:44:00","flight":"DL962"},{"day":1,"utc":"21:54:00","flight":"DL494"},{"day":1,"utc":"03:37:00","flight":"DL884"},{"day":1,"utc":"18:11:00","flight":"DL419"},{"day":1,"utc":"13:11:00","flight":"DL677"},{"day":2,"utc":"09:50:00","flight":"DL943"},{"day":2,"utc":"17:39:00","flight":"DL296"},{"day":2,"utc":"03:37:00","flight":"DL179"},{"day":2,"utc":"11:19:00","flight":"DL619"},{"day":2,"utc":"17:24:00","flight":"DL611"},{"day":3,"utc":"21:53:00","flight":"DL666"},{"day":3,"utc":"20:37:00","flight":"DL090"},{"day":3,"utc":"12:02:00","flight":"DL375"},{"day":3,"utc":"23:27:00","flight":"DL172"},{"day":3,"utc":"00:04:00","flight":"DL163"},{"day":4,"utc":"16:59:00","flight":"DL880"},{"day":5,"utc":"18:56:00","flight":"DL398"},{"day":5,"utc":"20:12:00","flight":"DL141"},{"day":6,"utc":"05:02:00","flight":"DL378"},{"day":6,"utc":"03:48:00","flight":"DL525"}],"distance":4382.035239537429}