{"title":"Ventura","name":"Bell Arts Factory","alt":null,"address":"432 N. Ventura Avenue","directions":null,"phone":null,"tollfree":null,"email":null,"url":"http://www.bellartsfactory.org","hours":null,"image":null,"price":null,"content":"Created out of a historic mattress factory showroom in the Westside of Ventura. There are free children's programs that enhance young lives through the arts and provide a cultural revitalization of the Westside. There are also many talented resident artists in studios creating beautiful paintings, jewelry, sculptures, weavings, photographs and ceramics.","geo":{"lat":34.28655,"lon":-119.29923,"accuracy":"RANGE_INTERPOLATED"},"activity":"see","type":"landmark","id":32180,"country":"United States","city":"Ventura","state":"California"}