{"title":"San Francisco/Fisherman's Wharf","name":"Ripley's Believe It Or Not! Museum","alt":null,"address":"175 Jefferson St","directions":"between Mason St and Taylor St","phone":"+1 415 771-6188","tollfree":null,"email":"sanfran@ripleys.com","url":"http://www.ripleys.com/wp/sanfrancisco/","hours":"Mid June - Labor Day Su-Th 9AM-11PM, F-Sa 9AM-midnight; rest of the year Su-Th 10AM-10PM, F-Sa 10AM-midnight","image":null,"price":"$19.99 (ages 13 and older), $9.99 children (ages 5-12)","content":"Set over 2 floors it has over 10,000 square feet of galleries, exhibits, illusions, and interactive displays.","geo":{"lat":37.808,"lon":-122.4155,"accuracy":"APPROXIMATE"},"activity":"see","type":"landmark","id":25612,"country":"United States","city":"San Francisco","state":"California"}