{"id":10137,"type":"route","airline":"AH","airlineid":"airline_794","sourceairport":"CDG","destinationairport":"ALG","stops":0,"equipment":"330 738","schedule":[{"day":0,"utc":"13:04:00","flight":"AH815"},{"day":0,"utc":"18:27:00","flight":"AH091"},{"day":0,"utc":"03:45:00","flight":"AH209"},{"day":0,"utc":"16:49:00","flight":"AH558"},{"day":1,"utc":"05:29:00","flight":"AH993"},{"day":1,"utc":"00:12:00","flight":"AH745"},{"day":2,"utc":"20:12:00","flight":"AH180"},{"day":2,"utc":"10:39:00","flight":"AH172"},{"day":3,"utc":"14:39:00","flight":"AH308"},{"day":3,"utc":"00:14:00","flight":"AH345"},{"day":3,"utc":"14:15:00","flight":"AH877"},{"day":3,"utc":"17:49:00","flight":"AH568"},{"day":4,"utc":"11:34:00","flight":"AH636"},{"day":4,"utc":"06:51:00","flight":"AH010"},{"day":4,"utc":"00:13:00","flight":"AH621"},{"day":4,"utc":"10:49:00","flight":"AH748"},{"day":4,"utc":"22:39:00","flight":"AH602"},{"day":5,"utc":"17:43:00","flight":"AH324"},{"day":6,"utc":"08:50:00","flight":"AH183"},{"day":6,"utc":"17:23:00","flight":"AH032"},{"day":6,"utc":"15:42:00","flight":"AH054"},{"day":6,"utc":"13:10:00","flight":"AH933"}],"distance":1371.176218947926}