{"id":47236,"type":"route","airline":"QH","airlineid":"airline_882","sourceairport":"FRU","destinationairport":"OVB","stops":0,"equipment":"735","schedule":[{"day":0,"utc":"11:51:00","flight":"QH234"},{"day":0,"utc":"14:25:00","flight":"QH825"},{"day":0,"utc":"15:01:00","flight":"QH168"},{"day":1,"utc":"10:15:00","flight":"QH508"},{"day":1,"utc":"06:52:00","flight":"QH102"},{"day":2,"utc":"16:28:00","flight":"QH659"},{"day":2,"utc":"11:38:00","flight":"QH883"},{"day":2,"utc":"05:52:00","flight":"QH032"},{"day":2,"utc":"20:45:00","flight":"QH529"},{"day":3,"utc":"21:48:00","flight":"QH565"},{"day":4,"utc":"22:23:00","flight":"QH623"},{"day":4,"utc":"20:24:00","flight":"QH067"},{"day":4,"utc":"08:30:00","flight":"QH830"},{"day":5,"utc":"15:20:00","flight":"QH674"},{"day":5,"utc":"20:39:00","flight":"QH418"},{"day":5,"utc":"15:25:00","flight":"QH937"},{"day":6,"utc":"06:21:00","flight":"QH826"},{"day":6,"utc":"18:24:00","flight":"QH792"},{"day":6,"utc":"10:17:00","flight":"QH894"}],"distance":1454.0416098162348}