{"id":55763,"type":"route","airline":"UA","airlineid":"airline_5209","sourceairport":"ABQ","destinationairport":"IAH","stops":0,"equipment":"320 738","schedule":[{"day":0,"utc":"07:14:00","flight":"UA534"},{"day":0,"utc":"10:56:00","flight":"UA716"},{"day":0,"utc":"11:19:00","flight":"UA409"},{"day":0,"utc":"21:06:00","flight":"UA343"},{"day":0,"utc":"10:02:00","flight":"UA725"},{"day":1,"utc":"07:00:00","flight":"UA145"},{"day":1,"utc":"12:47:00","flight":"UA697"},{"day":1,"utc":"16:53:00","flight":"UA093"},{"day":1,"utc":"03:05:00","flight":"UA766"},{"day":2,"utc":"14:12:00","flight":"UA937"},{"day":2,"utc":"04:50:00","flight":"UA422"},{"day":2,"utc":"17:10:00","flight":"UA622"},{"day":2,"utc":"18:56:00","flight":"UA557"},{"day":3,"utc":"03:50:00","flight":"UA592"},{"day":3,"utc":"05:19:00","flight":"UA828"},{"day":3,"utc":"11:45:00","flight":"UA102"},{"day":3,"utc":"09:22:00","flight":"UA271"},{"day":3,"utc":"11:35:00","flight":"UA228"},{"day":4,"utc":"08:29:00","flight":"UA293"},{"day":4,"utc":"17:10:00","flight":"UA269"},{"day":4,"utc":"00:17:00","flight":"UA252"},{"day":5,"utc":"15:02:00","flight":"UA253"},{"day":5,"utc":"21:08:00","flight":"UA541"},{"day":5,"utc":"07:58:00","flight":"UA028"},{"day":6,"utc":"08:26:00","flight":"UA021"}],"distance":1195.701163780582}