{
  "name": "Meghan Homenick",
  "addresses": [
    {
      "type": "home",
      "address": "63807 Marley Place",
      "city": "Santa Ana",
      "country": "United States"
    }
  ],
  "driving_licence": "4f7aeac6-1f07-55ed-ad9b-58bc55f6bd8e",
  "passport": "718f37ed-450b-530e-9ce9-9560cebdcf05",
  "preferred_email": "meghanhomenick@huloz.bt",
  "preferred_phone": "(554) 322-1058",
  "preferred_airline": "inventory.airline.airline_2855",
  "preferred_airport": "inventory.airport.airport_3867",
  "credit_cards": [
    {
      "type": "Visa",
      "number": "4188848969126026",
      "expiration": "2021-04"
    }
  ],
  "created": "2020-06-12",
  "updated": "2021-02-19"
}