{"id":55758,"type":"route","airline":"UA","airlineid":"airline_5209","sourceairport":"ABE","destinationairport":"ORD","stops":0,"equipment":"ER4 ERJ","schedule":[{"day":0,"utc":"15:05:00","flight":"UA479"},{"day":1,"utc":"02:27:00","flight":"UA842"},{"day":1,"utc":"03:00:00","flight":"UA252"},{"day":1,"utc":"22:11:00","flight":"UA944"},{"day":1,"utc":"15:47:00","flight":"UA201"},{"day":1,"utc":"06:18:00","flight":"UA350"},{"day":2,"utc":"17:26:00","flight":"UA237"},{"day":3,"utc":"19:18:00","flight":"UA892"},{"day":3,"utc":"09:19:00","flight":"UA375"},{"day":4,"utc":"06:40:00","flight":"UA582"},{"day":4,"utc":"20:17:00","flight":"UA353"},{"day":5,"utc":"14:45:00","flight":"UA893"},{"day":5,"utc":"17:53:00","flight":"UA414"},{"day":5,"utc":"09:42:00","flight":"UA849"},{"day":5,"utc":"20:16:00","flight":"UA549"},{"day":5,"utc":"22:24:00","flight":"UA055"},{"day":6,"utc":"06:35:00","flight":"UA408"},{"day":6,"utc":"15:12:00","flight":"UA689"}],"distance":1050.394306634423}