{"id":55122,"type":"route","airline":"U2","airlineid":"airline_2297","sourceairport":"MAD","destinationairport":"BSL","stops":0,"equipment":"319 320","schedule":[{"day":0,"utc":"20:28:00","flight":"U2024"},{"day":0,"utc":"11:55:00","flight":"U2838"},{"day":0,"utc":"08:07:00","flight":"U2661"},{"day":1,"utc":"16:56:00","flight":"U2501"},{"day":1,"utc":"00:52:00","flight":"U2560"},{"day":1,"utc":"02:14:00","flight":"U2756"},{"day":2,"utc":"08:32:00","flight":"U2575"},{"day":2,"utc":"13:26:00","flight":"U2524"},{"day":2,"utc":"05:27:00","flight":"U2299"},{"day":3,"utc":"11:43:00","flight":"U2864"},{"day":3,"utc":"18:22:00","flight":"U2466"},{"day":3,"utc":"05:40:00","flight":"U2051"},{"day":3,"utc":"01:32:00","flight":"U2928"},{"day":3,"utc":"18:41:00","flight":"U2329"},{"day":4,"utc":"02:06:00","flight":"U2073"},{"day":4,"utc":"08:15:00","flight":"U2067"},{"day":4,"utc":"05:17:00","flight":"U2023"},{"day":4,"utc":"15:53:00","flight":"U2312"},{"day":5,"utc":"17:03:00","flight":"U2368"},{"day":5,"utc":"19:56:00","flight":"U2099"},{"day":5,"utc":"03:15:00","flight":"U2202"},{"day":5,"utc":"09:31:00","flight":"U2745"},{"day":5,"utc":"01:14:00","flight":"U2010"},{"day":6,"utc":"15:30:00","flight":"U2230"},{"day":6,"utc":"23:25:00","flight":"U2877"},{"day":6,"utc":"16:25:00","flight":"U2143"},{"day":6,"utc":"00:18:00","flight":"U2457"}],"distance":1185.0065202616045}