{"id":33462,"type":"route","airline":"IR","airlineid":"airline_2922","sourceairport":"LHR","destinationairport":"IKA","stops":0,"equipment":"AB6","schedule":[{"day":0,"utc":"17:41:00","flight":"IR435"},{"day":0,"utc":"22:31:00","flight":"IR539"},{"day":0,"utc":"21:30:00","flight":"IR437"},{"day":1,"utc":"18:58:00","flight":"IR094"},{"day":1,"utc":"04:37:00","flight":"IR011"},{"day":1,"utc":"05:58:00","flight":"IR795"},{"day":1,"utc":"13:20:00","flight":"IR311"},{"day":1,"utc":"21:22:00","flight":"IR027"},{"day":2,"utc":"06:22:00","flight":"IR825"},{"day":2,"utc":"15:19:00","flight":"IR796"},{"day":2,"utc":"20:01:00","flight":"IR739"},{"day":2,"utc":"20:11:00","flight":"IR635"},{"day":2,"utc":"12:33:00","flight":"IR731"},{"day":3,"utc":"21:46:00","flight":"IR532"},{"day":3,"utc":"21:33:00","flight":"IR830"},{"day":4,"utc":"04:33:00","flight":"IR351"},{"day":4,"utc":"03:15:00","flight":"IR748"},{"day":4,"utc":"11:56:00","flight":"IR221"},{"day":4,"utc":"03:55:00","flight":"IR621"},{"day":5,"utc":"11:10:00","flight":"IR465"},{"day":5,"utc":"20:47:00","flight":"IR652"},{"day":5,"utc":"01:20:00","flight":"IR975"},{"day":5,"utc":"12:55:00","flight":"IR100"},{"day":5,"utc":"13:11:00","flight":"IR899"},{"day":6,"utc":"21:23:00","flight":"IR944"}],"distance":4422.663569936283}