{"id":5160,"type":"route","airline":"AA","airlineid":"airline_24","sourceairport":"DEN","destinationairport":"SEA","stops":0,"equipment":"737","schedule":[{"day":0,"utc":"13:02:00","flight":"AA759"},{"day":0,"utc":"01:32:00","flight":"AA605"},{"day":1,"utc":"09:39:00","flight":"AA898"},{"day":2,"utc":"19:15:00","flight":"AA876"},{"day":2,"utc":"17:40:00","flight":"AA107"},{"day":3,"utc":"14:04:00","flight":"AA548"},{"day":3,"utc":"22:16:00","flight":"AA762"},{"day":3,"utc":"13:04:00","flight":"AA750"},{"day":3,"utc":"03:12:00","flight":"AA339"},{"day":4,"utc":"06:50:00","flight":"AA580"},{"day":4,"utc":"07:05:00","flight":"AA213"},{"day":4,"utc":"01:59:00","flight":"AA275"},{"day":5,"utc":"11:12:00","flight":"AA896"},{"day":5,"utc":"19:23:00","flight":"AA056"},{"day":5,"utc":"20:14:00","flight":"AA007"},{"day":6,"utc":"03:21:00","flight":"AA450"}],"distance":1645.0772471400903}