{"title":"Burntisland","name":"Museum of Communication","alt":null,"address":"131 High Street, KY3 9AA","directions":null,"phone":null,"tollfree":null,"email":null,"url":"http://www.mocft.co.uk/","hours":"Saturday and Wednesday May - Sept.","image":null,"price":null,"content":"Exhibition changes every year - ''From Flags to Flanders Fields'' about first world war communications for 2014.","geo":{"lat":56.059359,"lon":-3.234395,"accuracy":"RANGE_INTERPOLATED"},"activity":"see","type":"landmark","id":4442,"country":"United Kingdom","city":"Burntisland","state":null}