{"id":55964,"type":"route","airline":"UA","airlineid":"airline_5209","sourceairport":"CLE","destinationairport":"ALB","stops":0,"equipment":"DH3","schedule":[{"day":0,"utc":"21:36:00","flight":"UA247"},{"day":0,"utc":"11:03:00","flight":"UA086"},{"day":0,"utc":"02:18:00","flight":"UA180"},{"day":0,"utc":"23:34:00","flight":"UA022"},{"day":0,"utc":"14:09:00","flight":"UA716"},{"day":1,"utc":"06:00:00","flight":"UA483"},{"day":1,"utc":"00:09:00","flight":"UA819"},{"day":2,"utc":"04:10:00","flight":"UA260"},{"day":3,"utc":"22:10:00","flight":"UA457"},{"day":3,"utc":"06:47:00","flight":"UA059"},{"day":3,"utc":"22:21:00","flight":"UA096"},{"day":4,"utc":"22:28:00","flight":"UA349"},{"day":5,"utc":"02:22:00","flight":"UA525"},{"day":5,"utc":"10:27:00","flight":"UA873"},{"day":5,"utc":"00:54:00","flight":"UA764"},{"day":5,"utc":"05:41:00","flight":"UA565"},{"day":5,"utc":"21:23:00","flight":"UA041"},{"day":6,"utc":"10:04:00","flight":"UA834"}],"distance":680.3438871875198}