{"id":9513,"type":"route","airline":"AF","airlineid":"airline_137","sourceairport":"FCO","destinationairport":"BOD","stops":0,"equipment":"E70 E90 CR7","schedule":[{"day":0,"utc":"02:59:00","flight":"AF198"},{"day":0,"utc":"01:56:00","flight":"AF274"},{"day":0,"utc":"00:49:00","flight":"AF177"},{"day":1,"utc":"15:29:00","flight":"AF126"},{"day":2,"utc":"04:25:00","flight":"AF591"},{"day":2,"utc":"17:51:00","flight":"AF005"},{"day":2,"utc":"14:37:00","flight":"AF688"},{"day":3,"utc":"04:02:00","flight":"AF219"},{"day":3,"utc":"23:28:00","flight":"AF047"},{"day":3,"utc":"01:41:00","flight":"AF047"},{"day":4,"utc":"13:02:00","flight":"AF834"},{"day":4,"utc":"13:10:00","flight":"AF091"},{"day":4,"utc":"21:33:00","flight":"AF471"},{"day":4,"utc":"09:43:00","flight":"AF051"},{"day":5,"utc":"08:16:00","flight":"AF872"},{"day":5,"utc":"16:48:00","flight":"AF008"},{"day":5,"utc":"07:43:00","flight":"AF418"},{"day":5,"utc":"00:21:00","flight":"AF603"},{"day":6,"utc":"02:15:00","flight":"AF416"},{"day":6,"utc":"20:04:00","flight":"AF679"},{"day":6,"utc":"23:19:00","flight":"AF388"},{"day":6,"utc":"02:26:00","flight":"AF647"}],"distance":1100.152586707022}