{"id":15291,"type":"route","airline":"BE","airlineid":"airline_2421","sourceairport":"SYY","destinationairport":"EDI","stops":0,"equipment":"D38","schedule":[{"day":0,"utc":"04:15:00","flight":"BE802"},{"day":0,"utc":"02:24:00","flight":"BE629"},{"day":0,"utc":"00:37:00","flight":"BE045"},{"day":0,"utc":"20:05:00","flight":"BE764"},{"day":1,"utc":"18:45:00","flight":"BE506"},{"day":1,"utc":"18:58:00","flight":"BE721"},{"day":2,"utc":"09:59:00","flight":"BE933"},{"day":2,"utc":"01:04:00","flight":"BE028"},{"day":2,"utc":"15:23:00","flight":"BE541"},{"day":2,"utc":"16:35:00","flight":"BE419"},{"day":3,"utc":"01:54:00","flight":"BE794"},{"day":3,"utc":"00:11:00","flight":"BE346"},{"day":3,"utc":"16:36:00","flight":"BE553"},{"day":4,"utc":"15:55:00","flight":"BE623"},{"day":4,"utc":"18:32:00","flight":"BE659"},{"day":4,"utc":"00:49:00","flight":"BE578"},{"day":4,"utc":"14:07:00","flight":"BE254"},{"day":5,"utc":"03:35:00","flight":"BE279"},{"day":5,"utc":"10:56:00","flight":"BE294"},{"day":6,"utc":"02:46:00","flight":"BE012"},{"day":6,"utc":"17:21:00","flight":"BE496"},{"day":6,"utc":"10:10:00","flight":"BE457"},{"day":6,"utc":"11:56:00","flight":"BE122"}],"distance":308.8452874084751}