{"id":10882,"type":"route","airline":"AM","airlineid":"airline_321","sourceairport":"ATL","destinationairport":"MIA","stops":0,"equipment":"M90","schedule":[{"day":0,"utc":"14:45:00","flight":"AM819"},{"day":1,"utc":"05:00:00","flight":"AM734"},{"day":1,"utc":"19:02:00","flight":"AM326"},{"day":1,"utc":"04:59:00","flight":"AM951"},{"day":1,"utc":"00:01:00","flight":"AM684"},{"day":2,"utc":"12:46:00","flight":"AM203"},{"day":2,"utc":"05:22:00","flight":"AM361"},{"day":2,"utc":"04:55:00","flight":"AM156"},{"day":2,"utc":"01:54:00","flight":"AM989"},{"day":2,"utc":"01:21:00","flight":"AM378"},{"day":3,"utc":"07:57:00","flight":"AM214"},{"day":3,"utc":"04:05:00","flight":"AM976"},{"day":3,"utc":"01:38:00","flight":"AM397"},{"day":3,"utc":"12:36:00","flight":"AM263"},{"day":3,"utc":"13:33:00","flight":"AM145"},{"day":4,"utc":"08:00:00","flight":"AM134"},{"day":4,"utc":"14:52:00","flight":"AM971"},{"day":5,"utc":"19:47:00","flight":"AM345"},{"day":5,"utc":"15:24:00","flight":"AM084"},{"day":5,"utc":"02:37:00","flight":"AM934"},{"day":5,"utc":"19:27:00","flight":"AM335"},{"day":6,"utc":"03:14:00","flight":"AM407"},{"day":6,"utc":"17:18:00","flight":"AM036"},{"day":6,"utc":"16:29:00","flight":"AM651"},{"day":6,"utc":"02:13:00","flight":"AM159"}],"distance":959.0618701672437}