{"id":55899,"type":"route","airline":"UA","airlineid":"airline_5209","sourceairport":"BRU","destinationairport":"BJM","stops":0,"equipment":"332","schedule":[{"day":0,"utc":"12:50:00","flight":"UA942"},{"day":0,"utc":"09:25:00","flight":"UA494"},{"day":0,"utc":"01:56:00","flight":"UA736"},{"day":0,"utc":"19:10:00","flight":"UA559"},{"day":1,"utc":"15:57:00","flight":"UA878"},{"day":1,"utc":"03:00:00","flight":"UA934"},{"day":1,"utc":"05:47:00","flight":"UA363"},{"day":1,"utc":"11:21:00","flight":"UA627"},{"day":1,"utc":"00:33:00","flight":"UA985"},{"day":2,"utc":"21:37:00","flight":"UA179"},{"day":2,"utc":"11:27:00","flight":"UA851"},{"day":2,"utc":"01:41:00","flight":"UA170"},{"day":2,"utc":"15:01:00","flight":"UA799"},{"day":2,"utc":"12:31:00","flight":"UA506"},{"day":3,"utc":"15:39:00","flight":"UA438"},{"day":3,"utc":"10:49:00","flight":"UA744"},{"day":3,"utc":"19:05:00","flight":"UA921"},{"day":3,"utc":"15:12:00","flight":"UA413"},{"day":3,"utc":"17:25:00","flight":"UA197"},{"day":4,"utc":"08:59:00","flight":"UA602"},{"day":5,"utc":"12:17:00","flight":"UA845"},{"day":5,"utc":"03:39:00","flight":"UA610"},{"day":5,"utc":"11:08:00","flight":"UA952"},{"day":6,"utc":"14:22:00","flight":"UA090"}],"distance":6475.876145608052}