{"id":60542,"type":"route","airline":"UU","airlineid":"airline_1191","sourceairport":"NOS","destinationairport":"RUN","stops":0,"equipment":"738","schedule":[{"day":0,"utc":"12:44:00","flight":"UU885"},{"day":0,"utc":"07:52:00","flight":"UU476"},{"day":0,"utc":"04:59:00","flight":"UU622"},{"day":0,"utc":"03:53:00","flight":"UU690"},{"day":0,"utc":"02:33:00","flight":"UU120"},{"day":1,"utc":"00:43:00","flight":"UU838"},{"day":1,"utc":"18:54:00","flight":"UU200"},{"day":1,"utc":"16:25:00","flight":"UU281"},{"day":1,"utc":"09:07:00","flight":"UU825"},{"day":2,"utc":"17:23:00","flight":"UU528"},{"day":2,"utc":"12:55:00","flight":"UU591"},{"day":2,"utc":"02:08:00","flight":"UU475"},{"day":3,"utc":"10:51:00","flight":"UU432"},{"day":3,"utc":"08:13:00","flight":"UU856"},{"day":3,"utc":"02:55:00","flight":"UU711"},{"day":3,"utc":"00:47:00","flight":"UU983"},{"day":4,"utc":"08:18:00","flight":"UU987"},{"day":4,"utc":"15:16:00","flight":"UU899"},{"day":5,"utc":"01:32:00","flight":"UU877"},{"day":5,"utc":"08:02:00","flight":"UU168"},{"day":5,"utc":"22:23:00","flight":"UU580"},{"day":5,"utc":"13:16:00","flight":"UU375"},{"day":5,"utc":"01:10:00","flight":"UU507"},{"day":6,"utc":"05:14:00","flight":"UU284"},{"day":6,"utc":"02:51:00","flight":"UU363"},{"day":6,"utc":"19:34:00","flight":"UU632"},{"day":6,"utc":"22:58:00","flight":"UU316"},{"day":6,"utc":"02:30:00","flight":"UU813"}],"distance":1137.16037683619}