{"id":22859,"type":"route","airline":"EI","airlineid":"airline_837","sourceairport":"BHD","destinationairport":"PMI","stops":0,"equipment":"320 319","schedule":[{"day":0,"utc":"15:34:00","flight":"EI124"},{"day":0,"utc":"19:04:00","flight":"EI469"},{"day":0,"utc":"12:49:00","flight":"EI929"},{"day":0,"utc":"03:45:00","flight":"EI931"},{"day":1,"utc":"01:33:00","flight":"EI358"},{"day":1,"utc":"19:20:00","flight":"EI792"},{"day":1,"utc":"22:34:00","flight":"EI320"},{"day":1,"utc":"07:28:00","flight":"EI685"},{"day":2,"utc":"18:18:00","flight":"EI597"},{"day":2,"utc":"12:51:00","flight":"EI559"},{"day":3,"utc":"14:29:00","flight":"EI567"},{"day":4,"utc":"21:18:00","flight":"EI245"},{"day":4,"utc":"16:44:00","flight":"EI828"},{"day":4,"utc":"04:23:00","flight":"EI019"},{"day":5,"utc":"20:18:00","flight":"EI983"},{"day":5,"utc":"04:00:00","flight":"EI180"},{"day":5,"utc":"04:49:00","flight":"EI823"},{"day":6,"utc":"04:18:00","flight":"EI371"},{"day":6,"utc":"01:51:00","flight":"EI604"}],"distance":1794.0258825255478}