{"id":62206,"type":"route","airline":"VY","airlineid":"airline_2439","sourceairport":"BIO","destinationairport":"ORY","stops":0,"equipment":"320","schedule":[{"day":0,"utc":"02:50:00","flight":"VY473"},{"day":0,"utc":"12:49:00","flight":"VY237"},{"day":1,"utc":"17:15:00","flight":"VY633"},{"day":1,"utc":"15:04:00","flight":"VY610"},{"day":1,"utc":"02:56:00","flight":"VY714"},{"day":2,"utc":"10:50:00","flight":"VY636"},{"day":3,"utc":"14:04:00","flight":"VY056"},{"day":3,"utc":"21:25:00","flight":"VY013"},{"day":4,"utc":"21:31:00","flight":"VY302"},{"day":5,"utc":"15:33:00","flight":"VY117"},{"day":5,"utc":"08:20:00","flight":"VY864"},{"day":5,"utc":"09:06:00","flight":"VY352"},{"day":6,"utc":"11:25:00","flight":"VY345"},{"day":6,"utc":"11:46:00","flight":"VY214"},{"day":6,"utc":"12:53:00","flight":"VY627"},{"day":6,"utc":"19:06:00","flight":"VY917"}],"distance":727.20380031763}