{"id":5926,"type":"route","airline":"AA","airlineid":"airline_24","sourceairport":"MAA","destinationairport":"LHR","stops":0,"equipment":"777","schedule":[{"day":0,"utc":"12:19:00","flight":"AA742"},{"day":0,"utc":"15:48:00","flight":"AA025"},{"day":1,"utc":"07:09:00","flight":"AA532"},{"day":1,"utc":"11:53:00","flight":"AA477"},{"day":1,"utc":"00:04:00","flight":"AA328"},{"day":1,"utc":"02:28:00","flight":"AA321"},{"day":1,"utc":"23:45:00","flight":"AA178"},{"day":2,"utc":"12:48:00","flight":"AA635"},{"day":2,"utc":"00:53:00","flight":"AA271"},{"day":2,"utc":"04:38:00","flight":"AA374"},{"day":3,"utc":"13:21:00","flight":"AA433"},{"day":3,"utc":"09:49:00","flight":"AA321"},{"day":3,"utc":"23:20:00","flight":"AA707"},{"day":3,"utc":"11:47:00","flight":"AA919"},{"day":4,"utc":"07:03:00","flight":"AA781"},{"day":4,"utc":"13:37:00","flight":"AA970"},{"day":4,"utc":"18:05:00","flight":"AA965"},{"day":4,"utc":"17:23:00","flight":"AA562"},{"day":5,"utc":"14:18:00","flight":"AA874"},{"day":5,"utc":"08:54:00","flight":"AA599"},{"day":6,"utc":"18:39:00","flight":"AA514"},{"day":6,"utc":"05:01:00","flight":"AA849"},{"day":6,"utc":"22:37:00","flight":"AA810"},{"day":6,"utc":"07:25:00","flight":"AA788"}],"distance":8235.303233035125}