{"title":"Paris/15th arrondissement","name":"Café Zinc-Zen","alt":null,"address":"114, rue de la Convention","directions":"Boucicaut","phone":"+33 1 45 58 08 40","tollfree":null,"email":null,"url":null,"hours":null,"image":null,"price":null,"content":"Small café with 2 seating areas - seats in the windows and a darker back room. Elegant but not expensive, great lunches/dinners, and superb ''crème brûlée'' for a night cap with coffee.","geo":{"lat":48.840808,"lon":2.288369,"accuracy":"ROOFTOP"},"activity":"eat","type":"landmark","id":21632,"country":"France","city":"Paris","state":"Île-de-France"}