{"title":"San Diego/La Jolla","name":"Torrey Pines State Beach","alt":null,"address":"north of La Jolla","directions":null,"phone":null,"tollfree":null,"email":null,"url":null,"hours":null,"image":null,"price":null,"content":"Stretched along Torrey Pines State Park and set against gorgeous cliffs, this beach is one of the most beautiful around. A salt marsh at the north end of the beach empties into the ocean. The beach is also a popular one for surfing and body boarding.","geo":{"lat":32.92729,"lon":-117.25996,"accuracy":"ROOFTOP"},"activity":"do","type":"landmark","id":25184,"country":"United States","city":"San Diego","state":"California"}