{"id":60057,"type":"route","airline":"US","airlineid":"airline_5265","sourceairport":"PHL","destinationairport":"EWR","stops":0,"equipment":"CRJ DH8","schedule":[{"day":0,"utc":"02:29:00","flight":"US779"},{"day":0,"utc":"17:52:00","flight":"US350"},{"day":0,"utc":"18:04:00","flight":"US998"},{"day":0,"utc":"21:17:00","flight":"US691"},{"day":1,"utc":"10:22:00","flight":"US211"},{"day":1,"utc":"23:16:00","flight":"US911"},{"day":1,"utc":"12:48:00","flight":"US068"},{"day":1,"utc":"22:09:00","flight":"US674"},{"day":2,"utc":"20:30:00","flight":"US005"},{"day":2,"utc":"15:58:00","flight":"US827"},{"day":2,"utc":"15:48:00","flight":"US719"},{"day":3,"utc":"09:47:00","flight":"US513"},{"day":3,"utc":"14:13:00","flight":"US252"},{"day":3,"utc":"21:32:00","flight":"US555"},{"day":4,"utc":"15:29:00","flight":"US171"},{"day":4,"utc":"09:44:00","flight":"US424"},{"day":4,"utc":"11:32:00","flight":"US365"},{"day":4,"utc":"03:53:00","flight":"US166"},{"day":5,"utc":"20:13:00","flight":"US451"},{"day":5,"utc":"19:25:00","flight":"US723"},{"day":5,"utc":"02:19:00","flight":"US986"},{"day":5,"utc":"19:51:00","flight":"US313"},{"day":6,"utc":"12:03:00","flight":"US745"},{"day":6,"utc":"11:24:00","flight":"US244"},{"day":6,"utc":"13:38:00","flight":"US399"}],"distance":128.8444795979632}