{"id":60450,"type":"route","airline":"US","airlineid":"airline_5265","sourceairport":"TOL","destinationairport":"ORD","stops":0,"equipment":"ER4","schedule":[{"day":0,"utc":"03:48:00","flight":"US060"},{"day":1,"utc":"08:30:00","flight":"US648"},{"day":1,"utc":"08:38:00","flight":"US112"},{"day":1,"utc":"09:07:00","flight":"US814"},{"day":1,"utc":"11:25:00","flight":"US191"},{"day":1,"utc":"16:30:00","flight":"US667"},{"day":2,"utc":"00:45:00","flight":"US588"},{"day":2,"utc":"04:42:00","flight":"US807"},{"day":2,"utc":"21:19:00","flight":"US855"},{"day":3,"utc":"19:23:00","flight":"US326"},{"day":4,"utc":"01:10:00","flight":"US356"},{"day":4,"utc":"01:11:00","flight":"US845"},{"day":4,"utc":"11:34:00","flight":"US807"},{"day":4,"utc":"09:33:00","flight":"US412"},{"day":5,"utc":"13:49:00","flight":"US708"},{"day":5,"utc":"23:25:00","flight":"US257"},{"day":5,"utc":"04:42:00","flight":"US170"},{"day":5,"utc":"02:12:00","flight":"US302"},{"day":5,"utc":"01:20:00","flight":"US739"},{"day":6,"utc":"18:29:00","flight":"US262"},{"day":6,"utc":"05:14:00","flight":"US661"}],"distance":342.453691729521}