{"id":34489,"type":"route","airline":"JL","airlineid":"airline_2987","sourceairport":"CDG","destinationairport":"LYS","stops":0,"equipment":"320","schedule":[{"day":0,"utc":"13:00:00","flight":"JL998"},{"day":0,"utc":"21:54:00","flight":"JL081"},{"day":0,"utc":"15:41:00","flight":"JL659"},{"day":0,"utc":"18:02:00","flight":"JL059"},{"day":0,"utc":"22:38:00","flight":"JL752"},{"day":1,"utc":"01:32:00","flight":"JL973"},{"day":2,"utc":"16:02:00","flight":"JL106"},{"day":2,"utc":"19:16:00","flight":"JL621"},{"day":2,"utc":"11:12:00","flight":"JL780"},{"day":3,"utc":"05:42:00","flight":"JL248"},{"day":4,"utc":"11:03:00","flight":"JL025"},{"day":5,"utc":"18:55:00","flight":"JL718"},{"day":6,"utc":"08:21:00","flight":"JL383"},{"day":6,"utc":"20:31:00","flight":"JL934"},{"day":6,"utc":"11:13:00","flight":"JL149"},{"day":6,"utc":"22:34:00","flight":"JL434"},{"day":6,"utc":"13:53:00","flight":"JL224"}],"distance":412.4364968356663}