{"id":11952,"type":"route","airline":"AS","airlineid":"airline_439","sourceairport":"SEA","destinationairport":"ONT","stops":0,"equipment":"734 73H","schedule":[{"day":0,"utc":"05:35:00","flight":"AS268"},{"day":0,"utc":"16:15:00","flight":"AS502"},{"day":0,"utc":"03:13:00","flight":"AS378"},{"day":0,"utc":"14:22:00","flight":"AS584"},{"day":1,"utc":"23:09:00","flight":"AS889"},{"day":1,"utc":"19:46:00","flight":"AS063"},{"day":1,"utc":"05:56:00","flight":"AS063"},{"day":2,"utc":"02:07:00","flight":"AS095"},{"day":2,"utc":"06:41:00","flight":"AS307"},{"day":3,"utc":"21:18:00","flight":"AS028"},{"day":4,"utc":"06:46:00","flight":"AS145"},{"day":4,"utc":"16:41:00","flight":"AS627"},{"day":5,"utc":"07:06:00","flight":"AS597"},{"day":5,"utc":"19:44:00","flight":"AS825"},{"day":5,"utc":"16:08:00","flight":"AS725"},{"day":6,"utc":"11:48:00","flight":"AS915"},{"day":6,"utc":"09:11:00","flight":"AS805"},{"day":6,"utc":"22:52:00","flight":"AS027"},{"day":6,"utc":"17:31:00","flight":"AS986"}],"distance":1540.3696408045957}