{"id":58897,"type":"route","airline":"US","airlineid":"airline_5265","sourceairport":"COS","destinationairport":"DFW","stops":0,"equipment":"M80 M83","schedule":[{"day":0,"utc":"09:57:00","flight":"US179"},{"day":0,"utc":"18:57:00","flight":"US110"},{"day":0,"utc":"01:17:00","flight":"US964"},{"day":0,"utc":"05:40:00","flight":"US037"},{"day":1,"utc":"10:25:00","flight":"US710"},{"day":1,"utc":"09:33:00","flight":"US455"},{"day":1,"utc":"15:44:00","flight":"US101"},{"day":2,"utc":"00:04:00","flight":"US769"},{"day":2,"utc":"09:50:00","flight":"US601"},{"day":2,"utc":"22:38:00","flight":"US649"},{"day":2,"utc":"05:53:00","flight":"US112"},{"day":3,"utc":"07:33:00","flight":"US593"},{"day":3,"utc":"00:59:00","flight":"US367"},{"day":3,"utc":"09:32:00","flight":"US846"},{"day":4,"utc":"04:51:00","flight":"US492"},{"day":4,"utc":"21:32:00","flight":"US979"},{"day":5,"utc":"11:03:00","flight":"US287"},{"day":5,"utc":"07:03:00","flight":"US334"},{"day":5,"utc":"16:02:00","flight":"US466"},{"day":5,"utc":"20:05:00","flight":"US799"},{"day":5,"utc":"16:22:00","flight":"US097"},{"day":6,"utc":"02:15:00","flight":"US474"}],"distance":952.5506280966189}