{"id":13607,"type":"route","airline":"AZ","airlineid":"airline_596","sourceairport":"PBI","destinationairport":"ATL","stops":0,"equipment":"757 M90","schedule":[{"day":0,"utc":"11:02:00","flight":"AZ301"},{"day":0,"utc":"00:39:00","flight":"AZ395"},{"day":0,"utc":"14:19:00","flight":"AZ338"},{"day":0,"utc":"00:30:00","flight":"AZ032"},{"day":1,"utc":"11:49:00","flight":"AZ945"},{"day":1,"utc":"09:21:00","flight":"AZ370"},{"day":1,"utc":"11:52:00","flight":"AZ936"},{"day":2,"utc":"02:52:00","flight":"AZ270"},{"day":2,"utc":"01:09:00","flight":"AZ906"},{"day":2,"utc":"14:54:00","flight":"AZ681"},{"day":3,"utc":"14:51:00","flight":"AZ065"},{"day":3,"utc":"22:26:00","flight":"AZ999"},{"day":3,"utc":"17:24:00","flight":"AZ897"},{"day":3,"utc":"10:32:00","flight":"AZ931"},{"day":3,"utc":"05:30:00","flight":"AZ786"},{"day":4,"utc":"23:10:00","flight":"AZ005"},{"day":4,"utc":"10:20:00","flight":"AZ130"},{"day":4,"utc":"06:37:00","flight":"AZ780"},{"day":4,"utc":"00:58:00","flight":"AZ408"},{"day":4,"utc":"06:42:00","flight":"AZ097"},{"day":5,"utc":"12:02:00","flight":"AZ639"},{"day":6,"utc":"22:45:00","flight":"AZ775"},{"day":6,"utc":"03:14:00","flight":"AZ625"},{"day":6,"utc":"10:43:00","flight":"AZ966"},{"day":6,"utc":"16:43:00","flight":"AZ880"}],"distance":878.0028145930602}