{"id":9143,"type":"route","airline":"AF","airlineid":"airline_137","sourceairport":"ATL","destinationairport":"RIC","stops":0,"equipment":"73H M90 M88","schedule":[{"day":0,"utc":"05:15:00","flight":"AF730"},{"day":0,"utc":"17:18:00","flight":"AF854"},{"day":0,"utc":"22:34:00","flight":"AF729"},{"day":0,"utc":"00:40:00","flight":"AF899"},{"day":1,"utc":"15:03:00","flight":"AF039"},{"day":2,"utc":"19:47:00","flight":"AF812"},{"day":2,"utc":"04:09:00","flight":"AF992"},{"day":3,"utc":"04:45:00","flight":"AF455"},{"day":3,"utc":"16:58:00","flight":"AF367"},{"day":4,"utc":"20:50:00","flight":"AF622"},{"day":4,"utc":"17:53:00","flight":"AF831"},{"day":4,"utc":"08:22:00","flight":"AF116"},{"day":4,"utc":"08:57:00","flight":"AF471"},{"day":5,"utc":"13:42:00","flight":"AF799"},{"day":5,"utc":"11:04:00","flight":"AF164"},{"day":5,"utc":"01:20:00","flight":"AF120"},{"day":5,"utc":"20:58:00","flight":"AF017"},{"day":5,"utc":"02:49:00","flight":"AF622"},{"day":6,"utc":"09:15:00","flight":"AF894"},{"day":6,"utc":"16:27:00","flight":"AF607"},{"day":6,"utc":"17:28:00","flight":"AF087"},{"day":6,"utc":"09:42:00","flight":"AF258"}],"distance":773.176920792128}