{"id":14896,"type":"route","airline":"BA","airlineid":"airline_1355","sourceairport":"SEA","destinationairport":"LHR","stops":0,"equipment":"744 777","schedule":[{"day":0,"utc":"22:19:00","flight":"BA635"},{"day":1,"utc":"22:51:00","flight":"BA226"},{"day":1,"utc":"20:52:00","flight":"BA756"},{"day":1,"utc":"10:23:00","flight":"BA269"},{"day":1,"utc":"03:59:00","flight":"BA176"},{"day":1,"utc":"19:58:00","flight":"BA482"},{"day":2,"utc":"04:18:00","flight":"BA298"},{"day":2,"utc":"00:51:00","flight":"BA415"},{"day":2,"utc":"12:48:00","flight":"BA742"},{"day":2,"utc":"22:19:00","flight":"BA834"},{"day":2,"utc":"22:02:00","flight":"BA027"},{"day":3,"utc":"16:16:00","flight":"BA211"},{"day":3,"utc":"21:45:00","flight":"BA161"},{"day":3,"utc":"18:36:00","flight":"BA433"},{"day":3,"utc":"18:35:00","flight":"BA663"},{"day":4,"utc":"12:47:00","flight":"BA955"},{"day":5,"utc":"19:09:00","flight":"BA234"},{"day":6,"utc":"00:14:00","flight":"BA598"},{"day":6,"utc":"05:21:00","flight":"BA176"},{"day":6,"utc":"07:02:00","flight":"BA574"},{"day":6,"utc":"22:14:00","flight":"BA688"}],"distance":7701.514463783707}