{"id":13579,"type":"route","airline":"AZ","airlineid":"airline_596","sourceairport":"NCL","destinationairport":"CDG","stops":0,"equipment":"AR8","schedule":[{"day":0,"utc":"23:27:00","flight":"AZ420"},{"day":0,"utc":"07:39:00","flight":"AZ701"},{"day":0,"utc":"11:01:00","flight":"AZ595"},{"day":0,"utc":"05:46:00","flight":"AZ224"},{"day":1,"utc":"18:03:00","flight":"AZ756"},{"day":1,"utc":"01:41:00","flight":"AZ928"},{"day":1,"utc":"14:14:00","flight":"AZ622"},{"day":1,"utc":"12:35:00","flight":"AZ644"},{"day":2,"utc":"14:19:00","flight":"AZ730"},{"day":2,"utc":"03:24:00","flight":"AZ609"},{"day":3,"utc":"13:02:00","flight":"AZ699"},{"day":3,"utc":"22:36:00","flight":"AZ026"},{"day":3,"utc":"19:08:00","flight":"AZ068"},{"day":3,"utc":"20:11:00","flight":"AZ936"},{"day":3,"utc":"11:26:00","flight":"AZ315"},{"day":4,"utc":"18:51:00","flight":"AZ616"},{"day":4,"utc":"14:57:00","flight":"AZ164"},{"day":5,"utc":"18:19:00","flight":"AZ790"},{"day":5,"utc":"15:43:00","flight":"AZ934"},{"day":6,"utc":"19:06:00","flight":"AZ807"},{"day":6,"utc":"02:24:00","flight":"AZ972"},{"day":6,"utc":"19:52:00","flight":"AZ765"},{"day":6,"utc":"20:50:00","flight":"AZ678"}],"distance":729.7474755366684}