{"id":6873,"type":"route","airline":"AA","airlineid":"airline_24","sourceairport":"SXM","destinationairport":"MIA","stops":0,"equipment":"757 738","schedule":[{"day":0,"utc":"12:35:00","flight":"AA505"},{"day":0,"utc":"09:04:00","flight":"AA623"},{"day":1,"utc":"19:02:00","flight":"AA368"},{"day":2,"utc":"06:20:00","flight":"AA515"},{"day":2,"utc":"16:19:00","flight":"AA411"},{"day":2,"utc":"11:23:00","flight":"AA496"},{"day":3,"utc":"16:19:00","flight":"AA823"},{"day":3,"utc":"11:14:00","flight":"AA722"},{"day":4,"utc":"09:03:00","flight":"AA143"},{"day":4,"utc":"21:54:00","flight":"AA320"},{"day":4,"utc":"03:49:00","flight":"AA724"},{"day":4,"utc":"11:15:00","flight":"AA932"},{"day":5,"utc":"16:26:00","flight":"AA228"},{"day":6,"utc":"18:30:00","flight":"AA028"},{"day":6,"utc":"15:12:00","flight":"AA589"},{"day":6,"utc":"22:31:00","flight":"AA169"},{"day":6,"utc":"00:53:00","flight":"AA289"}],"distance":1968.2830772947327}