{"id":56759,"type":"route","airline":"UA","airlineid":"airline_5209","sourceairport":"IAH","destinationairport":"GRU","stops":0,"equipment":"763","schedule":[{"day":0,"utc":"22:49:00","flight":"UA277"},{"day":0,"utc":"18:23:00","flight":"UA972"},{"day":0,"utc":"04:48:00","flight":"UA697"},{"day":1,"utc":"23:22:00","flight":"UA758"},{"day":1,"utc":"10:13:00","flight":"UA637"},{"day":1,"utc":"11:35:00","flight":"UA275"},{"day":1,"utc":"09:08:00","flight":"UA446"},{"day":1,"utc":"00:47:00","flight":"UA791"},{"day":2,"utc":"16:01:00","flight":"UA714"},{"day":2,"utc":"17:48:00","flight":"UA502"},{"day":2,"utc":"06:17:00","flight":"UA713"},{"day":2,"utc":"15:03:00","flight":"UA807"},{"day":2,"utc":"11:20:00","flight":"UA886"},{"day":3,"utc":"04:48:00","flight":"UA130"},{"day":4,"utc":"15:11:00","flight":"UA795"},{"day":4,"utc":"08:17:00","flight":"UA357"},{"day":4,"utc":"10:26:00","flight":"UA198"},{"day":4,"utc":"12:43:00","flight":"UA671"},{"day":4,"utc":"22:44:00","flight":"UA724"},{"day":5,"utc":"16:22:00","flight":"UA983"},{"day":5,"utc":"12:04:00","flight":"UA282"},{"day":6,"utc":"15:21:00","flight":"UA525"}],"distance":7905.454105514107}