{"id":11913,"type":"route","airline":"AS","airlineid":"airline_439","sourceairport":"SEA","destinationairport":"AUS","stops":0,"equipment":"739 73H","schedule":[{"day":0,"utc":"14:12:00","flight":"AS687"},{"day":1,"utc":"07:43:00","flight":"AS767"},{"day":2,"utc":"04:20:00","flight":"AS571"},{"day":2,"utc":"03:41:00","flight":"AS593"},{"day":2,"utc":"08:38:00","flight":"AS985"},{"day":2,"utc":"14:22:00","flight":"AS287"},{"day":3,"utc":"16:41:00","flight":"AS004"},{"day":4,"utc":"12:24:00","flight":"AS194"},{"day":4,"utc":"18:17:00","flight":"AS351"},{"day":4,"utc":"05:32:00","flight":"AS373"},{"day":4,"utc":"10:33:00","flight":"AS791"},{"day":4,"utc":"02:27:00","flight":"AS092"},{"day":5,"utc":"23:22:00","flight":"AS156"},{"day":5,"utc":"06:52:00","flight":"AS008"},{"day":5,"utc":"20:09:00","flight":"AS019"},{"day":5,"utc":"20:07:00","flight":"AS791"},{"day":6,"utc":"21:50:00","flight":"AS298"},{"day":6,"utc":"17:28:00","flight":"AS239"}],"distance":2847.390501325409}