{"id":24935,"type":"route","airline":"FL","airlineid":"airline_1316","sourceairport":"BOS","destinationairport":"CAK","stops":0,"equipment":"717","schedule":[{"day":0,"utc":"02:16:00","flight":"FL317"},{"day":1,"utc":"18:57:00","flight":"FL360"},{"day":1,"utc":"20:51:00","flight":"FL281"},{"day":1,"utc":"22:11:00","flight":"FL081"},{"day":2,"utc":"21:02:00","flight":"FL594"},{"day":2,"utc":"09:16:00","flight":"FL555"},{"day":2,"utc":"15:34:00","flight":"FL170"},{"day":2,"utc":"19:34:00","flight":"FL885"},{"day":3,"utc":"12:13:00","flight":"FL121"},{"day":4,"utc":"15:22:00","flight":"FL629"},{"day":4,"utc":"00:28:00","flight":"FL624"},{"day":4,"utc":"15:12:00","flight":"FL531"},{"day":4,"utc":"20:03:00","flight":"FL574"},{"day":4,"utc":"02:35:00","flight":"FL019"},{"day":5,"utc":"04:43:00","flight":"FL281"},{"day":6,"utc":"21:41:00","flight":"FL630"},{"day":6,"utc":"14:47:00","flight":"FL893"},{"day":6,"utc":"03:10:00","flight":"FL177"},{"day":6,"utc":"21:49:00","flight":"FL868"},{"day":6,"utc":"14:26:00","flight":"FL042"}],"distance":881.5367766090492}