{"id":29192,"type":"route","airline":"G4","airlineid":"airline_35","sourceairport":"SFB","destinationairport":"OKC","stops":0,"equipment":"320","schedule":[{"day":0,"utc":"20:35:00","flight":"G4120"},{"day":0,"utc":"06:04:00","flight":"G4671"},{"day":0,"utc":"04:46:00","flight":"G4899"},{"day":0,"utc":"01:57:00","flight":"G4028"},{"day":0,"utc":"18:30:00","flight":"G4202"},{"day":1,"utc":"00:10:00","flight":"G4387"},{"day":1,"utc":"14:03:00","flight":"G4150"},{"day":1,"utc":"22:21:00","flight":"G4762"},{"day":1,"utc":"16:04:00","flight":"G4454"},{"day":1,"utc":"07:51:00","flight":"G4660"},{"day":2,"utc":"04:03:00","flight":"G4594"},{"day":2,"utc":"11:18:00","flight":"G4103"},{"day":2,"utc":"13:31:00","flight":"G4679"},{"day":3,"utc":"13:48:00","flight":"G4791"},{"day":3,"utc":"11:49:00","flight":"G4700"},{"day":3,"utc":"12:20:00","flight":"G4442"},{"day":3,"utc":"20:56:00","flight":"G4542"},{"day":3,"utc":"04:30:00","flight":"G4308"},{"day":4,"utc":"09:15:00","flight":"G4647"},{"day":5,"utc":"08:17:00","flight":"G4030"},{"day":5,"utc":"11:01:00","flight":"G4375"},{"day":5,"utc":"11:14:00","flight":"G4056"},{"day":5,"utc":"22:51:00","flight":"G4730"},{"day":6,"utc":"00:16:00","flight":"G4516"},{"day":6,"utc":"12:11:00","flight":"G4844"},{"day":6,"utc":"01:55:00","flight":"G4295"},{"day":6,"utc":"06:52:00","flight":"G4847"},{"day":6,"utc":"21:06:00","flight":"G4890"}],"distance":1705.0746167150153}