{"title":"Beverly Hills","name":"James Perse","alt":null,"address":"357 N. Canon Dr","directions":null,"phone":"+1 310 776-7100","tollfree":null,"email":null,"url":"http://www.jamesperse.com/","hours":null,"image":null,"price":null,"content":"It all started with a desire for the perfect baseball hat. Originally selling his designs from his father's store, James Perse has since opened his own stores specializing in basic T-shirts and an evolved California-style. Its flagship store is on Canon Drive in and houses a high-end home collection including cashmere blankets and bedding, an expanded intimates and loungewear line and the boardshorts and surf T-shirts evocative of his California upbringing.","geo":{"lat":34.070222,"lon":-118.400689,"accuracy":"APPROXIMATE"},"activity":"buy","type":"landmark","id":3387,"country":"United States","city":"Beverly Hills","state":"California"}