{"id":14603,"type":"route","airline":"BA","airlineid":"airline_1355","sourceairport":"LCY","destinationairport":"FLR","stops":0,"equipment":"E70 E90","schedule":[{"day":0,"utc":"05:07:00","flight":"BA178"},{"day":0,"utc":"14:23:00","flight":"BA207"},{"day":0,"utc":"22:02:00","flight":"BA634"},{"day":0,"utc":"16:43:00","flight":"BA692"},{"day":1,"utc":"16:39:00","flight":"BA904"},{"day":1,"utc":"10:21:00","flight":"BA922"},{"day":1,"utc":"03:40:00","flight":"BA095"},{"day":1,"utc":"05:31:00","flight":"BA036"},{"day":1,"utc":"17:59:00","flight":"BA065"},{"day":2,"utc":"07:01:00","flight":"BA952"},{"day":2,"utc":"17:36:00","flight":"BA291"},{"day":2,"utc":"15:28:00","flight":"BA739"},{"day":2,"utc":"04:58:00","flight":"BA827"},{"day":2,"utc":"04:25:00","flight":"BA797"},{"day":3,"utc":"10:30:00","flight":"BA162"},{"day":3,"utc":"14:38:00","flight":"BA563"},{"day":4,"utc":"01:07:00","flight":"BA118"},{"day":4,"utc":"04:58:00","flight":"BA319"},{"day":4,"utc":"09:54:00","flight":"BA106"},{"day":5,"utc":"17:53:00","flight":"BA963"},{"day":6,"utc":"20:00:00","flight":"BA439"},{"day":6,"utc":"09:39:00","flight":"BA037"},{"day":6,"utc":"14:26:00","flight":"BA039"},{"day":6,"utc":"04:51:00","flight":"BA670"}],"distance":1193.1089660981324}