{"id":55175,"type":"route","airline":"U2","airlineid":"airline_2297","sourceairport":"MRS","destinationairport":"LGW","stops":0,"equipment":"319 320","schedule":[{"day":0,"utc":"04:29:00","flight":"U2025"},{"day":0,"utc":"14:20:00","flight":"U2286"},{"day":1,"utc":"01:35:00","flight":"U2329"},{"day":1,"utc":"12:18:00","flight":"U2499"},{"day":1,"utc":"08:41:00","flight":"U2136"},{"day":1,"utc":"00:07:00","flight":"U2424"},{"day":2,"utc":"04:11:00","flight":"U2620"},{"day":2,"utc":"12:37:00","flight":"U2195"},{"day":2,"utc":"15:50:00","flight":"U2680"},{"day":3,"utc":"21:28:00","flight":"U2245"},{"day":3,"utc":"07:45:00","flight":"U2926"},{"day":3,"utc":"10:54:00","flight":"U2685"},{"day":3,"utc":"05:07:00","flight":"U2526"},{"day":3,"utc":"15:23:00","flight":"U2129"},{"day":4,"utc":"01:53:00","flight":"U2500"},{"day":5,"utc":"03:58:00","flight":"U2699"},{"day":5,"utc":"19:04:00","flight":"U2284"},{"day":5,"utc":"19:30:00","flight":"U2787"},{"day":6,"utc":"03:22:00","flight":"U2620"},{"day":6,"utc":"15:03:00","flight":"U2481"}],"distance":948.87567019529}