{"title":"Avignon","name":"esclavebar","alt":"gay club","address":"10 rue du Limas","directions":"near place Crillon","phone":"+33490851491","tollfree":null,"email":null,"url":"http://www.esclavebar.com","hours":"11PM-5AM","image":null,"price":null,"content":"The best gay and straight friendly club in town, open 7/7, full every night with shows, house and cruising area. Entrance is free of charge all year except July (5€ including a drink) alcohol:8€ soft drinks:5€ beers:7€ frequented in summer by most of theatre festival artists and celebrities. The place is small but on two floors with a smoking area inside. Second floor there is a backroom, first floor a small bar (mostly gay male) with videos. Ground floor dj's, main bar, and a small dance floor. Most people arrive after bars closing hour (1:30AM) so come here later, it's a must! Very friendly staff (1st floor bartender speaks good English)","geo":{"lat":43.9509374,"lon":4.8036922,"accuracy":"RANGE_INTERPOLATED"},"activity":"drink","type":"landmark","id":1355,"country":"France","city":"Avignon","state":"Provence-Alpes-Côte d'Azur"}