{"id":13312,"type":"route","airline":"AZ","airlineid":"airline_596","sourceairport":"FCO","destinationairport":"LCY","stops":0,"equipment":"E90","schedule":[{"day":0,"utc":"18:20:00","flight":"AZ422"},{"day":1,"utc":"10:35:00","flight":"AZ833"},{"day":1,"utc":"00:05:00","flight":"AZ685"},{"day":2,"utc":"21:33:00","flight":"AZ357"},{"day":2,"utc":"01:59:00","flight":"AZ572"},{"day":2,"utc":"16:37:00","flight":"AZ739"},{"day":2,"utc":"11:12:00","flight":"AZ551"},{"day":2,"utc":"11:56:00","flight":"AZ176"},{"day":3,"utc":"16:42:00","flight":"AZ415"},{"day":4,"utc":"08:54:00","flight":"AZ384"},{"day":4,"utc":"05:00:00","flight":"AZ734"},{"day":4,"utc":"01:49:00","flight":"AZ158"},{"day":4,"utc":"11:57:00","flight":"AZ610"},{"day":5,"utc":"16:11:00","flight":"AZ158"},{"day":5,"utc":"09:42:00","flight":"AZ364"},{"day":5,"utc":"10:18:00","flight":"AZ165"},{"day":5,"utc":"07:39:00","flight":"AZ782"},{"day":6,"utc":"15:20:00","flight":"AZ253"},{"day":6,"utc":"04:06:00","flight":"AZ304"}],"distance":1420.9706231758219}