{"id":54764,"type":"route","airline":"U2","airlineid":"airline_2297","sourceairport":"FCO","destinationairport":"ORY","stops":0,"equipment":"319 320","schedule":[{"day":0,"utc":"19:37:00","flight":"U2605"},{"day":0,"utc":"03:12:00","flight":"U2028"},{"day":1,"utc":"21:32:00","flight":"U2586"},{"day":1,"utc":"06:50:00","flight":"U2649"},{"day":2,"utc":"23:08:00","flight":"U2880"},{"day":2,"utc":"06:33:00","flight":"U2456"},{"day":2,"utc":"03:31:00","flight":"U2221"},{"day":2,"utc":"08:21:00","flight":"U2129"},{"day":3,"utc":"22:56:00","flight":"U2545"},{"day":3,"utc":"20:44:00","flight":"U2608"},{"day":3,"utc":"05:08:00","flight":"U2529"},{"day":3,"utc":"03:21:00","flight":"U2742"},{"day":4,"utc":"09:15:00","flight":"U2916"},{"day":4,"utc":"15:19:00","flight":"U2722"},{"day":4,"utc":"02:49:00","flight":"U2665"},{"day":4,"utc":"03:13:00","flight":"U2239"},{"day":4,"utc":"18:29:00","flight":"U2598"},{"day":5,"utc":"16:47:00","flight":"U2691"},{"day":5,"utc":"07:43:00","flight":"U2199"},{"day":5,"utc":"21:43:00","flight":"U2912"},{"day":5,"utc":"15:45:00","flight":"U2084"},{"day":5,"utc":"14:58:00","flight":"U2780"},{"day":6,"utc":"15:03:00","flight":"U2373"},{"day":6,"utc":"16:55:00","flight":"U2266"},{"day":6,"utc":"21:33:00","flight":"U2812"},{"day":6,"utc":"09:00:00","flight":"U2389"}],"distance":1089.8501589033513}