{"id":38384,"type":"route","airline":"LH","airlineid":"airline_3320","sourceairport":"GLA","destinationairport":"DUS","stops":0,"equipment":"CR9","schedule":[{"day":0,"utc":"05:49:00","flight":"LH581"},{"day":1,"utc":"01:49:00","flight":"LH117"},{"day":1,"utc":"14:32:00","flight":"LH568"},{"day":1,"utc":"20:06:00","flight":"LH419"},{"day":2,"utc":"06:20:00","flight":"LH513"},{"day":2,"utc":"16:01:00","flight":"LH691"},{"day":2,"utc":"00:30:00","flight":"LH506"},{"day":2,"utc":"03:09:00","flight":"LH876"},{"day":3,"utc":"09:02:00","flight":"LH951"},{"day":4,"utc":"19:55:00","flight":"LH204"},{"day":4,"utc":"03:08:00","flight":"LH765"},{"day":4,"utc":"18:30:00","flight":"LH241"},{"day":4,"utc":"00:32:00","flight":"LH930"},{"day":5,"utc":"16:40:00","flight":"LH437"},{"day":6,"utc":"21:31:00","flight":"LH763"}],"distance":896.2537393800404}