{"id":6520,"type":"route","airline":"AA","airlineid":"airline_24","sourceairport":"PHX","destinationairport":"AUS","stops":0,"equipment":"319 CR9","schedule":[{"day":0,"utc":"14:27:00","flight":"AA668"},{"day":0,"utc":"22:45:00","flight":"AA280"},{"day":0,"utc":"08:10:00","flight":"AA751"},{"day":0,"utc":"09:17:00","flight":"AA678"},{"day":1,"utc":"21:50:00","flight":"AA731"},{"day":2,"utc":"00:26:00","flight":"AA657"},{"day":2,"utc":"15:09:00","flight":"AA755"},{"day":2,"utc":"07:04:00","flight":"AA384"},{"day":3,"utc":"05:32:00","flight":"AA377"},{"day":3,"utc":"18:29:00","flight":"AA324"},{"day":4,"utc":"09:47:00","flight":"AA516"},{"day":4,"utc":"06:35:00","flight":"AA041"},{"day":4,"utc":"22:32:00","flight":"AA429"},{"day":5,"utc":"07:47:00","flight":"AA849"},{"day":5,"utc":"09:21:00","flight":"AA702"},{"day":5,"utc":"10:32:00","flight":"AA242"},{"day":6,"utc":"01:42:00","flight":"AA813"},{"day":6,"utc":"06:53:00","flight":"AA294"},{"day":6,"utc":"09:40:00","flight":"AA801"},{"day":6,"utc":"17:03:00","flight":"AA259"}],"distance":1400.867429546882}