{"id":6170,"type":"route","airline":"AA","airlineid":"airline_24","sourceairport":"NAS","destinationairport":"DFW","stops":0,"equipment":"738","schedule":[{"day":0,"utc":"15:53:00","flight":"AA802"},{"day":1,"utc":"04:40:00","flight":"AA831"},{"day":2,"utc":"08:45:00","flight":"AA103"},{"day":2,"utc":"03:30:00","flight":"AA573"},{"day":3,"utc":"14:30:00","flight":"AA850"},{"day":4,"utc":"02:06:00","flight":"AA713"},{"day":4,"utc":"18:34:00","flight":"AA075"},{"day":4,"utc":"14:44:00","flight":"AA363"},{"day":4,"utc":"15:33:00","flight":"AA760"},{"day":4,"utc":"23:17:00","flight":"AA168"},{"day":5,"utc":"06:26:00","flight":"AA694"},{"day":5,"utc":"10:45:00","flight":"AA029"},{"day":6,"utc":"09:51:00","flight":"AA482"}],"distance":2090.31710278249}