{"id":52978,"type":"route","airline":"TN","airlineid":"airline_225","sourceairport":"NRT","destinationairport":"ICN","stops":0,"equipment":"333","schedule":[{"day":0,"utc":"00:32:00","flight":"TN464"},{"day":0,"utc":"13:40:00","flight":"TN086"},{"day":0,"utc":"05:45:00","flight":"TN142"},{"day":0,"utc":"09:05:00","flight":"TN781"},{"day":0,"utc":"16:53:00","flight":"TN160"},{"day":1,"utc":"23:49:00","flight":"TN945"},{"day":1,"utc":"04:00:00","flight":"TN889"},{"day":1,"utc":"16:38:00","flight":"TN697"},{"day":1,"utc":"19:54:00","flight":"TN204"},{"day":1,"utc":"16:04:00","flight":"TN277"},{"day":2,"utc":"12:35:00","flight":"TN105"},{"day":2,"utc":"15:35:00","flight":"TN925"},{"day":2,"utc":"03:17:00","flight":"TN942"},{"day":2,"utc":"00:16:00","flight":"TN425"},{"day":2,"utc":"00:57:00","flight":"TN400"},{"day":3,"utc":"05:16:00","flight":"TN535"},{"day":3,"utc":"09:24:00","flight":"TN719"},{"day":4,"utc":"11:42:00","flight":"TN090"},{"day":4,"utc":"09:08:00","flight":"TN182"},{"day":4,"utc":"21:53:00","flight":"TN023"},{"day":4,"utc":"05:51:00","flight":"TN420"},{"day":5,"utc":"02:51:00","flight":"TN621"},{"day":5,"utc":"04:45:00","flight":"TN214"},{"day":6,"utc":"10:16:00","flight":"TN470"},{"day":6,"utc":"09:47:00","flight":"TN789"},{"day":6,"utc":"13:06:00","flight":"TN362"},{"day":6,"utc":"16:17:00","flight":"TN279"},{"day":6,"utc":"17:34:00","flight":"TN399"}],"distance":1256.924828589447}