{"id":4656,"type":"route","airline":"AA","airlineid":"airline_24","sourceairport":"ABE","destinationairport":"CLT","stops":0,"equipment":"CR9 CR7 CRJ","schedule":[{"day":0,"utc":"13:16:00","flight":"AA915"},{"day":0,"utc":"22:10:00","flight":"AA249"},{"day":0,"utc":"05:51:00","flight":"AA149"},{"day":0,"utc":"00:44:00","flight":"AA834"},{"day":1,"utc":"12:21:00","flight":"AA660"},{"day":1,"utc":"12:40:00","flight":"AA556"},{"day":2,"utc":"06:36:00","flight":"AA345"},{"day":2,"utc":"20:28:00","flight":"AA604"},{"day":3,"utc":"02:52:00","flight":"AA558"},{"day":3,"utc":"13:25:00","flight":"AA479"},{"day":3,"utc":"16:04:00","flight":"AA285"},{"day":3,"utc":"11:35:00","flight":"AA807"},{"day":4,"utc":"08:22:00","flight":"AA718"},{"day":5,"utc":"01:21:00","flight":"AA928"},{"day":5,"utc":"13:53:00","flight":"AA921"},{"day":5,"utc":"12:23:00","flight":"AA835"},{"day":5,"utc":"07:58:00","flight":"AA485"},{"day":5,"utc":"09:22:00","flight":"AA901"},{"day":6,"utc":"08:19:00","flight":"AA247"},{"day":6,"utc":"10:55:00","flight":"AA229"},{"day":6,"utc":"04:38:00","flight":"AA421"},{"day":6,"utc":"18:07:00","flight":"AA320"},{"day":6,"utc":"03:01:00","flight":"AA692"}],"distance":773.2779572930142}