{"id":8139,"type":"route","airline":"AC","airlineid":"airline_330","sourceairport":"YOW","destinationairport":"ORD","stops":0,"equipment":"ERJ E70","schedule":[{"day":0,"utc":"20:03:00","flight":"AC119"},{"day":0,"utc":"19:21:00","flight":"AC655"},{"day":1,"utc":"17:16:00","flight":"AC263"},{"day":1,"utc":"03:42:00","flight":"AC860"},{"day":1,"utc":"01:23:00","flight":"AC229"},{"day":1,"utc":"10:43:00","flight":"AC407"},{"day":1,"utc":"10:52:00","flight":"AC259"},{"day":2,"utc":"10:47:00","flight":"AC148"},{"day":2,"utc":"22:24:00","flight":"AC768"},{"day":2,"utc":"13:58:00","flight":"AC391"},{"day":2,"utc":"13:00:00","flight":"AC242"},{"day":3,"utc":"13:30:00","flight":"AC566"},{"day":3,"utc":"12:25:00","flight":"AC616"},{"day":3,"utc":"07:47:00","flight":"AC551"},{"day":3,"utc":"21:29:00","flight":"AC348"},{"day":3,"utc":"12:53:00","flight":"AC306"},{"day":4,"utc":"01:18:00","flight":"AC008"},{"day":4,"utc":"00:52:00","flight":"AC598"},{"day":4,"utc":"20:11:00","flight":"AC729"},{"day":4,"utc":"19:17:00","flight":"AC471"},{"day":5,"utc":"10:17:00","flight":"AC569"},{"day":6,"utc":"19:11:00","flight":"AC865"},{"day":6,"utc":"19:55:00","flight":"AC375"},{"day":6,"utc":"07:54:00","flight":"AC459"}],"distance":1050.9957510834502}