{"id":39254,"type":"route","airline":"LS","airlineid":"airline_3026","sourceairport":"BLK","destinationairport":"ALC","stops":0,"equipment":"733 73C","schedule":[{"day":0,"utc":"01:17:00","flight":"LS601"},{"day":0,"utc":"19:12:00","flight":"LS119"},{"day":0,"utc":"22:40:00","flight":"LS294"},{"day":0,"utc":"04:37:00","flight":"LS503"},{"day":1,"utc":"17:49:00","flight":"LS391"},{"day":1,"utc":"15:10:00","flight":"LS698"},{"day":1,"utc":"16:42:00","flight":"LS422"},{"day":2,"utc":"23:46:00","flight":"LS474"},{"day":2,"utc":"11:08:00","flight":"LS286"},{"day":2,"utc":"15:05:00","flight":"LS284"},{"day":2,"utc":"20:25:00","flight":"LS540"},{"day":2,"utc":"07:46:00","flight":"LS993"},{"day":3,"utc":"15:29:00","flight":"LS279"},{"day":3,"utc":"14:51:00","flight":"LS903"},{"day":3,"utc":"07:30:00","flight":"LS848"},{"day":3,"utc":"06:38:00","flight":"LS259"},{"day":4,"utc":"22:41:00","flight":"LS642"},{"day":4,"utc":"07:26:00","flight":"LS896"},{"day":4,"utc":"16:49:00","flight":"LS321"},{"day":4,"utc":"13:14:00","flight":"LS267"},{"day":5,"utc":"11:58:00","flight":"LS261"},{"day":6,"utc":"18:50:00","flight":"LS173"},{"day":6,"utc":"20:17:00","flight":"LS437"},{"day":6,"utc":"01:11:00","flight":"LS025"},{"day":6,"utc":"18:23:00","flight":"LS024"}],"distance":1732.6099097419938}