{"id":29203,"type":"route","airline":"G4","airlineid":"airline_35","sourceairport":"SFB","destinationairport":"TRI","stops":0,"equipment":"M80","schedule":[{"day":0,"utc":"19:30:00","flight":"G4388"},{"day":0,"utc":"12:21:00","flight":"G4820"},{"day":0,"utc":"01:08:00","flight":"G4497"},{"day":0,"utc":"19:28:00","flight":"G4066"},{"day":0,"utc":"03:38:00","flight":"G4442"},{"day":1,"utc":"03:18:00","flight":"G4161"},{"day":1,"utc":"23:44:00","flight":"G4678"},{"day":2,"utc":"09:36:00","flight":"G4254"},{"day":3,"utc":"06:58:00","flight":"G4671"},{"day":3,"utc":"05:21:00","flight":"G4125"},{"day":4,"utc":"19:38:00","flight":"G4490"},{"day":4,"utc":"15:20:00","flight":"G4938"},{"day":4,"utc":"18:38:00","flight":"G4935"},{"day":5,"utc":"11:56:00","flight":"G4746"},{"day":5,"utc":"19:11:00","flight":"G4563"},{"day":6,"utc":"20:12:00","flight":"G4724"}],"distance":862.8924702121514}