{"id":14480,"type":"route","airline":"BA","airlineid":"airline_1355","sourceairport":"CUN","destinationairport":"LGW","stops":0,"equipment":"777","schedule":[{"day":0,"utc":"06:33:00","flight":"BA761"},{"day":0,"utc":"22:48:00","flight":"BA307"},{"day":0,"utc":"18:53:00","flight":"BA551"},{"day":1,"utc":"01:44:00","flight":"BA421"},{"day":1,"utc":"19:44:00","flight":"BA005"},{"day":1,"utc":"09:46:00","flight":"BA085"},{"day":2,"utc":"08:59:00","flight":"BA435"},{"day":2,"utc":"08:20:00","flight":"BA475"},{"day":3,"utc":"03:24:00","flight":"BA023"},{"day":3,"utc":"16:31:00","flight":"BA874"},{"day":4,"utc":"20:22:00","flight":"BA246"},{"day":5,"utc":"12:34:00","flight":"BA995"},{"day":5,"utc":"22:45:00","flight":"BA881"},{"day":6,"utc":"12:30:00","flight":"BA456"},{"day":6,"utc":"20:22:00","flight":"BA592"},{"day":6,"utc":"07:50:00","flight":"BA834"},{"day":6,"utc":"04:22:00","flight":"BA111"},{"day":6,"utc":"07:25:00","flight":"BA923"}],"distance":7976.732469503564}