{"title":"Paris/11th arrondissement","name":"Café Cannibale","alt":null,"address":"93, rue Jean-Pierre Timbaud","directions":"Métro: Parmentier","phone":"+33  1 49 29 95 59","tollfree":null,"email":null,"url":null,"hours":null,"image":null,"price":null,"content":"Originally ladies-only, it's now co-ed. The word ''fashionable'' doesn't even begin to explain the place.","geo":{"lat":48.8683229,"lon":2.3792526,"accuracy":"APPROXIMATE"},"activity":"eat","type":"landmark","id":21605,"country":"France","city":"Paris","state":"Île-de-France"}