{"id":57723,"type":"route","airline":"UA","airlineid":"airline_5209","sourceairport":"SJC","destinationairport":"DEN","stops":0,"equipment":"752 319 738 73G","schedule":[{"day":0,"utc":"21:55:00","flight":"UA334"},{"day":0,"utc":"08:45:00","flight":"UA052"},{"day":1,"utc":"19:15:00","flight":"UA219"},{"day":1,"utc":"08:58:00","flight":"UA358"},{"day":1,"utc":"15:00:00","flight":"UA388"},{"day":2,"utc":"15:03:00","flight":"UA517"},{"day":2,"utc":"18:14:00","flight":"UA604"},{"day":3,"utc":"11:10:00","flight":"UA348"},{"day":3,"utc":"16:59:00","flight":"UA665"},{"day":3,"utc":"00:25:00","flight":"UA161"},{"day":3,"utc":"23:28:00","flight":"UA053"},{"day":4,"utc":"07:08:00","flight":"UA133"},{"day":5,"utc":"02:54:00","flight":"UA408"},{"day":5,"utc":"11:17:00","flight":"UA902"},{"day":5,"utc":"08:27:00","flight":"UA752"},{"day":5,"utc":"06:54:00","flight":"UA027"},{"day":6,"utc":"10:07:00","flight":"UA056"},{"day":6,"utc":"09:08:00","flight":"UA891"},{"day":6,"utc":"12:22:00","flight":"UA631"},{"day":6,"utc":"22:06:00","flight":"UA969"},{"day":6,"utc":"14:04:00","flight":"UA264"}],"distance":1522.3108383592846}