{"id":30188,"type":"route","airline":"GS","airlineid":"airline_690","sourceairport":"CIF","destinationairport":"HET","stops":0,"equipment":"E90 ERJ","schedule":[{"day":0,"utc":"16:17:00","flight":"GS633"},{"day":0,"utc":"11:17:00","flight":"GS336"},{"day":1,"utc":"01:49:00","flight":"GS153"},{"day":1,"utc":"18:32:00","flight":"GS720"},{"day":1,"utc":"21:10:00","flight":"GS317"},{"day":2,"utc":"20:03:00","flight":"GS489"},{"day":2,"utc":"04:12:00","flight":"GS989"},{"day":2,"utc":"02:29:00","flight":"GS327"},{"day":3,"utc":"20:28:00","flight":"GS449"},{"day":3,"utc":"12:09:00","flight":"GS706"},{"day":4,"utc":"20:24:00","flight":"GS681"},{"day":4,"utc":"01:47:00","flight":"GS424"},{"day":4,"utc":"21:30:00","flight":"GS378"},{"day":5,"utc":"08:44:00","flight":"GS959"},{"day":6,"utc":"22:35:00","flight":"GS831"}],"distance":609.090199401097}