{"title":"San Francisco/Western Addition","name":"Little Star Pizza","alt":null,"address":"846 Divisadero Street","directions":"between McAllister and Fulton","phone":"+1 415 441-1118","tollfree":null,"email":null,"url":"http://www.littlestarpizza.com","hours":"Su-Th 5PM-10PM, F-Sa 5PM-11PM","image":null,"price":null,"content":"The Chicago deep dish here is among the best in the city.","geo":{"lat":37.7774,"lon":-122.4381,"accuracy":"ROOFTOP"},"activity":"eat","type":"landmark","id":26252,"country":"United States","city":"San Francisco","state":"California"}