{"id":55821,"type":"route","airline":"UA","airlineid":"airline_5209","sourceairport":"AUS","destinationairport":"IAD","stops":0,"equipment":"CR7 E70","schedule":[{"day":0,"utc":"02:17:00","flight":"UA173"},{"day":0,"utc":"19:58:00","flight":"UA849"},{"day":1,"utc":"16:30:00","flight":"UA206"},{"day":1,"utc":"23:49:00","flight":"UA507"},{"day":1,"utc":"05:19:00","flight":"UA785"},{"day":1,"utc":"12:48:00","flight":"UA814"},{"day":1,"utc":"05:05:00","flight":"UA226"},{"day":2,"utc":"03:00:00","flight":"UA035"},{"day":2,"utc":"09:20:00","flight":"UA320"},{"day":2,"utc":"05:37:00","flight":"UA299"},{"day":3,"utc":"15:21:00","flight":"UA691"},{"day":3,"utc":"23:51:00","flight":"UA182"},{"day":4,"utc":"17:08:00","flight":"UA688"},{"day":4,"utc":"18:58:00","flight":"UA528"},{"day":4,"utc":"00:45:00","flight":"UA933"},{"day":4,"utc":"02:45:00","flight":"UA819"},{"day":4,"utc":"15:29:00","flight":"UA353"},{"day":5,"utc":"15:29:00","flight":"UA345"},{"day":5,"utc":"17:46:00","flight":"UA045"},{"day":5,"utc":"11:52:00","flight":"UA144"},{"day":5,"utc":"11:30:00","flight":"UA619"},{"day":6,"utc":"09:42:00","flight":"UA516"},{"day":6,"utc":"19:48:00","flight":"UA832"},{"day":6,"utc":"04:28:00","flight":"UA023"},{"day":6,"utc":"03:27:00","flight":"UA691"}],"distance":2084.3616931969095}