{"id":56470,"type":"route","airline":"UA","airlineid":"airline_5209","sourceairport":"FRA","destinationairport":"DOH","stops":0,"equipment":"333","schedule":[{"day":0,"utc":"20:40:00","flight":"UA890"},{"day":0,"utc":"23:49:00","flight":"UA406"},{"day":0,"utc":"10:11:00","flight":"UA872"},{"day":0,"utc":"15:08:00","flight":"UA470"},{"day":1,"utc":"02:08:00","flight":"UA668"},{"day":2,"utc":"14:58:00","flight":"UA817"},{"day":2,"utc":"10:39:00","flight":"UA515"},{"day":2,"utc":"06:20:00","flight":"UA004"},{"day":2,"utc":"04:59:00","flight":"UA582"},{"day":3,"utc":"11:03:00","flight":"UA523"},{"day":3,"utc":"02:39:00","flight":"UA757"},{"day":3,"utc":"17:49:00","flight":"UA727"},{"day":3,"utc":"02:47:00","flight":"UA676"},{"day":4,"utc":"09:36:00","flight":"UA391"},{"day":4,"utc":"06:03:00","flight":"UA389"},{"day":5,"utc":"13:42:00","flight":"UA882"},{"day":5,"utc":"15:21:00","flight":"UA756"},{"day":5,"utc":"08:12:00","flight":"UA702"},{"day":5,"utc":"06:02:00","flight":"UA194"},{"day":5,"utc":"17:52:00","flight":"UA194"},{"day":6,"utc":"17:24:00","flight":"UA960"},{"day":6,"utc":"10:10:00","flight":"UA543"},{"day":6,"utc":"15:59:00","flight":"UA064"},{"day":6,"utc":"22:26:00","flight":"UA066"}],"distance":4587.211743204882}