{"id":59855,"type":"route","airline":"US","airlineid":"airline_5265","sourceairport":"OGG","destinationairport":"LAX","stops":0,"equipment":"757","schedule":[{"day":0,"utc":"21:32:00","flight":"US801"},{"day":0,"utc":"23:35:00","flight":"US521"},{"day":1,"utc":"17:02:00","flight":"US222"},{"day":2,"utc":"03:07:00","flight":"US822"},{"day":2,"utc":"06:34:00","flight":"US857"},{"day":2,"utc":"18:49:00","flight":"US151"},{"day":2,"utc":"17:00:00","flight":"US355"},{"day":2,"utc":"03:19:00","flight":"US065"},{"day":3,"utc":"20:01:00","flight":"US918"},{"day":3,"utc":"15:50:00","flight":"US867"},{"day":3,"utc":"22:47:00","flight":"US190"},{"day":4,"utc":"16:20:00","flight":"US335"},{"day":4,"utc":"04:01:00","flight":"US436"},{"day":4,"utc":"00:23:00","flight":"US439"},{"day":5,"utc":"06:45:00","flight":"US235"},{"day":6,"utc":"13:40:00","flight":"US970"},{"day":6,"utc":"01:41:00","flight":"US921"},{"day":6,"utc":"09:01:00","flight":"US869"},{"day":6,"utc":"20:19:00","flight":"US624"},{"day":6,"utc":"02:47:00","flight":"US024"}],"distance":3995.4467569645235}