{"id":14087,"type":"route","airline":"B6","airlineid":"airline_3029","sourceairport":"JFK","destinationairport":"PHX","stops":0,"equipment":"320","schedule":[{"day":0,"utc":"01:55:00","flight":"B6382"},{"day":1,"utc":"12:44:00","flight":"B6019"},{"day":1,"utc":"11:52:00","flight":"B6896"},{"day":1,"utc":"23:25:00","flight":"B6115"},{"day":1,"utc":"06:36:00","flight":"B6864"},{"day":2,"utc":"23:08:00","flight":"B6395"},{"day":2,"utc":"16:41:00","flight":"B6324"},{"day":2,"utc":"07:07:00","flight":"B6440"},{"day":2,"utc":"15:38:00","flight":"B6569"},{"day":3,"utc":"15:47:00","flight":"B6306"},{"day":3,"utc":"19:04:00","flight":"B6845"},{"day":4,"utc":"04:14:00","flight":"B6635"},{"day":4,"utc":"05:54:00","flight":"B6320"},{"day":4,"utc":"16:56:00","flight":"B6435"},{"day":4,"utc":"02:17:00","flight":"B6095"},{"day":5,"utc":"19:55:00","flight":"B6153"},{"day":6,"utc":"03:08:00","flight":"B6798"},{"day":6,"utc":"18:09:00","flight":"B6717"}],"distance":3458.0825986143427}