{"id":59678,"type":"route","airline":"US","airlineid":"airline_5265","sourceairport":"MIA","destinationairport":"ATL","stops":0,"equipment":"ERD 738 ER4","schedule":[{"day":0,"utc":"18:05:00","flight":"US763"},{"day":0,"utc":"14:14:00","flight":"US093"},{"day":0,"utc":"13:04:00","flight":"US554"},{"day":1,"utc":"04:40:00","flight":"US156"},{"day":1,"utc":"14:27:00","flight":"US482"},{"day":1,"utc":"06:37:00","flight":"US020"},{"day":2,"utc":"16:53:00","flight":"US322"},{"day":2,"utc":"19:37:00","flight":"US730"},{"day":2,"utc":"05:47:00","flight":"US255"},{"day":3,"utc":"08:17:00","flight":"US391"},{"day":3,"utc":"03:08:00","flight":"US207"},{"day":3,"utc":"12:35:00","flight":"US595"},{"day":3,"utc":"17:41:00","flight":"US896"},{"day":3,"utc":"06:52:00","flight":"US931"},{"day":4,"utc":"22:05:00","flight":"US606"},{"day":4,"utc":"03:08:00","flight":"US775"},{"day":4,"utc":"11:27:00","flight":"US724"},{"day":5,"utc":"18:40:00","flight":"US913"},{"day":5,"utc":"20:58:00","flight":"US004"},{"day":5,"utc":"18:43:00","flight":"US604"},{"day":6,"utc":"08:06:00","flight":"US563"},{"day":6,"utc":"16:06:00","flight":"US970"}],"distance":959.0618701672437}