{"id":56077,"type":"route","airline":"UA","airlineid":"airline_5209","sourceairport":"DDC","destinationairport":"LBL","stops":0,"equipment":"BE1","schedule":[{"day":0,"utc":"10:32:00","flight":"UA761"},{"day":0,"utc":"15:35:00","flight":"UA999"},{"day":0,"utc":"15:21:00","flight":"UA613"},{"day":0,"utc":"11:54:00","flight":"UA129"},{"day":0,"utc":"16:41:00","flight":"UA924"},{"day":1,"utc":"20:00:00","flight":"UA211"},{"day":1,"utc":"13:19:00","flight":"UA975"},{"day":1,"utc":"23:18:00","flight":"UA937"},{"day":1,"utc":"23:25:00","flight":"UA870"},{"day":2,"utc":"04:18:00","flight":"UA339"},{"day":2,"utc":"14:17:00","flight":"UA459"},{"day":2,"utc":"06:34:00","flight":"UA084"},{"day":3,"utc":"07:43:00","flight":"UA320"},{"day":3,"utc":"02:45:00","flight":"UA554"},{"day":4,"utc":"07:01:00","flight":"UA031"},{"day":4,"utc":"17:26:00","flight":"UA064"},{"day":4,"utc":"19:09:00","flight":"UA104"},{"day":4,"utc":"22:01:00","flight":"UA943"},{"day":4,"utc":"19:36:00","flight":"UA596"},{"day":5,"utc":"23:37:00","flight":"UA730"},{"day":5,"utc":"13:10:00","flight":"UA198"},{"day":6,"utc":"11:32:00","flight":"UA683"},{"day":6,"utc":"23:36:00","flight":"UA044"},{"day":6,"utc":"00:24:00","flight":"UA176"}],"distance":118.77552597066226}