{"id":55766,"type":"route","airline":"UA","airlineid":"airline_5209","sourceairport":"ABQ","destinationairport":"SFO","stops":0,"equipment":"CRJ","schedule":[{"day":0,"utc":"14:37:00","flight":"UA875"},{"day":1,"utc":"08:45:00","flight":"UA408"},{"day":2,"utc":"04:25:00","flight":"UA213"},{"day":2,"utc":"14:32:00","flight":"UA304"},{"day":2,"utc":"03:55:00","flight":"UA452"},{"day":3,"utc":"11:02:00","flight":"UA944"},{"day":3,"utc":"17:17:00","flight":"UA103"},{"day":3,"utc":"10:30:00","flight":"UA948"},{"day":4,"utc":"23:47:00","flight":"UA917"},{"day":5,"utc":"19:53:00","flight":"UA698"},{"day":5,"utc":"03:32:00","flight":"UA442"},{"day":5,"utc":"10:24:00","flight":"UA622"},{"day":5,"utc":"08:00:00","flight":"UA627"},{"day":5,"utc":"17:13:00","flight":"UA304"},{"day":6,"utc":"15:23:00","flight":"UA321"},{"day":6,"utc":"17:07:00","flight":"UA109"},{"day":6,"utc":"16:36:00","flight":"UA446"},{"day":6,"utc":"05:25:00","flight":"UA741"}],"distance":1439.2772722093166}