{"id":63801,"type":"route","airline":"WN","airlineid":"airline_4547","sourceairport":"FLL","destinationairport":"MCI","stops":0,"equipment":"73W","schedule":[{"day":0,"utc":"03:03:00","flight":"WN158"},{"day":1,"utc":"11:46:00","flight":"WN935"},{"day":1,"utc":"12:33:00","flight":"WN163"},{"day":2,"utc":"10:38:00","flight":"WN992"},{"day":2,"utc":"21:09:00","flight":"WN682"},{"day":2,"utc":"14:41:00","flight":"WN528"},{"day":2,"utc":"11:27:00","flight":"WN687"},{"day":3,"utc":"17:44:00","flight":"WN350"},{"day":4,"utc":"18:06:00","flight":"WN878"},{"day":4,"utc":"19:11:00","flight":"WN226"},{"day":4,"utc":"17:51:00","flight":"WN628"},{"day":4,"utc":"10:44:00","flight":"WN827"},{"day":5,"utc":"17:32:00","flight":"WN142"},{"day":5,"utc":"16:54:00","flight":"WN652"},{"day":6,"utc":"20:43:00","flight":"WN928"},{"day":6,"utc":"11:18:00","flight":"WN721"},{"day":6,"utc":"13:30:00","flight":"WN063"},{"day":6,"utc":"16:19:00","flight":"WN109"},{"day":6,"utc":"05:04:00","flight":"WN699"}],"distance":1999.5426019836389}