{"title":"Paris/11th arrondissement","name":"Nouveau Casino et Café Charbon","alt":null,"address":"109, rue Oberkampf","directions":"Métro Parmentier, across the street from Justine's","phone":"+33 1 43 57 57 40","tollfree":null,"email":null,"url":null,"hours":null,"image":null,"price":"Beer €5","content":"The New Casino keeps rocking until dawn both in the bar downstairs and the medium-size dance hall upstairs, making it ''the'' favourite among young Parisians, especially after the other places in the neighbourhood have closed. The dance/concert hall features cutting-edge indie rock groups and cutting-edge electronica. The prices do reflect the hipness however.","geo":{"lat":48.865788,"lon":2.377617,"accuracy":"RANGE_INTERPOLATED"},"activity":"drink","type":"landmark","id":21606,"country":"France","city":"Paris","state":"Île-de-France"}