{"title":"El Camino Real","name":"Mission San Juan Capistrano","alt":null,"address":"26801 Ortega Hwy, San Juan Capistrano, CA","directions":null,"phone":"+1 949 234-1300","tollfree":null,"email":null,"url":"http://www.missionsjc.com/","hours":"Open daily 9am-5pm","image":null,"price":"Adults $9, seniors (60+) $8, children (under 11) $6, children (under 3) free","content":"This is a historic mission founded in 1776 (the seventh mission) by Spanish missionary Junipero Serra. It was the first mission to grow grapes. Today it is a museum where tours of the site are offered and masses are still celebrated in its Serra Chapel (the only existing building where we can say Serra preached). Audio tours are included with museum admission. The site houses ruins of a collapsed portion of the &quot;Great Stone Church&quot; and the annual &quot;Return of the Swallows&quot; observed March 19.","geo":{"lat":33.502039,"lon":-117.662673,"accuracy":"ROOFTOP"},"activity":"see","type":"landmark","id":37506,"country":"United States","city":"San Juan Capistrano","state":"California"}