{"id":25332,"type":"route","airline":"FL","airlineid":"airline_1316","sourceairport":"MKE","destinationairport":"TPA","stops":0,"equipment":"73W","schedule":[{"day":0,"utc":"18:03:00","flight":"FL281"},{"day":0,"utc":"04:36:00","flight":"FL410"},{"day":0,"utc":"18:20:00","flight":"FL872"},{"day":1,"utc":"07:39:00","flight":"FL713"},{"day":1,"utc":"07:24:00","flight":"FL644"},{"day":1,"utc":"03:42:00","flight":"FL456"},{"day":2,"utc":"04:32:00","flight":"FL890"},{"day":3,"utc":"15:54:00","flight":"FL002"},{"day":3,"utc":"19:04:00","flight":"FL615"},{"day":3,"utc":"12:06:00","flight":"FL602"},{"day":3,"utc":"15:40:00","flight":"FL973"},{"day":3,"utc":"08:29:00","flight":"FL993"},{"day":4,"utc":"18:14:00","flight":"FL093"},{"day":4,"utc":"03:57:00","flight":"FL349"},{"day":4,"utc":"06:09:00","flight":"FL754"},{"day":5,"utc":"15:13:00","flight":"FL997"},{"day":5,"utc":"12:54:00","flight":"FL079"},{"day":5,"utc":"13:35:00","flight":"FL622"},{"day":6,"utc":"09:55:00","flight":"FL005"},{"day":6,"utc":"12:31:00","flight":"FL704"},{"day":6,"utc":"11:19:00","flight":"FL934"},{"day":6,"utc":"01:46:00","flight":"FL594"}],"distance":1733.204738425821}