{"id":59456,"type":"route","airline":"US","airlineid":"airline_5265","sourceairport":"JFK","destinationairport":"SFO","stops":0,"equipment":"32B 763","schedule":[{"day":0,"utc":"08:19:00","flight":"US138"},{"day":0,"utc":"08:16:00","flight":"US332"},{"day":0,"utc":"09:25:00","flight":"US964"},{"day":0,"utc":"09:50:00","flight":"US936"},{"day":0,"utc":"12:41:00","flight":"US125"},{"day":1,"utc":"23:30:00","flight":"US123"},{"day":1,"utc":"17:51:00","flight":"US315"},{"day":1,"utc":"18:53:00","flight":"US807"},{"day":1,"utc":"11:19:00","flight":"US220"},{"day":2,"utc":"11:38:00","flight":"US003"},{"day":2,"utc":"11:40:00","flight":"US884"},{"day":2,"utc":"05:58:00","flight":"US594"},{"day":3,"utc":"15:31:00","flight":"US873"},{"day":3,"utc":"09:51:00","flight":"US243"},{"day":3,"utc":"12:42:00","flight":"US248"},{"day":3,"utc":"01:57:00","flight":"US437"},{"day":3,"utc":"04:10:00","flight":"US492"},{"day":4,"utc":"15:18:00","flight":"US486"},{"day":4,"utc":"03:04:00","flight":"US472"},{"day":5,"utc":"13:30:00","flight":"US960"},{"day":5,"utc":"08:12:00","flight":"US165"},{"day":5,"utc":"15:29:00","flight":"US797"},{"day":5,"utc":"20:48:00","flight":"US926"},{"day":5,"utc":"21:19:00","flight":"US415"},{"day":6,"utc":"08:14:00","flight":"US713"},{"day":6,"utc":"19:37:00","flight":"US358"},{"day":6,"utc":"15:22:00","flight":"US624"},{"day":6,"utc":"21:43:00","flight":"US627"}],"distance":4151.77720839701}