{"id":15229,"type":"route","airline":"BE","airlineid":"airline_2421","sourceairport":"MAN","destinationairport":"GLA","stops":0,"equipment":"DH4","schedule":[{"day":0,"utc":"17:02:00","flight":"BE855"},{"day":0,"utc":"14:51:00","flight":"BE312"},{"day":0,"utc":"16:15:00","flight":"BE893"},{"day":1,"utc":"06:09:00","flight":"BE933"},{"day":1,"utc":"20:16:00","flight":"BE027"},{"day":1,"utc":"01:00:00","flight":"BE317"},{"day":2,"utc":"12:37:00","flight":"BE253"},{"day":2,"utc":"15:37:00","flight":"BE752"},{"day":2,"utc":"17:47:00","flight":"BE445"},{"day":3,"utc":"23:28:00","flight":"BE392"},{"day":3,"utc":"14:48:00","flight":"BE564"},{"day":3,"utc":"00:56:00","flight":"BE522"},{"day":3,"utc":"01:10:00","flight":"BE619"},{"day":3,"utc":"00:51:00","flight":"BE301"},{"day":4,"utc":"19:48:00","flight":"BE765"},{"day":4,"utc":"07:17:00","flight":"BE540"},{"day":4,"utc":"17:55:00","flight":"BE718"},{"day":4,"utc":"08:44:00","flight":"BE911"},{"day":4,"utc":"13:13:00","flight":"BE317"},{"day":5,"utc":"08:34:00","flight":"BE081"},{"day":5,"utc":"00:51:00","flight":"BE618"},{"day":5,"utc":"07:23:00","flight":"BE703"},{"day":5,"utc":"13:21:00","flight":"BE592"},{"day":6,"utc":"17:16:00","flight":"BE193"},{"day":6,"utc":"06:35:00","flight":"BE719"}],"distance":312.56163191737056}