{"id":9682,"type":"route","airline":"AF","airlineid":"airline_137","sourceairport":"LYS","destinationairport":"BHX","stops":0,"equipment":"E75","schedule":[{"day":0,"utc":"22:19:00","flight":"AF405"},{"day":0,"utc":"15:15:00","flight":"AF339"},{"day":0,"utc":"16:27:00","flight":"AF970"},{"day":0,"utc":"15:38:00","flight":"AF130"},{"day":1,"utc":"14:03:00","flight":"AF615"},{"day":1,"utc":"20:25:00","flight":"AF936"},{"day":2,"utc":"04:41:00","flight":"AF530"},{"day":2,"utc":"16:29:00","flight":"AF230"},{"day":2,"utc":"10:51:00","flight":"AF813"},{"day":2,"utc":"22:58:00","flight":"AF008"},{"day":3,"utc":"04:22:00","flight":"AF945"},{"day":3,"utc":"20:17:00","flight":"AF384"},{"day":3,"utc":"21:15:00","flight":"AF284"},{"day":4,"utc":"19:54:00","flight":"AF199"},{"day":4,"utc":"09:49:00","flight":"AF937"},{"day":4,"utc":"19:57:00","flight":"AF823"},{"day":4,"utc":"07:40:00","flight":"AF481"},{"day":5,"utc":"10:46:00","flight":"AF355"},{"day":6,"utc":"18:27:00","flight":"AF798"},{"day":6,"utc":"19:13:00","flight":"AF442"},{"day":6,"utc":"17:10:00","flight":"AF141"},{"day":6,"utc":"02:19:00","flight":"AF432"},{"day":6,"utc":"09:15:00","flight":"AF021"}],"distance":897.7752744345336}