{"title":"Wales Coast Path","name":"Abergele beach","alt":null,"address":null,"directions":null,"phone":null,"tollfree":null,"email":null,"url":"http://www.blueflag.org/menu/awarded-sites/2012/northern-hemisphere/wales/wales/abergele","hours":null,"image":"https://en.wikivoyage.org/wiki/File:Sea view from Cyclepath 5 - geograph.org.uk - 34470.jpg","price":null,"content":"Blue Flag beach","geo":{"lat":53.294567,"lon":-3.587308,"accuracy":"ROOFTOP"},"activity":"do","type":"landmark","id":40013,"country":"United Kingdom","city":"Abergele","state":null,"image_direct_url":"https://upload.wikimedia.org/wikipedia/commons/6/67/Sea_view_from_Cyclepath_5_-_geograph.org.uk_-_34470.jpg"}