{"title":"Aberdour","name":"Aberdour Castle","alt":null,"address":null,"directions":null,"phone":null,"tollfree":null,"email":null,"url":"http://www.historic-scotland.gov.uk/propertyresults/propertyoverview.htm?PropID=PL_001","hours":null,"image":null,"price":null,"content":"Is a fascinating, 12th-century castle which was granted by Robert the Bruce to his friend and nephew, Thomas Randolph, Earl of Moray. It includes the beautiful and well-maintained castle gardens, as well as a spectacular beehive-shaped dovecot built at the end of the sixteenth century.","geo":{"lat":56.0552,"lon":-3.2985,"accuracy":"APPROXIMATE"},"activity":"see","type":"landmark","id":35,"country":"United Kingdom","city":"Aberdour","state":null}