{"id":279,"type":"route","airline":"3F","airlineid":"airline_16262","sourceairport":"KTN","destinationairport":"HYL","stops":0,"equipment":"DHP","schedule":[{"day":0,"utc":"06:44:00","flight":"3F804"},{"day":0,"utc":"09:15:00","flight":"3F733"},{"day":0,"utc":"14:57:00","flight":"3F676"},{"day":0,"utc":"00:33:00","flight":"3F113"},{"day":1,"utc":"12:32:00","flight":"3F097"},{"day":1,"utc":"12:06:00","flight":"3F012"},{"day":1,"utc":"00:52:00","flight":"3F607"},{"day":1,"utc":"17:38:00","flight":"3F637"},{"day":1,"utc":"15:51:00","flight":"3F725"},{"day":2,"utc":"09:01:00","flight":"3F525"},{"day":2,"utc":"06:03:00","flight":"3F973"},{"day":2,"utc":"01:50:00","flight":"3F957"},{"day":3,"utc":"04:13:00","flight":"3F030"},{"day":3,"utc":"16:01:00","flight":"3F907"},{"day":3,"utc":"12:47:00","flight":"3F821"},{"day":4,"utc":"18:26:00","flight":"3F753"},{"day":5,"utc":"16:43:00","flight":"3F436"},{"day":6,"utc":"16:39:00","flight":"3F885"},{"day":6,"utc":"20:53:00","flight":"3F617"}],"distance":60.49012512494272}