{"id":57324,"type":"route","airline":"UA","airlineid":"airline_5209","sourceairport":"ORD","destinationairport":"LGA","stops":0,"equipment":"738 320 319 752 73G","schedule":[{"day":0,"utc":"23:52:00","flight":"UA129"},{"day":0,"utc":"23:50:00","flight":"UA709"},{"day":0,"utc":"04:09:00","flight":"UA430"},{"day":0,"utc":"14:59:00","flight":"UA110"},{"day":1,"utc":"02:26:00","flight":"UA520"},{"day":1,"utc":"05:56:00","flight":"UA839"},{"day":1,"utc":"04:53:00","flight":"UA820"},{"day":1,"utc":"01:21:00","flight":"UA796"},{"day":1,"utc":"08:22:00","flight":"UA770"},{"day":2,"utc":"02:49:00","flight":"UA296"},{"day":3,"utc":"04:41:00","flight":"UA067"},{"day":3,"utc":"04:14:00","flight":"UA334"},{"day":3,"utc":"12:29:00","flight":"UA314"},{"day":3,"utc":"23:29:00","flight":"UA148"},{"day":4,"utc":"10:30:00","flight":"UA222"},{"day":4,"utc":"17:52:00","flight":"UA044"},{"day":4,"utc":"22:53:00","flight":"UA693"},{"day":5,"utc":"03:13:00","flight":"UA208"},{"day":5,"utc":"15:54:00","flight":"UA895"},{"day":5,"utc":"22:43:00","flight":"UA268"},{"day":6,"utc":"13:59:00","flight":"UA203"},{"day":6,"utc":"02:30:00","flight":"UA534"},{"day":6,"utc":"03:46:00","flight":"UA327"}],"distance":1177.0566911346864}