{"title":"Sonoma","name":"Sonoma Old School Skate and Surf","alt":"SOS","address":"1001 Broadway","directions":"about a 10 minute walk south of the Square","phone":"+1 707-938-5500","tollfree":null,"email":null,"url":"http://www.skatesos.com/","hours":"10AM-7PM","image":null,"price":null,"content":"A classic California skateboard and surf shop (Sonoma is about 1 1/2 hours from the beach) with cool clothes for all ages of hip and cool. Bring your teen - there's a skate ramp out back that is popular after school and in the summer. SOS also has the best Mexican food truck in town that frequents out front - El Coyote.","geo":{"lat":38.282759,"lon":-122.459514,"accuracy":"ROOFTOP"},"activity":"buy","type":"landmark","id":27785,"country":"United States","city":"Sonoma","state":"California"}