{"id":20649,"type":"route","airline":"DL","airlineid":"airline_2009","sourceairport":"DTW","destinationairport":"MEM","stops":0,"equipment":"M88","schedule":[{"day":0,"utc":"22:12:00","flight":"DL848"},{"day":1,"utc":"15:43:00","flight":"DL692"},{"day":1,"utc":"02:48:00","flight":"DL655"},{"day":1,"utc":"00:47:00","flight":"DL300"},{"day":1,"utc":"18:28:00","flight":"DL680"},{"day":2,"utc":"06:44:00","flight":"DL559"},{"day":2,"utc":"23:43:00","flight":"DL307"},{"day":2,"utc":"00:53:00","flight":"DL366"},{"day":3,"utc":"12:22:00","flight":"DL721"},{"day":4,"utc":"04:39:00","flight":"DL406"},{"day":4,"utc":"08:49:00","flight":"DL019"},{"day":4,"utc":"20:53:00","flight":"DL082"},{"day":5,"utc":"16:32:00","flight":"DL694"},{"day":5,"utc":"09:24:00","flight":"DL326"},{"day":6,"utc":"08:06:00","flight":"DL107"},{"day":6,"utc":"17:05:00","flight":"DL150"},{"day":6,"utc":"06:28:00","flight":"DL249"},{"day":6,"utc":"09:05:00","flight":"DL444"},{"day":6,"utc":"08:35:00","flight":"DL669"}],"distance":982.4783790403212}