{"id":14068,"type":"route","airline":"B6","airlineid":"airline_3029","sourceairport":"JFK","destinationairport":"IAD","stops":0,"equipment":"E90","schedule":[{"day":0,"utc":"08:14:00","flight":"B6093"},{"day":0,"utc":"03:12:00","flight":"B6592"},{"day":0,"utc":"23:19:00","flight":"B6249"},{"day":0,"utc":"05:20:00","flight":"B6634"},{"day":0,"utc":"16:04:00","flight":"B6865"},{"day":1,"utc":"02:42:00","flight":"B6096"},{"day":1,"utc":"11:42:00","flight":"B6771"},{"day":1,"utc":"00:49:00","flight":"B6527"},{"day":2,"utc":"13:59:00","flight":"B6301"},{"day":2,"utc":"19:53:00","flight":"B6066"},{"day":2,"utc":"02:33:00","flight":"B6285"},{"day":2,"utc":"09:25:00","flight":"B6144"},{"day":2,"utc":"16:07:00","flight":"B6927"},{"day":3,"utc":"07:12:00","flight":"B6244"},{"day":3,"utc":"15:09:00","flight":"B6022"},{"day":3,"utc":"10:30:00","flight":"B6219"},{"day":3,"utc":"00:37:00","flight":"B6596"},{"day":3,"utc":"07:30:00","flight":"B6745"},{"day":4,"utc":"07:55:00","flight":"B6364"},{"day":4,"utc":"20:47:00","flight":"B6048"},{"day":4,"utc":"21:39:00","flight":"B6083"},{"day":4,"utc":"17:54:00","flight":"B6678"},{"day":4,"utc":"00:19:00","flight":"B6371"},{"day":5,"utc":"23:24:00","flight":"B6495"},{"day":5,"utc":"01:00:00","flight":"B6583"},{"day":5,"utc":"00:48:00","flight":"B6942"},{"day":5,"utc":"08:51:00","flight":"B6434"},{"day":6,"utc":"02:38:00","flight":"B6724"},{"day":6,"utc":"00:17:00","flight":"B6386"}],"distance":366.31396108072624}