{"id":54676,"type":"route","airline":"U2","airlineid":"airline_2297","sourceairport":"CPH","destinationairport":"GVA","stops":0,"equipment":"319 320","schedule":[{"day":0,"utc":"05:37:00","flight":"U2633"},{"day":0,"utc":"00:59:00","flight":"U2814"},{"day":0,"utc":"13:19:00","flight":"U2573"},{"day":1,"utc":"20:35:00","flight":"U2652"},{"day":1,"utc":"02:36:00","flight":"U2907"},{"day":1,"utc":"11:02:00","flight":"U2591"},{"day":1,"utc":"14:20:00","flight":"U2282"},{"day":1,"utc":"06:48:00","flight":"U2253"},{"day":2,"utc":"09:07:00","flight":"U2514"},{"day":2,"utc":"05:25:00","flight":"U2064"},{"day":2,"utc":"19:11:00","flight":"U2327"},{"day":3,"utc":"06:50:00","flight":"U2617"},{"day":3,"utc":"23:04:00","flight":"U2302"},{"day":3,"utc":"06:26:00","flight":"U2029"},{"day":4,"utc":"18:31:00","flight":"U2838"},{"day":4,"utc":"16:46:00","flight":"U2705"},{"day":4,"utc":"14:05:00","flight":"U2935"},{"day":4,"utc":"07:33:00","flight":"U2010"},{"day":5,"utc":"15:08:00","flight":"U2855"},{"day":5,"utc":"18:15:00","flight":"U2350"},{"day":5,"utc":"23:53:00","flight":"U2378"},{"day":6,"utc":"08:29:00","flight":"U2899"},{"day":6,"utc":"23:03:00","flight":"U2543"}],"distance":1138.2556173148494}