{"title":"South Queensferry","name":"Orocco Pier","alt":null,"address":"17 The High Street, South Queensferry","directions":null,"phone":"+44 870 118 166","tollfree":null,"email":"info@oroccopier.co.uk","url":"http://www.oroccopier.co.uk/","hours":"Food:7AM-10PM. Bar: 9AM-1PM","image":null,"price":null,"content":"Restaurant, bar and boutique hotel, right on the waterfront in the centre of South Queensferry. Three levels of outside decking for those sunny days - with great views of the Firth of Forth and the bridges.","geo":{"lat":55.99029,"lon":-3.39643,"accuracy":"RANGE_INTERPOLATED"},"activity":"eat","type":"landmark","id":28165,"country":"United Kingdom","city":"Queensferry","state":null}