{"id":27476,"type":"route","airline":"FR","airlineid":"airline_4296","sourceairport":"OPO","destinationairport":"DLE","stops":0,"equipment":"738","schedule":[{"day":0,"utc":"06:50:00","flight":"FR618"},{"day":0,"utc":"21:50:00","flight":"FR446"},{"day":0,"utc":"12:33:00","flight":"FR464"},{"day":0,"utc":"06:39:00","flight":"FR761"},{"day":0,"utc":"21:31:00","flight":"FR274"},{"day":1,"utc":"21:03:00","flight":"FR791"},{"day":1,"utc":"20:33:00","flight":"FR984"},{"day":1,"utc":"13:38:00","flight":"FR932"},{"day":1,"utc":"00:29:00","flight":"FR854"},{"day":1,"utc":"07:01:00","flight":"FR244"},{"day":2,"utc":"03:46:00","flight":"FR795"},{"day":2,"utc":"19:08:00","flight":"FR685"},{"day":2,"utc":"00:11:00","flight":"FR660"},{"day":2,"utc":"08:51:00","flight":"FR021"},{"day":2,"utc":"01:59:00","flight":"FR757"},{"day":3,"utc":"09:29:00","flight":"FR776"},{"day":4,"utc":"17:47:00","flight":"FR984"},{"day":4,"utc":"21:55:00","flight":"FR617"},{"day":4,"utc":"06:49:00","flight":"FR921"},{"day":4,"utc":"04:59:00","flight":"FR425"},{"day":4,"utc":"16:44:00","flight":"FR747"},{"day":5,"utc":"03:39:00","flight":"FR046"},{"day":5,"utc":"03:17:00","flight":"FR319"},{"day":5,"utc":"22:37:00","flight":"FR689"},{"day":5,"utc":"20:10:00","flight":"FR759"},{"day":6,"utc":"19:52:00","flight":"FR134"},{"day":6,"utc":"19:43:00","flight":"FR317"},{"day":6,"utc":"14:46:00","flight":"FR334"}],"distance":1294.1264844989764}