{"id":32224,"type":"route","airline":"IB","airlineid":"airline_2822","sourceairport":"ALC","destinationairport":"LGW","stops":0,"equipment":"319 734","schedule":[{"day":0,"utc":"10:06:00","flight":"IB540"},{"day":0,"utc":"20:49:00","flight":"IB995"},{"day":0,"utc":"14:20:00","flight":"IB285"},{"day":0,"utc":"17:57:00","flight":"IB785"},{"day":0,"utc":"02:29:00","flight":"IB219"},{"day":1,"utc":"07:10:00","flight":"IB110"},{"day":1,"utc":"17:51:00","flight":"IB180"},{"day":1,"utc":"08:44:00","flight":"IB681"},{"day":1,"utc":"06:47:00","flight":"IB642"},{"day":1,"utc":"10:36:00","flight":"IB401"},{"day":2,"utc":"18:51:00","flight":"IB827"},{"day":2,"utc":"07:36:00","flight":"IB843"},{"day":3,"utc":"03:50:00","flight":"IB283"},{"day":3,"utc":"03:01:00","flight":"IB363"},{"day":3,"utc":"06:59:00","flight":"IB299"},{"day":3,"utc":"06:06:00","flight":"IB831"},{"day":3,"utc":"05:51:00","flight":"IB769"},{"day":4,"utc":"00:20:00","flight":"IB682"},{"day":5,"utc":"02:36:00","flight":"IB149"},{"day":5,"utc":"02:58:00","flight":"IB115"},{"day":5,"utc":"00:08:00","flight":"IB944"},{"day":5,"utc":"11:39:00","flight":"IB580"},{"day":5,"utc":"03:20:00","flight":"IB369"},{"day":6,"utc":"15:38:00","flight":"IB455"}],"distance":1430.9117426503656}