{"id":64501,"type":"route","airline":"WN","airlineid":"airline_4547","sourceairport":"STL","destinationairport":"MDW","stops":0,"equipment":"73W 73H 73C","schedule":[{"day":0,"utc":"03:33:00","flight":"WN124"},{"day":0,"utc":"02:20:00","flight":"WN727"},{"day":0,"utc":"07:52:00","flight":"WN593"},{"day":0,"utc":"03:31:00","flight":"WN485"},{"day":0,"utc":"01:46:00","flight":"WN517"},{"day":1,"utc":"06:14:00","flight":"WN423"},{"day":2,"utc":"20:07:00","flight":"WN494"},{"day":2,"utc":"17:19:00","flight":"WN409"},{"day":2,"utc":"13:17:00","flight":"WN324"},{"day":2,"utc":"13:14:00","flight":"WN766"},{"day":3,"utc":"04:30:00","flight":"WN115"},{"day":3,"utc":"11:40:00","flight":"WN751"},{"day":3,"utc":"11:24:00","flight":"WN035"},{"day":3,"utc":"23:05:00","flight":"WN712"},{"day":3,"utc":"01:28:00","flight":"WN883"},{"day":4,"utc":"19:17:00","flight":"WN523"},{"day":4,"utc":"04:33:00","flight":"WN233"},{"day":5,"utc":"01:15:00","flight":"WN604"},{"day":5,"utc":"10:43:00","flight":"WN893"},{"day":5,"utc":"09:35:00","flight":"WN425"},{"day":6,"utc":"20:08:00","flight":"WN346"},{"day":6,"utc":"23:18:00","flight":"WN893"}],"distance":404.16176745828994}