{"id":63418,"type":"route","airline":"WN","airlineid":"airline_4547","sourceairport":"ABQ","destinationairport":"DAL","stops":0,"equipment":"73W 73C 733 735","schedule":[{"day":0,"utc":"14:12:00","flight":"WN470"},{"day":0,"utc":"07:02:00","flight":"WN736"},{"day":0,"utc":"16:40:00","flight":"WN019"},{"day":0,"utc":"19:07:00","flight":"WN465"},{"day":0,"utc":"01:22:00","flight":"WN920"},{"day":1,"utc":"09:21:00","flight":"WN813"},{"day":1,"utc":"13:54:00","flight":"WN452"},{"day":2,"utc":"11:02:00","flight":"WN900"},{"day":2,"utc":"17:13:00","flight":"WN113"},{"day":2,"utc":"07:52:00","flight":"WN605"},{"day":2,"utc":"19:03:00","flight":"WN294"},{"day":3,"utc":"23:14:00","flight":"WN002"},{"day":3,"utc":"16:03:00","flight":"WN120"},{"day":3,"utc":"12:38:00","flight":"WN237"},{"day":3,"utc":"03:01:00","flight":"WN057"},{"day":4,"utc":"23:11:00","flight":"WN586"},{"day":4,"utc":"17:50:00","flight":"WN039"},{"day":5,"utc":"17:38:00","flight":"WN701"},{"day":5,"utc":"19:37:00","flight":"WN661"},{"day":5,"utc":"04:49:00","flight":"WN242"},{"day":5,"utc":"14:20:00","flight":"WN240"},{"day":6,"utc":"03:49:00","flight":"WN106"},{"day":6,"utc":"12:03:00","flight":"WN210"}],"distance":932.0785720689476}