{"title":"Edinburgh/Leith","name":"Café Domenico","alt":null,"address":"30 Sandport Street","directions":"Just off Commercial Street","phone":"+44 131 467 7266","tollfree":null,"email":null,"url":"http://www.cafedomenico.co.uk/","hours":null,"image":null,"price":null,"content":"Lovely little family-run Italian restaurant. Seasonally changing menu so you can always be sure of the freshest of ingredients here","geo":{"lat":55.9764,"lon":-3.1717,"accuracy":"APPROXIMATE"},"activity":"eat","type":"landmark","id":8573,"country":"United Kingdom","city":"Edinburgh","state":null}