{"id":23032,"type":"route","airline":"EI","airlineid":"airline_837","sourceairport":"ORK","destinationairport":"NCE","stops":0,"equipment":"320","schedule":[{"day":0,"utc":"16:22:00","flight":"EI462"},{"day":0,"utc":"07:33:00","flight":"EI257"},{"day":0,"utc":"23:53:00","flight":"EI176"},{"day":1,"utc":"18:23:00","flight":"EI201"},{"day":1,"utc":"04:08:00","flight":"EI307"},{"day":1,"utc":"01:21:00","flight":"EI607"},{"day":1,"utc":"12:23:00","flight":"EI527"},{"day":2,"utc":"00:26:00","flight":"EI393"},{"day":2,"utc":"10:22:00","flight":"EI162"},{"day":2,"utc":"08:58:00","flight":"EI389"},{"day":2,"utc":"07:49:00","flight":"EI056"},{"day":3,"utc":"12:48:00","flight":"EI387"},{"day":3,"utc":"03:05:00","flight":"EI322"},{"day":4,"utc":"09:35:00","flight":"EI221"},{"day":4,"utc":"17:31:00","flight":"EI738"},{"day":5,"utc":"18:57:00","flight":"EI152"},{"day":5,"utc":"22:07:00","flight":"EI037"},{"day":5,"utc":"10:04:00","flight":"EI767"},{"day":6,"utc":"17:05:00","flight":"EI690"},{"day":6,"utc":"02:48:00","flight":"EI553"},{"day":6,"utc":"03:02:00","flight":"EI950"}],"distance":1480.3084078238924}