{"title":"San Francisco/Union Square-Financial District","name":"John's Grill","alt":null,"address":"63 Ellis St","directions":"between Powell and Stockton","phone":"+1 415 986-3274","tollfree":null,"email":null,"url":"http://www.johnsgrill.com/","hours":"M-Sa 11AM-10PM, Su 12PM-10PM","image":null,"price":null,"content":"Seafood and steak joint.","geo":{"lat":37.7854,"lon":-122.4073,"accuracy":"APPROXIMATE"},"activity":"eat","type":"landmark","id":26194,"country":"United States","city":"San Francisco","state":"California"}