{"id":20130,"type":"route","airline":"DL","airlineid":"airline_2009","sourceairport":"ATL","destinationairport":"FSD","stops":0,"equipment":"CR7","schedule":[{"day":0,"utc":"14:20:00","flight":"DL148"},{"day":0,"utc":"07:22:00","flight":"DL953"},{"day":1,"utc":"16:31:00","flight":"DL739"},{"day":1,"utc":"22:28:00","flight":"DL210"},{"day":2,"utc":"17:35:00","flight":"DL947"},{"day":2,"utc":"22:40:00","flight":"DL053"},{"day":3,"utc":"16:23:00","flight":"DL510"},{"day":3,"utc":"10:45:00","flight":"DL308"},{"day":3,"utc":"21:37:00","flight":"DL309"},{"day":3,"utc":"10:39:00","flight":"DL513"},{"day":3,"utc":"08:46:00","flight":"DL039"},{"day":4,"utc":"14:36:00","flight":"DL807"},{"day":4,"utc":"17:38:00","flight":"DL215"},{"day":5,"utc":"15:28:00","flight":"DL497"},{"day":5,"utc":"12:30:00","flight":"DL987"},{"day":5,"utc":"09:00:00","flight":"DL148"},{"day":6,"utc":"01:12:00","flight":"DL239"},{"day":6,"utc":"07:10:00","flight":"DL516"},{"day":6,"utc":"07:56:00","flight":"DL730"},{"day":6,"utc":"16:44:00","flight":"DL297"},{"day":6,"utc":"13:54:00","flight":"DL704"}],"distance":1535.4536936951142}