{"id":11285,"type":"route","airline":"AP","airlineid":"airline_240","sourceairport":"CDG","destinationairport":"CTA","stops":0,"equipment":"320","schedule":[{"day":0,"utc":"16:31:00","flight":"AP074"},{"day":0,"utc":"23:36:00","flight":"AP661"},{"day":0,"utc":"17:35:00","flight":"AP006"},{"day":0,"utc":"21:33:00","flight":"AP041"},{"day":0,"utc":"22:57:00","flight":"AP720"},{"day":1,"utc":"05:56:00","flight":"AP903"},{"day":1,"utc":"15:55:00","flight":"AP974"},{"day":1,"utc":"12:53:00","flight":"AP352"},{"day":1,"utc":"03:22:00","flight":"AP414"},{"day":1,"utc":"22:04:00","flight":"AP904"},{"day":2,"utc":"01:06:00","flight":"AP387"},{"day":2,"utc":"19:46:00","flight":"AP893"},{"day":2,"utc":"10:34:00","flight":"AP297"},{"day":2,"utc":"04:50:00","flight":"AP947"},{"day":3,"utc":"15:03:00","flight":"AP010"},{"day":3,"utc":"01:05:00","flight":"AP476"},{"day":4,"utc":"03:34:00","flight":"AP776"},{"day":4,"utc":"17:52:00","flight":"AP330"},{"day":4,"utc":"06:40:00","flight":"AP316"},{"day":4,"utc":"07:06:00","flight":"AP417"},{"day":4,"utc":"09:38:00","flight":"AP534"},{"day":5,"utc":"09:13:00","flight":"AP071"},{"day":5,"utc":"05:26:00","flight":"AP151"},{"day":6,"utc":"19:23:00","flight":"AP398"},{"day":6,"utc":"08:11:00","flight":"AP220"},{"day":6,"utc":"12:52:00","flight":"AP219"}],"distance":1631.4398084817094}