{"id":10139,"type":"route","airline":"AH","airlineid":"airline_794","sourceairport":"CDG","destinationairport":"ORN","stops":0,"equipment":"330","schedule":[{"day":0,"utc":"13:12:00","flight":"AH086"},{"day":0,"utc":"10:39:00","flight":"AH360"},{"day":0,"utc":"08:30:00","flight":"AH387"},{"day":0,"utc":"03:06:00","flight":"AH365"},{"day":1,"utc":"13:11:00","flight":"AH713"},{"day":1,"utc":"23:59:00","flight":"AH173"},{"day":1,"utc":"23:25:00","flight":"AH547"},{"day":1,"utc":"19:20:00","flight":"AH194"},{"day":1,"utc":"15:07:00","flight":"AH217"},{"day":2,"utc":"01:45:00","flight":"AH530"},{"day":2,"utc":"18:46:00","flight":"AH163"},{"day":2,"utc":"09:26:00","flight":"AH440"},{"day":2,"utc":"00:43:00","flight":"AH108"},{"day":3,"utc":"21:29:00","flight":"AH992"},{"day":4,"utc":"20:01:00","flight":"AH762"},{"day":4,"utc":"12:02:00","flight":"AH114"},{"day":5,"utc":"22:38:00","flight":"AH208"},{"day":5,"utc":"22:55:00","flight":"AH973"},{"day":5,"utc":"10:29:00","flight":"AH136"},{"day":6,"utc":"22:23:00","flight":"AH937"}],"distance":1511.078139481893}