{"title":"Nice","name":"Musée d'Archeologie de Nice","alt":null,"address":null,"directions":"Next to the Matisse museum","phone":"+33 4 9381 5957","tollfree":null,"email":"musee.archeologique@ville-nice.fr","url":"http://www.musee-archeologique-nice.org/","hours":"daily except Tu, 10:00 + 18:00","image":null,"price":"free entrance, €3 guided tours","content":"The ruins of the Gallo-Roman settlement in Cimiez, plus a museum with nice documentation on Gallo-Roman life (but mostly not in English). Activities for children.","geo":{"lat":43.71921,"lon":7.27558,"accuracy":"APPROXIMATE"},"activity":"see","type":"landmark","id":20410,"country":"France","city":"Nice","state":"Provence-Alpes-Côte d'Azur"}