{
  "name": "Jocelyn Wuckert",
  "addresses": [
    {
      "type": "home",
      "address": "76937 Arne Village",
      "city": "San Jose",
      "country": "United States"
    },
    {
      "type": "work",
      "address": "63953 Caleb Village",
      "city": "San Jose",
      "country": "United States"
    }
  ],
  "driving_licence": "2e5458ea-7a30-5b48-a13e-2eef5f416d1f",
  "passport": "663701ed-6471-5eb9-99b1-af511194316f",
  "preferred_email": "jocelynwuckert@ucnawwa.in",
  "preferred_phone": "(542) 866-4361",
  "preferred_airline": "inventory.airline.airline_17629",
  "preferred_airport": "inventory.airport.airport_3748",
  "credit_cards": [
    {
      "type": "Mastercard",
      "number": "5133776347436408",
      "expiration": "2021-06"
    },
    {
      "type": "Mastercard",
      "number": "5118066163143943",
      "expiration": "2022-01"
    }
  ],
  "created": "2020-08-07",
  "updated": "2021-02-19"
}