{"id":30537,"type":"route","airline":"GV","airlineid":"airline_386","sourceairport":"EMK","destinationairport":"KOT","stops":0,"equipment":"BEC","schedule":[{"day":0,"utc":"08:25:00","flight":"GV650"},{"day":0,"utc":"06:39:00","flight":"GV587"},{"day":1,"utc":"17:01:00","flight":"GV787"},{"day":1,"utc":"03:25:00","flight":"GV377"},{"day":1,"utc":"06:44:00","flight":"GV432"},{"day":1,"utc":"06:00:00","flight":"GV299"},{"day":2,"utc":"02:04:00","flight":"GV331"},{"day":2,"utc":"02:29:00","flight":"GV336"},{"day":2,"utc":"07:13:00","flight":"GV030"},{"day":2,"utc":"21:01:00","flight":"GV921"},{"day":2,"utc":"17:54:00","flight":"GV852"},{"day":3,"utc":"17:34:00","flight":"GV637"},{"day":3,"utc":"01:57:00","flight":"GV988"},{"day":3,"utc":"12:14:00","flight":"GV444"},{"day":3,"utc":"13:29:00","flight":"GV247"},{"day":4,"utc":"15:49:00","flight":"GV034"},{"day":4,"utc":"21:33:00","flight":"GV651"},{"day":4,"utc":"23:51:00","flight":"GV787"},{"day":4,"utc":"22:53:00","flight":"GV610"},{"day":5,"utc":"22:54:00","flight":"GV849"},{"day":5,"utc":"21:29:00","flight":"GV292"},{"day":5,"utc":"01:19:00","flight":"GV533"},{"day":6,"utc":"23:45:00","flight":"GV497"}],"distance":55.61028238002375}