{"id":27134,"type":"route","airline":"FR","airlineid":"airline_4296","sourceairport":"LIS","destinationairport":"STN","stops":0,"equipment":"738","schedule":[{"day":0,"utc":"04:17:00","flight":"FR200"},{"day":1,"utc":"08:04:00","flight":"FR668"},{"day":1,"utc":"06:17:00","flight":"FR087"},{"day":1,"utc":"23:32:00","flight":"FR289"},{"day":1,"utc":"22:31:00","flight":"FR935"},{"day":1,"utc":"09:23:00","flight":"FR798"},{"day":2,"utc":"19:07:00","flight":"FR443"},{"day":3,"utc":"03:29:00","flight":"FR316"},{"day":3,"utc":"01:01:00","flight":"FR896"},{"day":3,"utc":"15:47:00","flight":"FR280"},{"day":3,"utc":"10:04:00","flight":"FR092"},{"day":4,"utc":"04:22:00","flight":"FR704"},{"day":4,"utc":"03:31:00","flight":"FR543"},{"day":4,"utc":"02:46:00","flight":"FR721"},{"day":5,"utc":"03:50:00","flight":"FR451"},{"day":6,"utc":"11:11:00","flight":"FR972"},{"day":6,"utc":"19:56:00","flight":"FR300"},{"day":6,"utc":"17:38:00","flight":"FR033"},{"day":6,"utc":"06:27:00","flight":"FR028"}],"distance":1627.7117152036287}