{"id":51835,"type":"route","airline":"TA","airlineid":"airline_2622","sourceairport":"MIA","destinationairport":"MGA","stops":0,"equipment":"E90 320 319","schedule":[{"day":0,"utc":"22:52:00","flight":"TA983"},{"day":0,"utc":"22:33:00","flight":"TA097"},{"day":0,"utc":"05:05:00","flight":"TA955"},{"day":0,"utc":"11:29:00","flight":"TA818"},{"day":1,"utc":"03:55:00","flight":"TA153"},{"day":1,"utc":"01:01:00","flight":"TA920"},{"day":1,"utc":"06:16:00","flight":"TA085"},{"day":1,"utc":"21:15:00","flight":"TA720"},{"day":2,"utc":"03:46:00","flight":"TA138"},{"day":2,"utc":"22:37:00","flight":"TA152"},{"day":3,"utc":"02:36:00","flight":"TA829"},{"day":3,"utc":"23:16:00","flight":"TA017"},{"day":4,"utc":"20:17:00","flight":"TA051"},{"day":4,"utc":"06:15:00","flight":"TA613"},{"day":4,"utc":"12:03:00","flight":"TA721"},{"day":4,"utc":"04:51:00","flight":"TA354"},{"day":4,"utc":"18:23:00","flight":"TA224"},{"day":5,"utc":"11:53:00","flight":"TA986"},{"day":5,"utc":"06:58:00","flight":"TA597"},{"day":5,"utc":"10:49:00","flight":"TA265"},{"day":5,"utc":"00:08:00","flight":"TA437"},{"day":6,"utc":"09:20:00","flight":"TA757"},{"day":6,"utc":"11:10:00","flight":"TA061"},{"day":6,"utc":"18:09:00","flight":"TA460"}],"distance":1638.2525651913497}