{"id":60391,"type":"route","airline":"US","airlineid":"airline_5265","sourceairport":"SJU","destinationairport":"MIA","stops":0,"equipment":"738 757","schedule":[{"day":0,"utc":"05:46:00","flight":"US674"},{"day":0,"utc":"08:11:00","flight":"US535"},{"day":1,"utc":"15:16:00","flight":"US350"},{"day":1,"utc":"10:56:00","flight":"US659"},{"day":1,"utc":"10:20:00","flight":"US659"},{"day":1,"utc":"19:23:00","flight":"US181"},{"day":2,"utc":"18:33:00","flight":"US822"},{"day":2,"utc":"20:30:00","flight":"US735"},{"day":3,"utc":"21:21:00","flight":"US739"},{"day":3,"utc":"02:22:00","flight":"US817"},{"day":3,"utc":"19:59:00","flight":"US631"},{"day":4,"utc":"17:12:00","flight":"US959"},{"day":4,"utc":"11:35:00","flight":"US348"},{"day":5,"utc":"18:54:00","flight":"US432"},{"day":5,"utc":"00:03:00","flight":"US580"},{"day":5,"utc":"04:42:00","flight":"US205"},{"day":6,"utc":"19:36:00","flight":"US749"},{"day":6,"utc":"12:39:00","flight":"US871"}],"distance":1682.0128860714683}