{"id":30167,"type":"route","airline":"GS","airlineid":"airline_690","sourceairport":"BAV","destinationairport":"XIY","stops":0,"equipment":"ERJ","schedule":[{"day":0,"utc":"06:32:00","flight":"GS381"},{"day":0,"utc":"10:06:00","flight":"GS429"},{"day":0,"utc":"03:38:00","flight":"GS679"},{"day":1,"utc":"13:49:00","flight":"GS120"},{"day":1,"utc":"18:47:00","flight":"GS994"},{"day":1,"utc":"17:44:00","flight":"GS212"},{"day":1,"utc":"22:45:00","flight":"GS581"},{"day":2,"utc":"10:21:00","flight":"GS679"},{"day":2,"utc":"19:28:00","flight":"GS630"},{"day":2,"utc":"01:10:00","flight":"GS919"},{"day":3,"utc":"02:35:00","flight":"GS372"},{"day":3,"utc":"15:13:00","flight":"GS873"},{"day":3,"utc":"10:10:00","flight":"GS132"},{"day":3,"utc":"03:53:00","flight":"GS612"},{"day":3,"utc":"12:10:00","flight":"GS756"},{"day":4,"utc":"20:59:00","flight":"GS173"},{"day":4,"utc":"11:28:00","flight":"GS419"},{"day":4,"utc":"19:57:00","flight":"GS316"},{"day":4,"utc":"18:10:00","flight":"GS502"},{"day":4,"utc":"15:01:00","flight":"GS419"},{"day":5,"utc":"05:10:00","flight":"GS417"},{"day":5,"utc":"22:48:00","flight":"GS441"},{"day":5,"utc":"20:18:00","flight":"GS299"},{"day":6,"utc":"02:52:00","flight":"GS697"},{"day":6,"utc":"16:34:00","flight":"GS508"},{"day":6,"utc":"20:47:00","flight":"GS681"}],"distance":688.5191580744212}