{"title":"San Francisco/Civic Center-Tenderloin","name":"Jebena","alt":null,"address":"990 Polk St","directions":null,"phone":"+1 415 409-1200","tollfree":null,"email":null,"url":"http://www.jebenasf.com","hours":null,"image":null,"price":null,"content":"Nicely decorated modern spot along the Polk corridor with good coffee and tea selections.","geo":{"lat":37.7857,"lon":-122.4195,"accuracy":"ROOFTOP"},"activity":"drink","type":"landmark","id":25583,"country":"United States","city":"San Francisco","state":"California"}