{"id":54158,"type":"route","airline":"TU","airlineid":"airline_4870","sourceairport":"MIR","destinationairport":"NCE","stops":0,"equipment":"32A 736","schedule":[{"day":0,"utc":"16:41:00","flight":"TU679"},{"day":0,"utc":"04:42:00","flight":"TU159"},{"day":0,"utc":"12:03:00","flight":"TU248"},{"day":0,"utc":"22:53:00","flight":"TU233"},{"day":0,"utc":"12:16:00","flight":"TU649"},{"day":1,"utc":"00:52:00","flight":"TU153"},{"day":1,"utc":"15:11:00","flight":"TU624"},{"day":1,"utc":"03:17:00","flight":"TU907"},{"day":1,"utc":"17:42:00","flight":"TU955"},{"day":1,"utc":"04:55:00","flight":"TU642"},{"day":2,"utc":"19:08:00","flight":"TU462"},{"day":3,"utc":"05:52:00","flight":"TU827"},{"day":4,"utc":"04:59:00","flight":"TU895"},{"day":4,"utc":"21:16:00","flight":"TU890"},{"day":4,"utc":"12:07:00","flight":"TU319"},{"day":4,"utc":"15:40:00","flight":"TU944"},{"day":5,"utc":"21:02:00","flight":"TU833"},{"day":5,"utc":"03:16:00","flight":"TU929"},{"day":5,"utc":"20:31:00","flight":"TU271"},{"day":5,"utc":"01:28:00","flight":"TU206"},{"day":5,"utc":"20:21:00","flight":"TU973"},{"day":6,"utc":"19:08:00","flight":"TU882"},{"day":6,"utc":"15:20:00","flight":"TU786"},{"day":6,"utc":"21:14:00","flight":"TU530"},{"day":6,"utc":"08:54:00","flight":"TU953"},{"day":6,"utc":"13:01:00","flight":"TU345"}],"distance":928.929490368649}