{"id":63786,"type":"route","airline":"WN","airlineid":"airline_4547","sourceairport":"EYW","destinationairport":"TPA","stops":0,"equipment":"73W","schedule":[{"day":0,"utc":"04:58:00","flight":"WN430"},{"day":1,"utc":"20:33:00","flight":"WN827"},{"day":1,"utc":"14:54:00","flight":"WN288"},{"day":1,"utc":"06:59:00","flight":"WN533"},{"day":2,"utc":"03:33:00","flight":"WN845"},{"day":2,"utc":"09:48:00","flight":"WN899"},{"day":3,"utc":"22:06:00","flight":"WN638"},{"day":3,"utc":"15:44:00","flight":"WN472"},{"day":3,"utc":"03:20:00","flight":"WN158"},{"day":4,"utc":"14:17:00","flight":"WN657"},{"day":4,"utc":"23:43:00","flight":"WN800"},{"day":4,"utc":"03:55:00","flight":"WN634"},{"day":4,"utc":"12:35:00","flight":"WN973"},{"day":5,"utc":"15:01:00","flight":"WN814"},{"day":5,"utc":"18:00:00","flight":"WN520"},{"day":5,"utc":"19:53:00","flight":"WN417"},{"day":5,"utc":"15:14:00","flight":"WN371"},{"day":5,"utc":"22:27:00","flight":"WN478"},{"day":6,"utc":"15:40:00","flight":"WN932"},{"day":6,"utc":"21:19:00","flight":"WN857"},{"day":6,"utc":"01:51:00","flight":"WN398"},{"day":6,"utc":"01:43:00","flight":"WN751"},{"day":6,"utc":"02:14:00","flight":"WN292"}],"distance":387.95962869025425}