{"id":39595,"type":"route","airline":"LX","airlineid":"airline_4559","sourceairport":"EWR","destinationairport":"GVA","stops":0,"equipment":"763","schedule":[{"day":0,"utc":"15:06:00","flight":"LX023"},{"day":0,"utc":"22:59:00","flight":"LX471"},{"day":0,"utc":"11:13:00","flight":"LX600"},{"day":1,"utc":"16:22:00","flight":"LX450"},{"day":1,"utc":"09:05:00","flight":"LX064"},{"day":2,"utc":"15:29:00","flight":"LX365"},{"day":2,"utc":"06:30:00","flight":"LX578"},{"day":2,"utc":"08:20:00","flight":"LX364"},{"day":2,"utc":"16:53:00","flight":"LX001"},{"day":3,"utc":"10:46:00","flight":"LX226"},{"day":3,"utc":"08:29:00","flight":"LX546"},{"day":4,"utc":"06:32:00","flight":"LX624"},{"day":4,"utc":"17:03:00","flight":"LX767"},{"day":4,"utc":"04:24:00","flight":"LX433"},{"day":4,"utc":"14:46:00","flight":"LX652"},{"day":5,"utc":"06:26:00","flight":"LX366"},{"day":5,"utc":"18:48:00","flight":"LX101"},{"day":5,"utc":"10:56:00","flight":"LX015"},{"day":6,"utc":"15:12:00","flight":"LX846"},{"day":6,"utc":"16:25:00","flight":"LX245"},{"day":6,"utc":"18:57:00","flight":"LX920"}],"distance":6224.939393006434}