{"id":4726,"type":"route","airline":"AA","airlineid":"airline_24","sourceairport":"AUS","destinationairport":"PHX","stops":0,"equipment":"319","schedule":[{"day":0,"utc":"20:21:00","flight":"AA571"},{"day":0,"utc":"03:46:00","flight":"AA224"},{"day":0,"utc":"14:14:00","flight":"AA716"},{"day":0,"utc":"01:44:00","flight":"AA560"},{"day":1,"utc":"02:21:00","flight":"AA640"},{"day":1,"utc":"08:22:00","flight":"AA753"},{"day":1,"utc":"06:32:00","flight":"AA639"},{"day":2,"utc":"14:56:00","flight":"AA797"},{"day":2,"utc":"05:47:00","flight":"AA959"},{"day":2,"utc":"00:44:00","flight":"AA659"},{"day":3,"utc":"07:38:00","flight":"AA690"},{"day":3,"utc":"17:00:00","flight":"AA018"},{"day":3,"utc":"01:31:00","flight":"AA102"},{"day":4,"utc":"22:32:00","flight":"AA452"},{"day":4,"utc":"20:20:00","flight":"AA586"},{"day":5,"utc":"11:47:00","flight":"AA143"},{"day":5,"utc":"06:20:00","flight":"AA440"},{"day":5,"utc":"18:12:00","flight":"AA043"},{"day":5,"utc":"19:02:00","flight":"AA320"},{"day":5,"utc":"17:30:00","flight":"AA333"},{"day":6,"utc":"01:27:00","flight":"AA989"},{"day":6,"utc":"18:40:00","flight":"AA681"},{"day":6,"utc":"07:20:00","flight":"AA014"}],"distance":1400.867429546882}