{"id":9401,"type":"route","airline":"AF","airlineid":"airline_137","sourceairport":"CDG","destinationairport":"STR","stops":0,"equipment":"AR8","schedule":[{"day":0,"utc":"05:30:00","flight":"AF863"},{"day":0,"utc":"01:01:00","flight":"AF506"},{"day":0,"utc":"19:32:00","flight":"AF762"},{"day":1,"utc":"06:21:00","flight":"AF511"},{"day":1,"utc":"23:28:00","flight":"AF912"},{"day":1,"utc":"23:22:00","flight":"AF684"},{"day":1,"utc":"17:56:00","flight":"AF428"},{"day":1,"utc":"09:56:00","flight":"AF706"},{"day":2,"utc":"02:29:00","flight":"AF381"},{"day":3,"utc":"01:58:00","flight":"AF213"},{"day":3,"utc":"18:22:00","flight":"AF958"},{"day":3,"utc":"15:28:00","flight":"AF210"},{"day":4,"utc":"02:39:00","flight":"AF687"},{"day":4,"utc":"23:01:00","flight":"AF361"},{"day":4,"utc":"10:48:00","flight":"AF642"},{"day":4,"utc":"10:47:00","flight":"AF585"},{"day":4,"utc":"23:11:00","flight":"AF050"},{"day":5,"utc":"19:42:00","flight":"AF149"},{"day":5,"utc":"07:44:00","flight":"AF909"},{"day":5,"utc":"07:29:00","flight":"AF142"},{"day":6,"utc":"23:40:00","flight":"AF075"}],"distance":489.333289274862}