{"id":59785,"type":"route","airline":"US","airlineid":"airline_5265","sourceairport":"MIA","destinationairport":"TLH","stops":0,"equipment":"ER4 ERD","schedule":[{"day":0,"utc":"06:38:00","flight":"US691"},{"day":0,"utc":"06:56:00","flight":"US678"},{"day":0,"utc":"20:08:00","flight":"US660"},{"day":0,"utc":"10:44:00","flight":"US082"},{"day":0,"utc":"16:19:00","flight":"US041"},{"day":1,"utc":"14:09:00","flight":"US295"},{"day":1,"utc":"23:12:00","flight":"US062"},{"day":1,"utc":"22:47:00","flight":"US312"},{"day":2,"utc":"08:01:00","flight":"US407"},{"day":2,"utc":"00:35:00","flight":"US638"},{"day":2,"utc":"18:56:00","flight":"US884"},{"day":2,"utc":"00:48:00","flight":"US046"},{"day":2,"utc":"20:17:00","flight":"US411"},{"day":3,"utc":"15:04:00","flight":"US100"},{"day":3,"utc":"17:42:00","flight":"US084"},{"day":4,"utc":"10:18:00","flight":"US674"},{"day":5,"utc":"17:21:00","flight":"US364"},{"day":5,"utc":"20:45:00","flight":"US437"},{"day":5,"utc":"06:57:00","flight":"US741"},{"day":5,"utc":"17:19:00","flight":"US089"},{"day":6,"utc":"01:27:00","flight":"US299"},{"day":6,"utc":"02:47:00","flight":"US561"},{"day":6,"utc":"04:10:00","flight":"US738"},{"day":6,"utc":"02:19:00","flight":"US191"},{"day":6,"utc":"12:51:00","flight":"US501"}],"distance":648.3976727655742}