{"id":10247,"type":"route","airline":"AH","airlineid":"airline_794","sourceairport":"ORY","destinationairport":"QSF","stops":0,"equipment":"736","schedule":[{"day":0,"utc":"03:33:00","flight":"AH378"},{"day":0,"utc":"23:08:00","flight":"AH922"},{"day":0,"utc":"19:30:00","flight":"AH731"},{"day":0,"utc":"04:53:00","flight":"AH497"},{"day":0,"utc":"06:13:00","flight":"AH448"},{"day":1,"utc":"05:26:00","flight":"AH692"},{"day":2,"utc":"21:39:00","flight":"AH611"},{"day":2,"utc":"14:20:00","flight":"AH124"},{"day":2,"utc":"19:40:00","flight":"AH231"},{"day":2,"utc":"02:27:00","flight":"AH068"},{"day":3,"utc":"12:16:00","flight":"AH452"},{"day":3,"utc":"16:47:00","flight":"AH793"},{"day":4,"utc":"14:28:00","flight":"AH137"},{"day":4,"utc":"13:20:00","flight":"AH451"},{"day":4,"utc":"05:01:00","flight":"AH615"},{"day":5,"utc":"15:08:00","flight":"AH324"},{"day":5,"utc":"22:31:00","flight":"AH883"},{"day":5,"utc":"22:08:00","flight":"AH609"},{"day":6,"utc":"04:51:00","flight":"AH092"},{"day":6,"utc":"06:03:00","flight":"AH814"},{"day":6,"utc":"20:43:00","flight":"AH548"},{"day":6,"utc":"05:18:00","flight":"AH718"},{"day":6,"utc":"15:24:00","flight":"AH239"}],"distance":1415.9357901610886}