{"id":55933,"type":"route","airline":"UA","airlineid":"airline_5209","sourceairport":"BWI","destinationairport":"SFO","stops":0,"equipment":"738 739 319","schedule":[{"day":0,"utc":"05:51:00","flight":"UA914"},{"day":1,"utc":"12:20:00","flight":"UA108"},{"day":1,"utc":"10:24:00","flight":"UA733"},{"day":2,"utc":"02:21:00","flight":"UA651"},{"day":2,"utc":"01:59:00","flight":"UA338"},{"day":3,"utc":"21:44:00","flight":"UA894"},{"day":3,"utc":"04:51:00","flight":"UA359"},{"day":3,"utc":"16:51:00","flight":"UA465"},{"day":3,"utc":"22:09:00","flight":"UA312"},{"day":3,"utc":"20:15:00","flight":"UA242"},{"day":4,"utc":"07:33:00","flight":"UA208"},{"day":4,"utc":"19:13:00","flight":"UA113"},{"day":4,"utc":"18:58:00","flight":"UA293"},{"day":5,"utc":"02:15:00","flight":"UA216"},{"day":6,"utc":"14:13:00","flight":"UA570"},{"day":6,"utc":"19:31:00","flight":"UA997"}],"distance":3944.341886019132}