{"title":"Robertsbridge","name":"Bodiam Castle","alt":null,"address":"Bodiam, near Robertsbridge, TN32 5UA","directions":null,"phone":"+44 1580 830196","tollfree":null,"email":"bodiamcastle@nationaltrust.org.uk","url":"http://www.nationaltrust.org.uk/bodiam-castle/","hours":null,"image":null,"price":null,"content":"Just a few kilometres away. Its well preserved exterior has been used in many famous films, including Monty Python's search for the Holy Grail.","geo":{"lat":51.0001,"lon":0.5474,"accuracy":"ROOFTOP"},"activity":"see","type":"landmark","id":35079,"country":"United Kingdom","city":"Bodiam","state":null}