{"id":126,"type":"route","airline":"2L","airlineid":"airline_2750","sourceairport":"ZRH","destinationairport":"BRS","stops":0,"equipment":"100","schedule":[{"day":0,"utc":"15:53:00","flight":"2L039"},{"day":0,"utc":"07:14:00","flight":"2L211"},{"day":1,"utc":"02:11:00","flight":"2L537"},{"day":1,"utc":"11:03:00","flight":"2L092"},{"day":1,"utc":"14:39:00","flight":"2L699"},{"day":1,"utc":"10:55:00","flight":"2L918"},{"day":2,"utc":"07:27:00","flight":"2L080"},{"day":2,"utc":"11:48:00","flight":"2L439"},{"day":3,"utc":"08:47:00","flight":"2L719"},{"day":3,"utc":"10:20:00","flight":"2L055"},{"day":3,"utc":"02:08:00","flight":"2L894"},{"day":3,"utc":"19:32:00","flight":"2L028"},{"day":4,"utc":"23:10:00","flight":"2L178"},{"day":4,"utc":"18:49:00","flight":"2L822"},{"day":4,"utc":"21:07:00","flight":"2L163"},{"day":5,"utc":"23:40:00","flight":"2L132"},{"day":5,"utc":"11:13:00","flight":"2L409"},{"day":6,"utc":"16:42:00","flight":"2L290"},{"day":6,"utc":"11:03:00","flight":"2L041"},{"day":6,"utc":"08:42:00","flight":"2L681"},{"day":6,"utc":"17:38:00","flight":"2L842"}],"distance":922.7579695456559}