{"id":55437,"type":"route","airline":"U2","airlineid":"airline_2297","sourceairport":"SXF","destinationairport":"LIS","stops":0,"equipment":"319","schedule":[{"day":0,"utc":"16:44:00","flight":"U2591"},{"day":0,"utc":"13:38:00","flight":"U2761"},{"day":0,"utc":"00:48:00","flight":"U2120"},{"day":0,"utc":"14:44:00","flight":"U2431"},{"day":1,"utc":"12:25:00","flight":"U2415"},{"day":1,"utc":"03:05:00","flight":"U2503"},{"day":1,"utc":"17:49:00","flight":"U2053"},{"day":1,"utc":"09:12:00","flight":"U2169"},{"day":2,"utc":"06:52:00","flight":"U2249"},{"day":2,"utc":"19:56:00","flight":"U2493"},{"day":2,"utc":"08:20:00","flight":"U2995"},{"day":3,"utc":"11:24:00","flight":"U2741"},{"day":3,"utc":"22:08:00","flight":"U2113"},{"day":3,"utc":"14:04:00","flight":"U2220"},{"day":3,"utc":"08:55:00","flight":"U2373"},{"day":4,"utc":"01:27:00","flight":"U2727"},{"day":4,"utc":"05:55:00","flight":"U2283"},{"day":4,"utc":"02:06:00","flight":"U2209"},{"day":5,"utc":"14:25:00","flight":"U2998"},{"day":5,"utc":"20:26:00","flight":"U2437"},{"day":5,"utc":"22:24:00","flight":"U2703"},{"day":6,"utc":"07:23:00","flight":"U2477"}],"distance":2305.4219382216547}