{"id":20425,"type":"route","airline":"DL","airlineid":"airline_2009","sourceairport":"CHS","destinationairport":"ATL","stops":0,"equipment":"M88 73W 717 319","schedule":[{"day":0,"utc":"03:48:00","flight":"DL976"},{"day":0,"utc":"03:53:00","flight":"DL804"},{"day":0,"utc":"03:00:00","flight":"DL550"},{"day":1,"utc":"09:26:00","flight":"DL929"},{"day":1,"utc":"02:47:00","flight":"DL603"},{"day":2,"utc":"08:39:00","flight":"DL283"},{"day":2,"utc":"14:58:00","flight":"DL010"},{"day":2,"utc":"20:13:00","flight":"DL310"},{"day":3,"utc":"12:44:00","flight":"DL335"},{"day":3,"utc":"01:17:00","flight":"DL299"},{"day":4,"utc":"00:07:00","flight":"DL439"},{"day":4,"utc":"10:52:00","flight":"DL566"},{"day":4,"utc":"12:29:00","flight":"DL884"},{"day":4,"utc":"06:22:00","flight":"DL004"},{"day":5,"utc":"00:45:00","flight":"DL452"},{"day":5,"utc":"06:21:00","flight":"DL746"},{"day":5,"utc":"19:19:00","flight":"DL107"},{"day":5,"utc":"04:19:00","flight":"DL825"},{"day":6,"utc":"22:04:00","flight":"DL170"}],"distance":416.0563418045303}