{"id":11817,"type":"route","airline":"AS","airlineid":"airline_439","sourceairport":"PDX","destinationairport":"BOI","stops":0,"equipment":"DH4 CR7","schedule":[{"day":0,"utc":"14:56:00","flight":"AS333"},{"day":0,"utc":"02:24:00","flight":"AS088"},{"day":1,"utc":"17:55:00","flight":"AS832"},{"day":1,"utc":"00:11:00","flight":"AS819"},{"day":2,"utc":"12:17:00","flight":"AS902"},{"day":2,"utc":"09:52:00","flight":"AS642"},{"day":2,"utc":"06:59:00","flight":"AS512"},{"day":3,"utc":"15:41:00","flight":"AS850"},{"day":3,"utc":"05:29:00","flight":"AS244"},{"day":3,"utc":"11:19:00","flight":"AS798"},{"day":3,"utc":"02:17:00","flight":"AS532"},{"day":4,"utc":"17:23:00","flight":"AS334"},{"day":4,"utc":"11:17:00","flight":"AS326"},{"day":4,"utc":"17:30:00","flight":"AS674"},{"day":5,"utc":"12:16:00","flight":"AS731"},{"day":5,"utc":"17:53:00","flight":"AS564"},{"day":5,"utc":"14:22:00","flight":"AS894"},{"day":6,"utc":"10:04:00","flight":"AS581"},{"day":6,"utc":"10:01:00","flight":"AS679"},{"day":6,"utc":"21:21:00","flight":"AS208"}],"distance":552.6006898556925}