{"id":14879,"type":"route","airline":"BA","airlineid":"airline_1355","sourceairport":"PLZ","destinationairport":"JNB","stops":0,"equipment":"733 734","schedule":[{"day":0,"utc":"16:26:00","flight":"BA479"},{"day":0,"utc":"02:11:00","flight":"BA821"},{"day":0,"utc":"15:56:00","flight":"BA481"},{"day":0,"utc":"23:26:00","flight":"BA048"},{"day":0,"utc":"10:04:00","flight":"BA447"},{"day":1,"utc":"12:57:00","flight":"BA191"},{"day":1,"utc":"23:00:00","flight":"BA942"},{"day":1,"utc":"07:08:00","flight":"BA271"},{"day":2,"utc":"10:26:00","flight":"BA566"},{"day":2,"utc":"04:41:00","flight":"BA192"},{"day":2,"utc":"08:17:00","flight":"BA436"},{"day":2,"utc":"14:55:00","flight":"BA676"},{"day":2,"utc":"19:52:00","flight":"BA585"},{"day":3,"utc":"17:20:00","flight":"BA108"},{"day":3,"utc":"03:51:00","flight":"BA732"},{"day":3,"utc":"17:32:00","flight":"BA280"},{"day":3,"utc":"08:44:00","flight":"BA569"},{"day":4,"utc":"02:33:00","flight":"BA940"},{"day":4,"utc":"20:09:00","flight":"BA342"},{"day":4,"utc":"04:51:00","flight":"BA539"},{"day":5,"utc":"00:30:00","flight":"BA087"},{"day":5,"utc":"22:08:00","flight":"BA322"},{"day":5,"utc":"03:15:00","flight":"BA044"},{"day":5,"utc":"17:30:00","flight":"BA164"},{"day":6,"utc":"19:42:00","flight":"BA477"},{"day":6,"utc":"16:11:00","flight":"BA190"},{"day":6,"utc":"09:48:00","flight":"BA415"}],"distance":908.2355163721479}