{"id":24962,"type":"route","airline":"FL","airlineid":"airline_1316","sourceairport":"BWI","destinationairport":"ISP","stops":0,"equipment":"73W","schedule":[{"day":0,"utc":"00:44:00","flight":"FL858"},{"day":0,"utc":"06:34:00","flight":"FL204"},{"day":1,"utc":"11:46:00","flight":"FL103"},{"day":2,"utc":"08:16:00","flight":"FL184"},{"day":2,"utc":"20:34:00","flight":"FL893"},{"day":2,"utc":"05:18:00","flight":"FL040"},{"day":3,"utc":"01:24:00","flight":"FL856"},{"day":4,"utc":"17:25:00","flight":"FL956"},{"day":4,"utc":"10:55:00","flight":"FL983"},{"day":4,"utc":"14:34:00","flight":"FL683"},{"day":4,"utc":"05:36:00","flight":"FL738"},{"day":5,"utc":"13:25:00","flight":"FL553"},{"day":5,"utc":"22:58:00","flight":"FL978"},{"day":5,"utc":"13:04:00","flight":"FL419"},{"day":6,"utc":"00:12:00","flight":"FL905"},{"day":6,"utc":"09:55:00","flight":"FL888"},{"day":6,"utc":"00:49:00","flight":"FL692"}],"distance":353.30972042871457}