{"id":59551,"type":"route","airline":"US","airlineid":"airline_5265","sourceairport":"LGA","destinationairport":"CHO","stops":0,"equipment":"ERD","schedule":[{"day":0,"utc":"08:33:00","flight":"US495"},{"day":0,"utc":"18:24:00","flight":"US415"},{"day":1,"utc":"01:17:00","flight":"US934"},{"day":1,"utc":"06:48:00","flight":"US493"},{"day":1,"utc":"13:21:00","flight":"US008"},{"day":1,"utc":"12:40:00","flight":"US495"},{"day":1,"utc":"15:26:00","flight":"US505"},{"day":2,"utc":"20:39:00","flight":"US346"},{"day":2,"utc":"04:48:00","flight":"US993"},{"day":3,"utc":"12:25:00","flight":"US941"},{"day":4,"utc":"14:05:00","flight":"US953"},{"day":5,"utc":"16:04:00","flight":"US137"},{"day":5,"utc":"11:00:00","flight":"US898"},{"day":5,"utc":"22:10:00","flight":"US709"},{"day":6,"utc":"02:31:00","flight":"US295"}],"distance":490.5043107086501}