{"title":"San Francisco/Chinatown-North Beach","name":"Jun Yu’s Barber Shop","alt":null,"address":"32 Ross Alley","directions":"between Jackson St, Washington St, Stockton St and Grant Ave","phone":null,"tollfree":null,"email":null,"url":null,"hours":null,"image":null,"price":null,"content":"Need a haircut?  Why not let one of Chinatown's local celebrities cut it for you?  Since 1963, this elderly Chinese barber has sheared the locks of some of Hollywood's best including Michael Douglas and Sinatra.  The photos in the front window tell the story.  When he has no customers to attend to, he breaks out a violin and Ross Alley fills with his tune.","geo":{"lat":37.7955,"lon":-122.4073,"accuracy":"APPROXIMATE"},"activity":"do","type":"landmark","id":25429,"country":"United States","city":"San Francisco","state":"California"}