{"id":26725,"type":"route","airline":"FR","airlineid":"airline_4296","sourceairport":"EMA","destinationairport":"CCF","stops":0,"equipment":"738","schedule":[{"day":0,"utc":"13:46:00","flight":"FR408"},{"day":0,"utc":"13:51:00","flight":"FR614"},{"day":0,"utc":"22:08:00","flight":"FR802"},{"day":0,"utc":"16:19:00","flight":"FR542"},{"day":0,"utc":"15:44:00","flight":"FR813"},{"day":1,"utc":"16:39:00","flight":"FR859"},{"day":1,"utc":"08:19:00","flight":"FR836"},{"day":2,"utc":"03:29:00","flight":"FR342"},{"day":2,"utc":"04:14:00","flight":"FR757"},{"day":2,"utc":"18:06:00","flight":"FR256"},{"day":3,"utc":"23:45:00","flight":"FR048"},{"day":4,"utc":"10:16:00","flight":"FR838"},{"day":4,"utc":"14:30:00","flight":"FR005"},{"day":4,"utc":"23:05:00","flight":"FR518"},{"day":5,"utc":"01:23:00","flight":"FR426"},{"day":5,"utc":"19:24:00","flight":"FR145"},{"day":5,"utc":"02:29:00","flight":"FR950"},{"day":5,"utc":"00:57:00","flight":"FR891"},{"day":6,"utc":"07:38:00","flight":"FR685"},{"day":6,"utc":"00:24:00","flight":"FR352"}],"distance":1102.4173466423492}