{"id":37837,"type":"route","airline":"LC","airlineid":"airline_5354","sourceairport":"CDG","destinationairport":"BZV","stops":0,"equipment":"757","schedule":[{"day":0,"utc":"13:53:00","flight":"LC975"},{"day":0,"utc":"14:15:00","flight":"LC576"},{"day":0,"utc":"07:33:00","flight":"LC163"},{"day":0,"utc":"19:19:00","flight":"LC986"},{"day":0,"utc":"17:58:00","flight":"LC297"},{"day":1,"utc":"07:01:00","flight":"LC026"},{"day":2,"utc":"16:57:00","flight":"LC689"},{"day":2,"utc":"00:50:00","flight":"LC004"},{"day":3,"utc":"06:12:00","flight":"LC277"},{"day":3,"utc":"05:10:00","flight":"LC558"},{"day":3,"utc":"15:15:00","flight":"LC015"},{"day":4,"utc":"00:46:00","flight":"LC033"},{"day":5,"utc":"22:35:00","flight":"LC735"},{"day":5,"utc":"10:10:00","flight":"LC256"},{"day":5,"utc":"20:03:00","flight":"LC415"},{"day":5,"utc":"22:56:00","flight":"LC465"},{"day":5,"utc":"10:11:00","flight":"LC565"},{"day":6,"utc":"22:47:00","flight":"LC524"},{"day":6,"utc":"23:48:00","flight":"LC955"},{"day":6,"utc":"13:31:00","flight":"LC123"}],"distance":6049.090062223384}