{"id":60329,"type":"route","airline":"US","airlineid":"airline_5265","sourceairport":"SBY","destinationairport":"PHL","stops":0,"equipment":"DH8","schedule":[{"day":0,"utc":"20:58:00","flight":"US557"},{"day":1,"utc":"05:54:00","flight":"US633"},{"day":1,"utc":"19:55:00","flight":"US495"},{"day":1,"utc":"20:12:00","flight":"US388"},{"day":1,"utc":"12:28:00","flight":"US512"},{"day":1,"utc":"09:35:00","flight":"US289"},{"day":2,"utc":"21:10:00","flight":"US694"},{"day":2,"utc":"12:43:00","flight":"US549"},{"day":2,"utc":"07:46:00","flight":"US580"},{"day":3,"utc":"08:50:00","flight":"US457"},{"day":3,"utc":"12:24:00","flight":"US263"},{"day":3,"utc":"02:51:00","flight":"US300"},{"day":3,"utc":"13:25:00","flight":"US307"},{"day":4,"utc":"17:47:00","flight":"US305"},{"day":5,"utc":"17:57:00","flight":"US221"},{"day":5,"utc":"01:13:00","flight":"US533"},{"day":5,"utc":"13:30:00","flight":"US175"},{"day":5,"utc":"16:04:00","flight":"US836"},{"day":5,"utc":"06:52:00","flight":"US126"},{"day":6,"utc":"03:53:00","flight":"US371"},{"day":6,"utc":"02:59:00","flight":"US392"},{"day":6,"utc":"10:11:00","flight":"US765"},{"day":6,"utc":"08:23:00","flight":"US647"},{"day":6,"utc":"11:11:00","flight":"US864"}],"distance":171.862057935218}