{"id":15507,"type":"route","airline":"BK","airlineid":"airline_4026","sourceairport":"TSN","destinationairport":"UYN","stops":0,"equipment":"738","schedule":[{"day":0,"utc":"14:25:00","flight":"BK792"},{"day":0,"utc":"23:16:00","flight":"BK404"},{"day":0,"utc":"08:04:00","flight":"BK863"},{"day":0,"utc":"07:29:00","flight":"BK295"},{"day":1,"utc":"11:01:00","flight":"BK124"},{"day":2,"utc":"08:09:00","flight":"BK471"},{"day":2,"utc":"03:05:00","flight":"BK258"},{"day":3,"utc":"02:04:00","flight":"BK508"},{"day":3,"utc":"05:48:00","flight":"BK683"},{"day":3,"utc":"16:38:00","flight":"BK134"},{"day":3,"utc":"23:18:00","flight":"BK998"},{"day":3,"utc":"06:12:00","flight":"BK536"},{"day":4,"utc":"15:14:00","flight":"BK767"},{"day":4,"utc":"04:44:00","flight":"BK269"},{"day":5,"utc":"15:20:00","flight":"BK832"},{"day":5,"utc":"19:11:00","flight":"BK566"},{"day":5,"utc":"02:08:00","flight":"BK225"},{"day":5,"utc":"22:58:00","flight":"BK741"},{"day":6,"utc":"20:15:00","flight":"BK925"},{"day":6,"utc":"17:16:00","flight":"BK851"},{"day":6,"utc":"06:50:00","flight":"BK776"},{"day":6,"utc":"01:53:00","flight":"BK805"},{"day":6,"utc":"08:06:00","flight":"BK109"}],"distance":667.4742529894916}