{"id":6774,"type":"route","airline":"AA","airlineid":"airline_24","sourceairport":"SFO","destinationairport":"LAX","stops":0,"equipment":"738","schedule":[{"day":0,"utc":"11:42:00","flight":"AA655"},{"day":1,"utc":"18:39:00","flight":"AA349"},{"day":1,"utc":"01:40:00","flight":"AA444"},{"day":1,"utc":"11:47:00","flight":"AA781"},{"day":2,"utc":"04:57:00","flight":"AA620"},{"day":2,"utc":"02:26:00","flight":"AA582"},{"day":3,"utc":"07:02:00","flight":"AA951"},{"day":3,"utc":"06:55:00","flight":"AA999"},{"day":4,"utc":"13:21:00","flight":"AA878"},{"day":4,"utc":"01:04:00","flight":"AA828"},{"day":5,"utc":"16:37:00","flight":"AA331"},{"day":5,"utc":"03:10:00","flight":"AA272"},{"day":5,"utc":"10:51:00","flight":"AA429"},{"day":5,"utc":"13:54:00","flight":"AA293"},{"day":6,"utc":"09:17:00","flight":"AA740"},{"day":6,"utc":"15:28:00","flight":"AA927"},{"day":6,"utc":"07:23:00","flight":"AA654"},{"day":6,"utc":"02:08:00","flight":"AA607"}],"distance":543.1728350169337}