{"id":13661,"type":"route","airline":"AZ","airlineid":"airline_596","sourceairport":"SEA","destinationairport":"ATL","stops":0,"equipment":"739 76W 757","schedule":[{"day":0,"utc":"14:06:00","flight":"AZ004"},{"day":0,"utc":"12:53:00","flight":"AZ245"},{"day":0,"utc":"00:47:00","flight":"AZ857"},{"day":0,"utc":"22:36:00","flight":"AZ201"},{"day":1,"utc":"21:06:00","flight":"AZ204"},{"day":2,"utc":"06:40:00","flight":"AZ691"},{"day":3,"utc":"06:05:00","flight":"AZ377"},{"day":4,"utc":"12:53:00","flight":"AZ044"},{"day":4,"utc":"06:55:00","flight":"AZ742"},{"day":4,"utc":"19:11:00","flight":"AZ651"},{"day":4,"utc":"06:21:00","flight":"AZ908"},{"day":4,"utc":"23:19:00","flight":"AZ701"},{"day":5,"utc":"05:09:00","flight":"AZ879"},{"day":5,"utc":"22:04:00","flight":"AZ723"},{"day":5,"utc":"03:21:00","flight":"AZ529"},{"day":6,"utc":"23:55:00","flight":"AZ310"},{"day":6,"utc":"19:30:00","flight":"AZ253"}],"distance":3505.000897033538}