{"id":21664,"type":"route","airline":"DL","airlineid":"airline_2009","sourceairport":"RIC","destinationairport":"MCO","stops":0,"equipment":"CR9","schedule":[{"day":0,"utc":"20:08:00","flight":"DL165"},{"day":0,"utc":"16:52:00","flight":"DL873"},{"day":1,"utc":"05:46:00","flight":"DL128"},{"day":1,"utc":"20:23:00","flight":"DL794"},{"day":1,"utc":"02:12:00","flight":"DL198"},{"day":1,"utc":"20:29:00","flight":"DL459"},{"day":2,"utc":"23:51:00","flight":"DL943"},{"day":2,"utc":"04:40:00","flight":"DL468"},{"day":2,"utc":"08:43:00","flight":"DL244"},{"day":3,"utc":"23:47:00","flight":"DL766"},{"day":4,"utc":"20:32:00","flight":"DL926"},{"day":4,"utc":"08:11:00","flight":"DL436"},{"day":4,"utc":"03:46:00","flight":"DL124"},{"day":5,"utc":"15:51:00","flight":"DL387"},{"day":5,"utc":"02:02:00","flight":"DL244"},{"day":5,"utc":"19:35:00","flight":"DL702"},{"day":6,"utc":"06:26:00","flight":"DL824"},{"day":6,"utc":"21:38:00","flight":"DL269"},{"day":6,"utc":"22:21:00","flight":"DL237"},{"day":6,"utc":"20:39:00","flight":"DL398"},{"day":6,"utc":"04:54:00","flight":"DL610"}],"distance":1075.304232504104}