{"id":38412,"type":"route","airline":"LH","airlineid":"airline_3320","sourceairport":"HAM","destinationairport":"EWR","stops":0,"equipment":"752","schedule":[{"day":0,"utc":"02:54:00","flight":"LH755"},{"day":0,"utc":"21:01:00","flight":"LH506"},{"day":0,"utc":"02:05:00","flight":"LH195"},{"day":0,"utc":"12:13:00","flight":"LH888"},{"day":0,"utc":"09:01:00","flight":"LH128"},{"day":1,"utc":"13:26:00","flight":"LH425"},{"day":1,"utc":"13:22:00","flight":"LH896"},{"day":1,"utc":"16:13:00","flight":"LH019"},{"day":1,"utc":"23:54:00","flight":"LH007"},{"day":2,"utc":"19:48:00","flight":"LH793"},{"day":2,"utc":"21:13:00","flight":"LH924"},{"day":2,"utc":"21:51:00","flight":"LH303"},{"day":3,"utc":"22:36:00","flight":"LH510"},{"day":3,"utc":"03:30:00","flight":"LH486"},{"day":3,"utc":"06:52:00","flight":"LH929"},{"day":4,"utc":"05:19:00","flight":"LH463"},{"day":4,"utc":"05:57:00","flight":"LH957"},{"day":4,"utc":"00:28:00","flight":"LH050"},{"day":5,"utc":"12:18:00","flight":"LH172"},{"day":5,"utc":"15:18:00","flight":"LH331"},{"day":5,"utc":"23:54:00","flight":"LH728"},{"day":5,"utc":"15:31:00","flight":"LH792"},{"day":5,"utc":"20:42:00","flight":"LH054"},{"day":6,"utc":"02:44:00","flight":"LH802"},{"day":6,"utc":"23:11:00","flight":"LH260"},{"day":6,"utc":"20:58:00","flight":"LH289"}],"distance":6137.533940877763}