{"id":54733,"type":"route","airline":"U2","airlineid":"airline_2297","sourceairport":"EDI","destinationairport":"PRG","stops":0,"equipment":"319 320","schedule":[{"day":0,"utc":"20:14:00","flight":"U2556"},{"day":1,"utc":"08:28:00","flight":"U2479"},{"day":2,"utc":"07:50:00","flight":"U2120"},{"day":2,"utc":"01:40:00","flight":"U2862"},{"day":3,"utc":"07:15:00","flight":"U2270"},{"day":3,"utc":"17:56:00","flight":"U2084"},{"day":4,"utc":"22:25:00","flight":"U2841"},{"day":4,"utc":"07:34:00","flight":"U2858"},{"day":4,"utc":"17:49:00","flight":"U2717"},{"day":4,"utc":"12:00:00","flight":"U2095"},{"day":5,"utc":"10:53:00","flight":"U2231"},{"day":5,"utc":"08:33:00","flight":"U2518"},{"day":5,"utc":"20:27:00","flight":"U2365"},{"day":6,"utc":"22:42:00","flight":"U2755"},{"day":6,"utc":"14:41:00","flight":"U2704"},{"day":6,"utc":"06:18:00","flight":"U2795"},{"day":6,"utc":"02:20:00","flight":"U2465"}],"distance":1341.285997857296}