{"title":"Barra","name":"Northbay","alt":null,"address":null,"directions":null,"phone":null,"tollfree":null,"email":null,"url":null,"hours":null,"image":null,"price":null,"content":"A local artist has created a statue of St Barr, the island's saint, in the little bay at Northbay, and the same artist, Margaret Somerville, created the shell pictures of seabirds and fish that you will see in various locations.","geo":{"lat":57.00112,"lon":-7.4257,"accuracy":"RANGE_INTERPOLATED"},"activity":"see","type":"landmark","id":2492,"country":"United Kingdom","city":"Na h-Eileanan an Iar","state":null}