{"id":56562,"type":"route","airline":"UA","airlineid":"airline_5209","sourceairport":"HKG","destinationairport":"EWR","stops":0,"equipment":"777","schedule":[{"day":0,"utc":"10:53:00","flight":"UA783"},{"day":0,"utc":"05:21:00","flight":"UA841"},{"day":1,"utc":"14:05:00","flight":"UA845"},{"day":1,"utc":"11:09:00","flight":"UA689"},{"day":1,"utc":"10:33:00","flight":"UA118"},{"day":1,"utc":"16:39:00","flight":"UA670"},{"day":1,"utc":"20:07:00","flight":"UA315"},{"day":2,"utc":"07:52:00","flight":"UA533"},{"day":3,"utc":"06:36:00","flight":"UA944"},{"day":3,"utc":"02:22:00","flight":"UA090"},{"day":3,"utc":"21:45:00","flight":"UA476"},{"day":3,"utc":"16:26:00","flight":"UA165"},{"day":3,"utc":"09:17:00","flight":"UA610"},{"day":4,"utc":"17:35:00","flight":"UA097"},{"day":4,"utc":"08:41:00","flight":"UA468"},{"day":5,"utc":"23:02:00","flight":"UA621"},{"day":5,"utc":"04:43:00","flight":"UA839"},{"day":6,"utc":"11:41:00","flight":"UA991"},{"day":6,"utc":"02:24:00","flight":"UA696"},{"day":6,"utc":"11:46:00","flight":"UA543"}],"distance":12959.915153809334}