{"id":10136,"type":"route","airline":"AH","airlineid":"airline_794","sourceairport":"CDG","destinationairport":"AAE","stops":0,"equipment":"738","schedule":[{"day":0,"utc":"12:34:00","flight":"AH147"},{"day":0,"utc":"06:25:00","flight":"AH710"},{"day":0,"utc":"20:27:00","flight":"AH770"},{"day":1,"utc":"17:41:00","flight":"AH838"},{"day":1,"utc":"01:48:00","flight":"AH664"},{"day":2,"utc":"22:52:00","flight":"AH923"},{"day":2,"utc":"16:43:00","flight":"AH165"},{"day":2,"utc":"21:34:00","flight":"AH752"},{"day":2,"utc":"18:44:00","flight":"AH213"},{"day":3,"utc":"00:55:00","flight":"AH156"},{"day":3,"utc":"14:37:00","flight":"AH361"},{"day":3,"utc":"23:29:00","flight":"AH386"},{"day":3,"utc":"04:18:00","flight":"AH076"},{"day":3,"utc":"18:59:00","flight":"AH336"},{"day":4,"utc":"01:20:00","flight":"AH006"},{"day":5,"utc":"05:55:00","flight":"AH703"},{"day":5,"utc":"22:07:00","flight":"AH280"},{"day":6,"utc":"18:50:00","flight":"AH310"},{"day":6,"utc":"23:03:00","flight":"AH619"},{"day":6,"utc":"07:31:00","flight":"AH716"}],"distance":1420.6731433915315}