{"id":14195,"type":"route","airline":"B6","airlineid":"airline_3029","sourceairport":"PDX","destinationairport":"LGB","stops":0,"equipment":"320","schedule":[{"day":0,"utc":"21:58:00","flight":"B6283"},{"day":0,"utc":"14:11:00","flight":"B6149"},{"day":0,"utc":"23:42:00","flight":"B6722"},{"day":0,"utc":"15:04:00","flight":"B6674"},{"day":0,"utc":"01:46:00","flight":"B6635"},{"day":1,"utc":"01:22:00","flight":"B6163"},{"day":2,"utc":"13:07:00","flight":"B6144"},{"day":2,"utc":"06:08:00","flight":"B6625"},{"day":2,"utc":"05:01:00","flight":"B6399"},{"day":3,"utc":"03:43:00","flight":"B6928"},{"day":3,"utc":"13:09:00","flight":"B6549"},{"day":3,"utc":"17:33:00","flight":"B6190"},{"day":3,"utc":"10:52:00","flight":"B6028"},{"day":4,"utc":"17:55:00","flight":"B6406"},{"day":4,"utc":"13:54:00","flight":"B6617"},{"day":4,"utc":"00:36:00","flight":"B6482"},{"day":5,"utc":"11:26:00","flight":"B6987"},{"day":6,"utc":"15:34:00","flight":"B6518"},{"day":6,"utc":"07:01:00","flight":"B6321"},{"day":6,"utc":"08:03:00","flight":"B6067"},{"day":6,"utc":"02:52:00","flight":"B6106"},{"day":6,"utc":"20:13:00","flight":"B6555"}],"distance":1362.4319572574684}