{"id":59156,"type":"route","airline":"US","airlineid":"airline_5265","sourceairport":"DFW","destinationairport":"SAN","stops":0,"equipment":"738 M80 M83 757","schedule":[{"day":0,"utc":"14:33:00","flight":"US114"},{"day":0,"utc":"07:01:00","flight":"US386"},{"day":1,"utc":"07:55:00","flight":"US791"},{"day":2,"utc":"20:15:00","flight":"US657"},{"day":2,"utc":"07:28:00","flight":"US605"},{"day":2,"utc":"15:27:00","flight":"US536"},{"day":3,"utc":"16:38:00","flight":"US845"},{"day":3,"utc":"21:58:00","flight":"US594"},{"day":3,"utc":"10:59:00","flight":"US644"},{"day":4,"utc":"04:57:00","flight":"US667"},{"day":4,"utc":"20:56:00","flight":"US582"},{"day":4,"utc":"19:48:00","flight":"US040"},{"day":4,"utc":"07:40:00","flight":"US025"},{"day":4,"utc":"11:53:00","flight":"US825"},{"day":5,"utc":"21:58:00","flight":"US135"},{"day":5,"utc":"13:04:00","flight":"US098"},{"day":5,"utc":"18:55:00","flight":"US932"},{"day":5,"utc":"18:55:00","flight":"US931"},{"day":6,"utc":"10:10:00","flight":"US249"},{"day":6,"utc":"08:17:00","flight":"US530"},{"day":6,"utc":"16:37:00","flight":"US480"},{"day":6,"utc":"11:55:00","flight":"US918"}],"distance":1880.400779691195}