{"id":15045,"type":"route","airline":"BE","airlineid":"airline_2421","sourceairport":"AMS","destinationairport":"INV","stops":0,"equipment":"DH4","schedule":[{"day":0,"utc":"23:46:00","flight":"BE279"},{"day":0,"utc":"16:10:00","flight":"BE643"},{"day":0,"utc":"16:36:00","flight":"BE759"},{"day":1,"utc":"12:33:00","flight":"BE707"},{"day":1,"utc":"10:11:00","flight":"BE553"},{"day":1,"utc":"13:24:00","flight":"BE505"},{"day":1,"utc":"10:33:00","flight":"BE671"},{"day":2,"utc":"06:19:00","flight":"BE382"},{"day":3,"utc":"06:03:00","flight":"BE250"},{"day":3,"utc":"21:45:00","flight":"BE953"},{"day":3,"utc":"04:34:00","flight":"BE030"},{"day":3,"utc":"10:16:00","flight":"BE560"},{"day":3,"utc":"00:11:00","flight":"BE524"},{"day":4,"utc":"15:51:00","flight":"BE840"},{"day":5,"utc":"07:35:00","flight":"BE333"},{"day":6,"utc":"20:12:00","flight":"BE747"}],"distance":808.5272820593872}