{"title":"Santa Monica","name":"Main on Main","alt":null,"address":"2941 Main St","directions":"located next door to Obrien's Pub","phone":null,"tollfree":null,"email":null,"url":"http://www.mainonmain.com/","hours":null,"image":null,"price":null,"content":"Located in the former location of Mor Bar. Self proclaimed &quot;The premier night club in Santa Monica featuring great music, chill atmosphere and outstanding drinks.&quot;  This cozy neighborhood pub has been around since 1995, proudly serving a great range of brews, whiskeys and spirits as well as fine Irish and American cuisine.","geo":{"lat":33.9989,"lon":-118.48032,"accuracy":"APPROXIMATE"},"activity":"drink","type":"landmark","id":26481,"country":"United States","city":"Santa Monica","state":"California"}