{"id":6598,"type":"route","airline":"AA","airlineid":"airline_24","sourceairport":"PIT","destinationairport":"JFK","stops":0,"equipment":"ER4","schedule":[{"day":0,"utc":"00:20:00","flight":"AA193"},{"day":1,"utc":"16:14:00","flight":"AA768"},{"day":2,"utc":"20:19:00","flight":"AA357"},{"day":3,"utc":"09:58:00","flight":"AA316"},{"day":3,"utc":"21:41:00","flight":"AA649"},{"day":3,"utc":"17:21:00","flight":"AA896"},{"day":3,"utc":"00:25:00","flight":"AA143"},{"day":3,"utc":"04:40:00","flight":"AA785"},{"day":4,"utc":"16:01:00","flight":"AA506"},{"day":4,"utc":"15:57:00","flight":"AA495"},{"day":4,"utc":"00:14:00","flight":"AA495"},{"day":4,"utc":"02:14:00","flight":"AA215"},{"day":5,"utc":"09:20:00","flight":"AA014"},{"day":6,"utc":"21:49:00","flight":"AA954"},{"day":6,"utc":"19:27:00","flight":"AA487"}],"distance":545.2952500917648}