{"id":63694,"type":"route","airline":"WN","airlineid":"airline_4547","sourceairport":"DCA","destinationairport":"AUS","stops":0,"equipment":"73W","schedule":[{"day":0,"utc":"12:02:00","flight":"WN055"},{"day":0,"utc":"16:48:00","flight":"WN342"},{"day":0,"utc":"09:43:00","flight":"WN802"},{"day":1,"utc":"19:22:00","flight":"WN676"},{"day":2,"utc":"04:08:00","flight":"WN144"},{"day":3,"utc":"23:08:00","flight":"WN452"},{"day":3,"utc":"02:31:00","flight":"WN799"},{"day":3,"utc":"23:35:00","flight":"WN099"},{"day":3,"utc":"14:48:00","flight":"WN566"},{"day":4,"utc":"15:45:00","flight":"WN419"},{"day":4,"utc":"03:18:00","flight":"WN797"},{"day":4,"utc":"09:12:00","flight":"WN347"},{"day":4,"utc":"10:09:00","flight":"WN958"},{"day":5,"utc":"05:59:00","flight":"WN498"},{"day":6,"utc":"23:30:00","flight":"WN674"},{"day":6,"utc":"04:46:00","flight":"WN576"},{"day":6,"utc":"13:40:00","flight":"WN255"},{"day":6,"utc":"05:06:00","flight":"WN870"}],"distance":2114.361220862268}