{"id":56866,"type":"route","airline":"UA","airlineid":"airline_5209","sourceairport":"IAH","destinationairport":"ZLO","stops":0,"equipment":"ERJ","schedule":[{"day":0,"utc":"18:33:00","flight":"UA995"},{"day":0,"utc":"09:51:00","flight":"UA324"},{"day":0,"utc":"06:19:00","flight":"UA696"},{"day":0,"utc":"05:18:00","flight":"UA315"},{"day":1,"utc":"15:39:00","flight":"UA069"},{"day":1,"utc":"08:45:00","flight":"UA545"},{"day":1,"utc":"04:06:00","flight":"UA982"},{"day":1,"utc":"06:04:00","flight":"UA306"},{"day":2,"utc":"00:15:00","flight":"UA551"},{"day":2,"utc":"06:20:00","flight":"UA527"},{"day":2,"utc":"20:09:00","flight":"UA130"},{"day":2,"utc":"21:27:00","flight":"UA527"},{"day":2,"utc":"11:20:00","flight":"UA561"},{"day":3,"utc":"18:47:00","flight":"UA632"},{"day":3,"utc":"21:21:00","flight":"UA823"},{"day":4,"utc":"10:30:00","flight":"UA567"},{"day":4,"utc":"02:03:00","flight":"UA707"},{"day":4,"utc":"00:42:00","flight":"UA838"},{"day":4,"utc":"17:29:00","flight":"UA554"},{"day":4,"utc":"07:31:00","flight":"UA401"},{"day":5,"utc":"04:02:00","flight":"UA354"},{"day":5,"utc":"19:49:00","flight":"UA408"},{"day":5,"utc":"00:10:00","flight":"UA737"},{"day":6,"utc":"18:48:00","flight":"UA968"},{"day":6,"utc":"11:41:00","flight":"UA845"},{"day":6,"utc":"08:57:00","flight":"UA331"},{"day":6,"utc":"09:34:00","flight":"UA964"},{"day":6,"utc":"20:47:00","flight":"UA440"}],"distance":1522.2109300155128}