{"id":6127,"type":"route","airline":"AA","airlineid":"airline_24","sourceairport":"MLB","destinationairport":"CLT","stops":0,"equipment":"CRJ","schedule":[{"day":0,"utc":"22:36:00","flight":"AA561"},{"day":0,"utc":"15:03:00","flight":"AA618"},{"day":1,"utc":"13:28:00","flight":"AA280"},{"day":1,"utc":"06:06:00","flight":"AA157"},{"day":2,"utc":"00:43:00","flight":"AA994"},{"day":2,"utc":"14:28:00","flight":"AA450"},{"day":2,"utc":"07:23:00","flight":"AA998"},{"day":2,"utc":"21:57:00","flight":"AA117"},{"day":2,"utc":"00:49:00","flight":"AA382"},{"day":3,"utc":"16:32:00","flight":"AA929"},{"day":4,"utc":"18:29:00","flight":"AA189"},{"day":4,"utc":"14:21:00","flight":"AA176"},{"day":4,"utc":"22:05:00","flight":"AA833"},{"day":5,"utc":"12:53:00","flight":"AA720"},{"day":6,"utc":"23:30:00","flight":"AA250"},{"day":6,"utc":"00:49:00","flight":"AA479"}],"distance":791.2356795720839}