{"id":56020,"type":"route","airline":"UA","airlineid":"airline_5209","sourceairport":"CLT","destinationairport":"ORD","stops":0,"equipment":"320 319","schedule":[{"day":0,"utc":"14:22:00","flight":"UA974"},{"day":0,"utc":"22:09:00","flight":"UA079"},{"day":1,"utc":"21:00:00","flight":"UA341"},{"day":2,"utc":"05:44:00","flight":"UA239"},{"day":2,"utc":"19:46:00","flight":"UA154"},{"day":2,"utc":"18:12:00","flight":"UA324"},{"day":2,"utc":"10:30:00","flight":"UA870"},{"day":3,"utc":"03:45:00","flight":"UA110"},{"day":3,"utc":"02:06:00","flight":"UA725"},{"day":3,"utc":"07:46:00","flight":"UA020"},{"day":4,"utc":"18:16:00","flight":"UA648"},{"day":5,"utc":"21:46:00","flight":"UA294"},{"day":5,"utc":"05:55:00","flight":"UA400"},{"day":5,"utc":"16:25:00","flight":"UA943"},{"day":5,"utc":"09:49:00","flight":"UA655"},{"day":6,"utc":"10:55:00","flight":"UA072"},{"day":6,"utc":"05:10:00","flight":"UA928"},{"day":6,"utc":"11:07:00","flight":"UA050"},{"day":6,"utc":"00:34:00","flight":"UA782"}],"distance":964.5791472772447}