{"id":5619,"type":"route","airline":"AA","airlineid":"airline_24","sourceairport":"JFK","destinationairport":"HKG","stops":0,"equipment":"773","schedule":[{"day":0,"utc":"02:07:00","flight":"AA606"},{"day":0,"utc":"16:47:00","flight":"AA914"},{"day":0,"utc":"22:39:00","flight":"AA065"},{"day":0,"utc":"00:29:00","flight":"AA873"},{"day":0,"utc":"00:45:00","flight":"AA102"},{"day":1,"utc":"15:37:00","flight":"AA677"},{"day":1,"utc":"22:06:00","flight":"AA185"},{"day":1,"utc":"13:28:00","flight":"AA070"},{"day":2,"utc":"02:01:00","flight":"AA724"},{"day":2,"utc":"17:58:00","flight":"AA515"},{"day":2,"utc":"01:30:00","flight":"AA479"},{"day":2,"utc":"04:54:00","flight":"AA360"},{"day":2,"utc":"23:12:00","flight":"AA907"},{"day":3,"utc":"11:52:00","flight":"AA987"},{"day":4,"utc":"17:30:00","flight":"AA302"},{"day":4,"utc":"12:44:00","flight":"AA606"},{"day":4,"utc":"04:08:00","flight":"AA255"},{"day":4,"utc":"02:21:00","flight":"AA424"},{"day":4,"utc":"10:17:00","flight":"AA144"},{"day":5,"utc":"23:39:00","flight":"AA177"},{"day":5,"utc":"14:17:00","flight":"AA374"},{"day":5,"utc":"08:47:00","flight":"AA709"},{"day":5,"utc":"00:35:00","flight":"AA129"},{"day":6,"utc":"02:38:00","flight":"AA577"},{"day":6,"utc":"16:22:00","flight":"AA269"},{"day":6,"utc":"22:17:00","flight":"AA496"}],"distance":12970.388939868608}