{"id":58878,"type":"route","airline":"US","airlineid":"airline_5265","sourceairport":"CLT","destinationairport":"VPS","stops":0,"equipment":"CR7 CRJ","schedule":[{"day":0,"utc":"20:00:00","flight":"US486"},{"day":1,"utc":"02:20:00","flight":"US125"},{"day":1,"utc":"01:07:00","flight":"US835"},{"day":1,"utc":"07:47:00","flight":"US174"},{"day":1,"utc":"23:48:00","flight":"US216"},{"day":2,"utc":"20:28:00","flight":"US946"},{"day":2,"utc":"23:06:00","flight":"US485"},{"day":3,"utc":"19:44:00","flight":"US430"},{"day":4,"utc":"11:38:00","flight":"US574"},{"day":4,"utc":"03:52:00","flight":"US074"},{"day":5,"utc":"20:51:00","flight":"US678"},{"day":5,"utc":"13:51:00","flight":"US581"},{"day":5,"utc":"00:28:00","flight":"US259"},{"day":5,"utc":"12:13:00","flight":"US487"},{"day":5,"utc":"11:47:00","flight":"US819"},{"day":6,"utc":"00:11:00","flight":"US584"}],"distance":740.4277266958715}