{"id":54949,"type":"route","airline":"U2","airlineid":"airline_2297","sourceairport":"LGW","destinationairport":"GIB","stops":0,"equipment":"320 319","schedule":[{"day":0,"utc":"18:12:00","flight":"U2464"},{"day":1,"utc":"12:24:00","flight":"U2331"},{"day":1,"utc":"18:42:00","flight":"U2947"},{"day":1,"utc":"22:10:00","flight":"U2115"},{"day":1,"utc":"19:14:00","flight":"U2988"},{"day":2,"utc":"00:50:00","flight":"U2117"},{"day":3,"utc":"14:45:00","flight":"U2633"},{"day":3,"utc":"14:20:00","flight":"U2291"},{"day":4,"utc":"15:03:00","flight":"U2981"},{"day":4,"utc":"21:33:00","flight":"U2769"},{"day":4,"utc":"02:27:00","flight":"U2398"},{"day":4,"utc":"02:30:00","flight":"U2865"},{"day":5,"utc":"21:14:00","flight":"U2551"},{"day":5,"utc":"20:49:00","flight":"U2197"},{"day":5,"utc":"21:21:00","flight":"U2430"},{"day":6,"utc":"19:40:00","flight":"U2924"},{"day":6,"utc":"20:47:00","flight":"U2245"}],"distance":1717.374196592541}