{"id":5588,"type":"route","airline":"AA","airlineid":"airline_24","sourceairport":"JAX","destinationairport":"DFW","stops":0,"equipment":"M83 M80","schedule":[{"day":0,"utc":"09:04:00","flight":"AA682"},{"day":0,"utc":"03:23:00","flight":"AA121"},{"day":0,"utc":"13:57:00","flight":"AA995"},{"day":1,"utc":"18:14:00","flight":"AA317"},{"day":1,"utc":"02:58:00","flight":"AA543"},{"day":1,"utc":"11:21:00","flight":"AA940"},{"day":1,"utc":"00:54:00","flight":"AA776"},{"day":1,"utc":"23:05:00","flight":"AA489"},{"day":2,"utc":"22:05:00","flight":"AA252"},{"day":2,"utc":"16:40:00","flight":"AA949"},{"day":2,"utc":"03:24:00","flight":"AA280"},{"day":3,"utc":"14:43:00","flight":"AA131"},{"day":3,"utc":"13:28:00","flight":"AA027"},{"day":3,"utc":"14:48:00","flight":"AA738"},{"day":4,"utc":"03:07:00","flight":"AA637"},{"day":4,"utc":"02:10:00","flight":"AA201"},{"day":4,"utc":"07:56:00","flight":"AA254"},{"day":5,"utc":"18:40:00","flight":"AA047"},{"day":6,"utc":"15:44:00","flight":"AA625"},{"day":6,"utc":"07:58:00","flight":"AA827"}],"distance":1475.246215155298}