{"id":28042,"type":"route","airline":"FR","airlineid":"airline_4296","sourceairport":"TFS","destinationairport":"EDI","stops":0,"equipment":"738","schedule":[{"day":0,"utc":"20:25:00","flight":"FR836"},{"day":0,"utc":"09:10:00","flight":"FR010"},{"day":0,"utc":"19:24:00","flight":"FR315"},{"day":1,"utc":"14:33:00","flight":"FR799"},{"day":1,"utc":"16:13:00","flight":"FR446"},{"day":2,"utc":"01:24:00","flight":"FR958"},{"day":2,"utc":"16:52:00","flight":"FR481"},{"day":2,"utc":"05:00:00","flight":"FR186"},{"day":3,"utc":"15:06:00","flight":"FR916"},{"day":3,"utc":"06:44:00","flight":"FR183"},{"day":3,"utc":"18:59:00","flight":"FR000"},{"day":3,"utc":"21:49:00","flight":"FR551"},{"day":4,"utc":"16:02:00","flight":"FR004"},{"day":4,"utc":"01:51:00","flight":"FR981"},{"day":4,"utc":"15:51:00","flight":"FR563"},{"day":4,"utc":"04:35:00","flight":"FR040"},{"day":5,"utc":"09:12:00","flight":"FR659"},{"day":5,"utc":"02:21:00","flight":"FR789"},{"day":5,"utc":"15:42:00","flight":"FR220"},{"day":5,"utc":"11:29:00","flight":"FR929"},{"day":6,"utc":"22:33:00","flight":"FR603"}],"distance":3276.2599524999323}