{"id":46974,"type":"route","airline":"QF","airlineid":"airline_4089","sourceairport":"LGW","destinationairport":"DXB","stops":0,"equipment":"77W 388","schedule":[{"day":0,"utc":"11:47:00","flight":"QF947"},{"day":0,"utc":"09:31:00","flight":"QF299"},{"day":0,"utc":"08:08:00","flight":"QF359"},{"day":0,"utc":"01:35:00","flight":"QF333"},{"day":1,"utc":"16:53:00","flight":"QF220"},{"day":1,"utc":"10:17:00","flight":"QF721"},{"day":2,"utc":"07:42:00","flight":"QF934"},{"day":3,"utc":"15:29:00","flight":"QF190"},{"day":3,"utc":"18:25:00","flight":"QF509"},{"day":3,"utc":"05:08:00","flight":"QF343"},{"day":4,"utc":"02:38:00","flight":"QF054"},{"day":4,"utc":"14:42:00","flight":"QF457"},{"day":4,"utc":"00:56:00","flight":"QF708"},{"day":4,"utc":"16:26:00","flight":"QF214"},{"day":5,"utc":"20:11:00","flight":"QF394"},{"day":5,"utc":"00:17:00","flight":"QF546"},{"day":5,"utc":"03:03:00","flight":"QF237"},{"day":5,"utc":"09:13:00","flight":"QF927"},{"day":6,"utc":"03:14:00","flight":"QF077"},{"day":6,"utc":"07:55:00","flight":"QF213"},{"day":6,"utc":"01:39:00","flight":"QF073"},{"day":6,"utc":"19:46:00","flight":"QF235"}],"distance":5473.127051995548}