{"id":9378,"type":"route","airline":"AF","airlineid":"airline_137","sourceairport":"CDG","destinationairport":"OTP","stops":0,"equipment":"321 320 319","schedule":[{"day":0,"utc":"08:03:00","flight":"AF724"},{"day":0,"utc":"11:20:00","flight":"AF387"},{"day":0,"utc":"13:27:00","flight":"AF210"},{"day":1,"utc":"01:23:00","flight":"AF148"},{"day":1,"utc":"20:22:00","flight":"AF125"},{"day":1,"utc":"16:54:00","flight":"AF468"},{"day":2,"utc":"23:21:00","flight":"AF955"},{"day":2,"utc":"20:36:00","flight":"AF626"},{"day":2,"utc":"10:25:00","flight":"AF970"},{"day":3,"utc":"07:29:00","flight":"AF574"},{"day":3,"utc":"06:09:00","flight":"AF431"},{"day":3,"utc":"15:01:00","flight":"AF138"},{"day":3,"utc":"01:45:00","flight":"AF323"},{"day":3,"utc":"05:53:00","flight":"AF977"},{"day":4,"utc":"14:06:00","flight":"AF336"},{"day":4,"utc":"22:40:00","flight":"AF100"},{"day":4,"utc":"22:29:00","flight":"AF707"},{"day":5,"utc":"21:34:00","flight":"AF985"},{"day":5,"utc":"19:05:00","flight":"AF576"},{"day":5,"utc":"01:57:00","flight":"AF265"},{"day":5,"utc":"11:04:00","flight":"AF537"},{"day":5,"utc":"17:46:00","flight":"AF597"},{"day":6,"utc":"17:23:00","flight":"AF852"}],"distance":1851.3302417588445}