{"id":25559,"type":"route","airline":"FL","airlineid":"airline_1316","sourceairport":"TPA","destinationairport":"PIT","stops":0,"equipment":"717","schedule":[{"day":0,"utc":"18:55:00","flight":"FL237"},{"day":0,"utc":"23:51:00","flight":"FL493"},{"day":1,"utc":"18:50:00","flight":"FL669"},{"day":1,"utc":"05:17:00","flight":"FL323"},{"day":1,"utc":"16:59:00","flight":"FL484"},{"day":1,"utc":"08:19:00","flight":"FL065"},{"day":2,"utc":"19:40:00","flight":"FL172"},{"day":2,"utc":"06:26:00","flight":"FL383"},{"day":2,"utc":"16:39:00","flight":"FL970"},{"day":3,"utc":"05:14:00","flight":"FL507"},{"day":3,"utc":"20:46:00","flight":"FL280"},{"day":3,"utc":"06:32:00","flight":"FL396"},{"day":3,"utc":"03:18:00","flight":"FL983"},{"day":4,"utc":"10:59:00","flight":"FL041"},{"day":4,"utc":"04:36:00","flight":"FL480"},{"day":4,"utc":"14:38:00","flight":"FL482"},{"day":4,"utc":"02:19:00","flight":"FL833"},{"day":4,"utc":"04:47:00","flight":"FL119"},{"day":5,"utc":"21:58:00","flight":"FL879"},{"day":5,"utc":"23:37:00","flight":"FL982"},{"day":5,"utc":"09:21:00","flight":"FL572"},{"day":5,"utc":"11:20:00","flight":"FL951"},{"day":6,"utc":"01:00:00","flight":"FL136"},{"day":6,"utc":"19:17:00","flight":"FL399"},{"day":6,"utc":"05:02:00","flight":"FL989"}],"distance":1407.5386013639798}