{"id":9952,"type":"route","airline":"AF","airlineid":"airline_137","sourceairport":"SLU","destinationairport":"FDF","stops":0,"equipment":"AT5","schedule":[{"day":0,"utc":"17:40:00","flight":"AF640"},{"day":0,"utc":"16:16:00","flight":"AF437"},{"day":0,"utc":"09:29:00","flight":"AF149"},{"day":0,"utc":"22:11:00","flight":"AF245"},{"day":0,"utc":"13:58:00","flight":"AF294"},{"day":1,"utc":"23:29:00","flight":"AF721"},{"day":1,"utc":"13:10:00","flight":"AF845"},{"day":1,"utc":"06:28:00","flight":"AF966"},{"day":1,"utc":"06:06:00","flight":"AF515"},{"day":2,"utc":"13:52:00","flight":"AF354"},{"day":2,"utc":"08:00:00","flight":"AF417"},{"day":2,"utc":"00:43:00","flight":"AF445"},{"day":2,"utc":"01:30:00","flight":"AF547"},{"day":2,"utc":"20:31:00","flight":"AF838"},{"day":3,"utc":"12:00:00","flight":"AF709"},{"day":3,"utc":"04:24:00","flight":"AF832"},{"day":3,"utc":"22:09:00","flight":"AF569"},{"day":3,"utc":"21:38:00","flight":"AF409"},{"day":4,"utc":"13:34:00","flight":"AF622"},{"day":5,"utc":"20:28:00","flight":"AF559"},{"day":5,"utc":"00:12:00","flight":"AF153"},{"day":5,"utc":"03:24:00","flight":"AF666"},{"day":5,"utc":"13:18:00","flight":"AF147"},{"day":5,"utc":"23:29:00","flight":"AF172"},{"day":6,"utc":"19:19:00","flight":"AF626"},{"day":6,"utc":"13:09:00","flight":"AF224"},{"day":6,"utc":"18:34:00","flight":"AF715"},{"day":6,"utc":"00:19:00","flight":"AF484"}],"distance":63.4802071556544}