{"id":61703,"type":"route","airline":"VS","airlineid":"airline_5347","sourceairport":"ATL","destinationairport":"SMF","stops":0,"equipment":"757","schedule":[{"day":0,"utc":"23:05:00","flight":"VS460"},{"day":1,"utc":"04:38:00","flight":"VS923"},{"day":1,"utc":"06:37:00","flight":"VS744"},{"day":1,"utc":"21:58:00","flight":"VS273"},{"day":1,"utc":"19:46:00","flight":"VS827"},{"day":2,"utc":"02:01:00","flight":"VS156"},{"day":2,"utc":"19:49:00","flight":"VS352"},{"day":3,"utc":"14:23:00","flight":"VS500"},{"day":3,"utc":"06:05:00","flight":"VS724"},{"day":3,"utc":"21:21:00","flight":"VS237"},{"day":3,"utc":"07:34:00","flight":"VS674"},{"day":4,"utc":"19:18:00","flight":"VS877"},{"day":5,"utc":"10:09:00","flight":"VS024"},{"day":6,"utc":"03:24:00","flight":"VS861"},{"day":6,"utc":"10:35:00","flight":"VS991"},{"day":6,"utc":"01:58:00","flight":"VS058"},{"day":6,"utc":"11:00:00","flight":"VS714"}],"distance":3359.7273882665927}