{"id":36549,"type":"route","airline":"KL","airlineid":"airline_3090","sourceairport":"CLE","destinationairport":"ATL","stops":0,"equipment":"M88 717 CR9","schedule":[{"day":0,"utc":"01:18:00","flight":"KL749"},{"day":0,"utc":"20:50:00","flight":"KL998"},{"day":1,"utc":"16:14:00","flight":"KL095"},{"day":1,"utc":"02:46:00","flight":"KL843"},{"day":2,"utc":"13:19:00","flight":"KL879"},{"day":3,"utc":"02:42:00","flight":"KL146"},{"day":3,"utc":"05:20:00","flight":"KL326"},{"day":3,"utc":"14:39:00","flight":"KL978"},{"day":3,"utc":"00:24:00","flight":"KL101"},{"day":3,"utc":"04:11:00","flight":"KL606"},{"day":4,"utc":"14:04:00","flight":"KL004"},{"day":4,"utc":"18:42:00","flight":"KL947"},{"day":4,"utc":"10:54:00","flight":"KL053"},{"day":4,"utc":"10:57:00","flight":"KL995"},{"day":5,"utc":"03:34:00","flight":"KL325"},{"day":5,"utc":"21:25:00","flight":"KL399"},{"day":5,"utc":"03:37:00","flight":"KL962"},{"day":5,"utc":"09:06:00","flight":"KL051"},{"day":6,"utc":"11:46:00","flight":"KL579"}],"distance":893.8121088398609}