{"id":54621,"type":"route","airline":"U2","airlineid":"airline_2297","sourceairport":"BUD","destinationairport":"CDG","stops":0,"equipment":"319","schedule":[{"day":0,"utc":"11:35:00","flight":"U2877"},{"day":0,"utc":"00:15:00","flight":"U2018"},{"day":0,"utc":"14:16:00","flight":"U2979"},{"day":0,"utc":"03:02:00","flight":"U2405"},{"day":1,"utc":"04:43:00","flight":"U2402"},{"day":1,"utc":"14:52:00","flight":"U2689"},{"day":1,"utc":"20:12:00","flight":"U2137"},{"day":2,"utc":"23:01:00","flight":"U2424"},{"day":2,"utc":"06:49:00","flight":"U2609"},{"day":3,"utc":"03:11:00","flight":"U2794"},{"day":4,"utc":"13:05:00","flight":"U2073"},{"day":5,"utc":"10:32:00","flight":"U2673"},{"day":5,"utc":"11:19:00","flight":"U2715"},{"day":6,"utc":"13:59:00","flight":"U2416"},{"day":6,"utc":"16:30:00","flight":"U2546"}],"distance":1247.2729248794785}