{"title":"Altrincham","name":"Altrincham Ice Rink","alt":"Silver Blades","address":"Oakfield Rd, Station Site, WA15 8EW","directions":"At the rear of the railway station","phone":"08700 852929 (premium rate number from most mobiles and non-BT landlines)","tollfree":null,"email":"altrincham@silver-blades.co.uk","url":"http://www.altrinchamicedome.co.uk/","hours":null,"image":null,"price":null,"content":"Silver Blades Altrincham is open 7 days a week including bank holidays and is home for all ice disciplines including general public skating, figure skating, ice dancing, speed skating and ice hockey.","geo":{"lat":53.38694,"lon":-2.34687,"accuracy":"APPROXIMATE"},"activity":"do","type":"landmark","id":559,"country":"United Kingdom","city":"Altrincham","state":null}