{"id":65039,"type":"route","airline":"WX","airlineid":"airline_1792","sourceairport":"BES","destinationairport":"LCY","stops":0,"equipment":"F50","schedule":[{"day":0,"utc":"14:28:00","flight":"WX383"},{"day":0,"utc":"04:53:00","flight":"WX883"},{"day":0,"utc":"15:27:00","flight":"WX617"},{"day":0,"utc":"12:54:00","flight":"WX469"},{"day":1,"utc":"18:11:00","flight":"WX685"},{"day":2,"utc":"23:01:00","flight":"WX592"},{"day":2,"utc":"11:13:00","flight":"WX600"},{"day":3,"utc":"18:12:00","flight":"WX739"},{"day":4,"utc":"01:33:00","flight":"WX267"},{"day":4,"utc":"15:30:00","flight":"WX594"},{"day":4,"utc":"02:09:00","flight":"WX344"},{"day":4,"utc":"21:19:00","flight":"WX239"},{"day":5,"utc":"17:41:00","flight":"WX606"},{"day":5,"utc":"11:43:00","flight":"WX966"},{"day":5,"utc":"14:48:00","flight":"WX007"},{"day":5,"utc":"08:50:00","flight":"WX154"},{"day":6,"utc":"14:29:00","flight":"WX539"},{"day":6,"utc":"03:35:00","flight":"WX594"},{"day":6,"utc":"05:20:00","flight":"WX393"},{"day":6,"utc":"00:47:00","flight":"WX893"},{"day":6,"utc":"02:53:00","flight":"WX325"}],"distance":466.654392279509}