{"id":54699,"type":"route","airline":"U2","airlineid":"airline_2297","sourceairport":"DLM","destinationairport":"MAN","stops":0,"equipment":"320","schedule":[{"day":0,"utc":"12:29:00","flight":"U2693"},{"day":0,"utc":"04:37:00","flight":"U2111"},{"day":0,"utc":"16:06:00","flight":"U2584"},{"day":1,"utc":"04:19:00","flight":"U2119"},{"day":2,"utc":"00:32:00","flight":"U2686"},{"day":3,"utc":"06:50:00","flight":"U2712"},{"day":4,"utc":"06:33:00","flight":"U2977"},{"day":4,"utc":"19:43:00","flight":"U2476"},{"day":5,"utc":"11:30:00","flight":"U2907"},{"day":6,"utc":"00:06:00","flight":"U2031"},{"day":6,"utc":"00:24:00","flight":"U2607"},{"day":6,"utc":"02:23:00","flight":"U2702"}],"distance":3023.5184264729965}