{"id":275,"type":"route","airline":"3F","airlineid":"airline_16262","sourceairport":"HYL","destinationairport":"KTN","stops":0,"equipment":"DHP","schedule":[{"day":0,"utc":"18:38:00","flight":"3F603"},{"day":1,"utc":"08:06:00","flight":"3F281"},{"day":1,"utc":"21:24:00","flight":"3F794"},{"day":1,"utc":"18:36:00","flight":"3F481"},{"day":1,"utc":"20:53:00","flight":"3F804"},{"day":1,"utc":"03:28:00","flight":"3F494"},{"day":2,"utc":"03:14:00","flight":"3F311"},{"day":3,"utc":"14:20:00","flight":"3F126"},{"day":3,"utc":"12:43:00","flight":"3F189"},{"day":3,"utc":"20:44:00","flight":"3F370"},{"day":4,"utc":"07:19:00","flight":"3F596"},{"day":4,"utc":"13:44:00","flight":"3F222"},{"day":4,"utc":"09:47:00","flight":"3F447"},{"day":5,"utc":"15:14:00","flight":"3F824"},{"day":5,"utc":"22:58:00","flight":"3F534"},{"day":6,"utc":"13:48:00","flight":"3F200"},{"day":6,"utc":"10:13:00","flight":"3F203"},{"day":6,"utc":"02:07:00","flight":"3F569"},{"day":6,"utc":"19:17:00","flight":"3F434"}],"distance":60.490125124942736}