{"id":63769,"type":"route","airline":"WN","airlineid":"airline_4547","sourceairport":"ELP","destinationairport":"AUS","stops":0,"equipment":"73W 735 73C","schedule":[{"day":0,"utc":"14:45:00","flight":"WN190"},{"day":0,"utc":"23:10:00","flight":"WN652"},{"day":1,"utc":"07:35:00","flight":"WN228"},{"day":1,"utc":"17:10:00","flight":"WN025"},{"day":2,"utc":"02:28:00","flight":"WN430"},{"day":2,"utc":"06:56:00","flight":"WN658"},{"day":2,"utc":"21:07:00","flight":"WN616"},{"day":2,"utc":"15:59:00","flight":"WN182"},{"day":3,"utc":"01:53:00","flight":"WN866"},{"day":3,"utc":"18:34:00","flight":"WN680"},{"day":4,"utc":"09:50:00","flight":"WN490"},{"day":5,"utc":"10:04:00","flight":"WN378"},{"day":5,"utc":"01:34:00","flight":"WN705"},{"day":6,"utc":"11:09:00","flight":"WN867"},{"day":6,"utc":"04:46:00","flight":"WN808"},{"day":6,"utc":"07:57:00","flight":"WN001"},{"day":6,"utc":"10:29:00","flight":"WN671"}],"distance":848.8349953062209}