{"id":62085,"type":"route","airline":"VY","airlineid":"airline_2439","sourceairport":"ALC","destinationairport":"ORY","stops":0,"equipment":"320","schedule":[{"day":0,"utc":"02:20:00","flight":"VY817"},{"day":0,"utc":"16:39:00","flight":"VY668"},{"day":1,"utc":"18:59:00","flight":"VY550"},{"day":1,"utc":"22:58:00","flight":"VY023"},{"day":1,"utc":"15:10:00","flight":"VY095"},{"day":2,"utc":"23:20:00","flight":"VY179"},{"day":2,"utc":"18:27:00","flight":"VY260"},{"day":2,"utc":"11:22:00","flight":"VY981"},{"day":2,"utc":"21:16:00","flight":"VY340"},{"day":3,"utc":"04:59:00","flight":"VY361"},{"day":3,"utc":"11:51:00","flight":"VY145"},{"day":3,"utc":"03:52:00","flight":"VY045"},{"day":4,"utc":"13:34:00","flight":"VY178"},{"day":4,"utc":"19:43:00","flight":"VY879"},{"day":4,"utc":"02:30:00","flight":"VY012"},{"day":4,"utc":"06:27:00","flight":"VY451"},{"day":5,"utc":"20:05:00","flight":"VY929"},{"day":5,"utc":"05:00:00","flight":"VY664"},{"day":5,"utc":"03:45:00","flight":"VY128"},{"day":6,"utc":"01:53:00","flight":"VY005"},{"day":6,"utc":"17:38:00","flight":"VY259"},{"day":6,"utc":"03:26:00","flight":"VY857"}],"distance":1184.5806981827932}