{"id":11905,"type":"route","airline":"AS","airlineid":"airline_439","sourceairport":"SBA","destinationairport":"PDX","stops":0,"equipment":"CR7","schedule":[{"day":0,"utc":"09:44:00","flight":"AS264"},{"day":0,"utc":"12:23:00","flight":"AS156"},{"day":0,"utc":"08:41:00","flight":"AS542"},{"day":0,"utc":"13:41:00","flight":"AS784"},{"day":0,"utc":"02:55:00","flight":"AS312"},{"day":1,"utc":"03:51:00","flight":"AS887"},{"day":1,"utc":"18:49:00","flight":"AS623"},{"day":2,"utc":"09:17:00","flight":"AS826"},{"day":2,"utc":"00:51:00","flight":"AS089"},{"day":2,"utc":"09:51:00","flight":"AS974"},{"day":2,"utc":"17:58:00","flight":"AS296"},{"day":3,"utc":"10:48:00","flight":"AS557"},{"day":4,"utc":"04:35:00","flight":"AS384"},{"day":4,"utc":"04:51:00","flight":"AS352"},{"day":4,"utc":"23:58:00","flight":"AS263"},{"day":4,"utc":"23:00:00","flight":"AS367"},{"day":4,"utc":"02:56:00","flight":"AS632"},{"day":5,"utc":"04:48:00","flight":"AS419"},{"day":5,"utc":"13:08:00","flight":"AS006"},{"day":5,"utc":"10:04:00","flight":"AS124"},{"day":5,"utc":"21:45:00","flight":"AS930"},{"day":5,"utc":"17:36:00","flight":"AS197"},{"day":6,"utc":"05:50:00","flight":"AS316"},{"day":6,"utc":"00:19:00","flight":"AS198"},{"day":6,"utc":"03:11:00","flight":"AS252"}],"distance":1263.0157383064566}