{"id":17644,"type":"route","airline":"CM","airlineid":"airline_1889","sourceairport":"MIA","destinationairport":"PTY","stops":0,"equipment":"738 73G","schedule":[{"day":0,"utc":"00:42:00","flight":"CM773"},{"day":0,"utc":"16:44:00","flight":"CM174"},{"day":0,"utc":"05:56:00","flight":"CM777"},{"day":0,"utc":"06:51:00","flight":"CM630"},{"day":1,"utc":"11:27:00","flight":"CM619"},{"day":1,"utc":"08:48:00","flight":"CM852"},{"day":1,"utc":"20:20:00","flight":"CM253"},{"day":1,"utc":"17:24:00","flight":"CM030"},{"day":2,"utc":"20:51:00","flight":"CM974"},{"day":2,"utc":"04:50:00","flight":"CM264"},{"day":2,"utc":"14:26:00","flight":"CM440"},{"day":2,"utc":"21:01:00","flight":"CM998"},{"day":3,"utc":"14:08:00","flight":"CM117"},{"day":3,"utc":"17:05:00","flight":"CM939"},{"day":4,"utc":"00:08:00","flight":"CM011"},{"day":4,"utc":"10:46:00","flight":"CM656"},{"day":4,"utc":"21:55:00","flight":"CM840"},{"day":4,"utc":"08:02:00","flight":"CM929"},{"day":4,"utc":"19:10:00","flight":"CM024"},{"day":5,"utc":"19:10:00","flight":"CM770"},{"day":5,"utc":"08:17:00","flight":"CM952"},{"day":5,"utc":"04:57:00","flight":"CM133"},{"day":5,"utc":"20:06:00","flight":"CM290"},{"day":5,"utc":"14:31:00","flight":"CM346"},{"day":6,"utc":"15:10:00","flight":"CM538"},{"day":6,"utc":"03:53:00","flight":"CM492"}],"distance":1861.8545411017337}