{"title":"San Francisco/Mission","name":"Balmy Alley","alt":null,"address":"between 24th, 25th, Harrison, and Treat","directions":null,"phone":null,"tollfree":null,"email":null,"url":"http://www.balmyalley.com/","hours":null,"image":null,"price":null,"content":"An alley full of incredible murals. There are some really beautiful works here, and it's always changing.","geo":{"lat":37.7521,"lon":-122.4124,"accuracy":"ROOFTOP"},"activity":"see","type":"landmark","id":25868,"country":"United States","city":"San Francisco","state":"California"}