{"id":21371,"type":"route","airline":"DL","airlineid":"airline_2009","sourceairport":"MSP","destinationairport":"DEN","stops":0,"equipment":"M90 320","schedule":[{"day":0,"utc":"07:43:00","flight":"DL266"},{"day":0,"utc":"15:41:00","flight":"DL181"},{"day":0,"utc":"09:35:00","flight":"DL374"},{"day":0,"utc":"12:39:00","flight":"DL928"},{"day":1,"utc":"17:30:00","flight":"DL959"},{"day":2,"utc":"01:36:00","flight":"DL515"},{"day":2,"utc":"17:10:00","flight":"DL019"},{"day":2,"utc":"18:18:00","flight":"DL086"},{"day":2,"utc":"14:27:00","flight":"DL635"},{"day":2,"utc":"17:47:00","flight":"DL896"},{"day":3,"utc":"04:53:00","flight":"DL151"},{"day":3,"utc":"09:49:00","flight":"DL491"},{"day":4,"utc":"23:05:00","flight":"DL605"},{"day":4,"utc":"12:44:00","flight":"DL803"},{"day":4,"utc":"13:16:00","flight":"DL244"},{"day":5,"utc":"08:00:00","flight":"DL274"},{"day":5,"utc":"23:28:00","flight":"DL119"},{"day":6,"utc":"12:00:00","flight":"DL432"},{"day":6,"utc":"03:04:00","flight":"DL585"},{"day":6,"utc":"04:51:00","flight":"DL827"},{"day":6,"utc":"07:26:00","flight":"DL003"}],"distance":1092.3681526564083}