{"id":20976,"type":"route","airline":"DL","airlineid":"airline_2009","sourceairport":"JFK","destinationairport":"PLS","stops":0,"equipment":"73H","schedule":[{"day":0,"utc":"17:37:00","flight":"DL566"},{"day":1,"utc":"09:01:00","flight":"DL096"},{"day":1,"utc":"21:28:00","flight":"DL097"},{"day":1,"utc":"15:15:00","flight":"DL872"},{"day":2,"utc":"19:26:00","flight":"DL875"},{"day":3,"utc":"05:13:00","flight":"DL831"},{"day":3,"utc":"20:25:00","flight":"DL345"},{"day":3,"utc":"18:21:00","flight":"DL428"},{"day":3,"utc":"06:34:00","flight":"DL022"},{"day":4,"utc":"07:39:00","flight":"DL310"},{"day":4,"utc":"09:00:00","flight":"DL200"},{"day":4,"utc":"07:57:00","flight":"DL151"},{"day":5,"utc":"11:52:00","flight":"DL155"},{"day":5,"utc":"19:03:00","flight":"DL107"},{"day":6,"utc":"04:43:00","flight":"DL466"},{"day":6,"utc":"11:12:00","flight":"DL564"}],"distance":2102.6529306581465}