{"id":53275,"type":"route","airline":"TO","airlineid":"airline_8745","sourceairport":"MAN","destinationairport":"FUE","stops":0,"equipment":"73H","schedule":[{"day":0,"utc":"04:45:00","flight":"TO515"},{"day":0,"utc":"20:16:00","flight":"TO936"},{"day":0,"utc":"16:41:00","flight":"TO128"},{"day":0,"utc":"19:10:00","flight":"TO179"},{"day":1,"utc":"17:39:00","flight":"TO729"},{"day":1,"utc":"08:53:00","flight":"TO491"},{"day":2,"utc":"23:01:00","flight":"TO915"},{"day":2,"utc":"08:37:00","flight":"TO327"},{"day":2,"utc":"17:25:00","flight":"TO336"},{"day":3,"utc":"20:10:00","flight":"TO848"},{"day":3,"utc":"19:45:00","flight":"TO405"},{"day":4,"utc":"17:30:00","flight":"TO653"},{"day":4,"utc":"11:20:00","flight":"TO683"},{"day":4,"utc":"19:28:00","flight":"TO295"},{"day":4,"utc":"05:25:00","flight":"TO028"},{"day":4,"utc":"15:35:00","flight":"TO740"},{"day":5,"utc":"12:17:00","flight":"TO880"},{"day":5,"utc":"10:51:00","flight":"TO571"},{"day":5,"utc":"07:04:00","flight":"TO847"},{"day":6,"utc":"18:08:00","flight":"TO282"},{"day":6,"utc":"19:04:00","flight":"TO198"},{"day":6,"utc":"07:24:00","flight":"TO874"}],"distance":2926.5511443172722}