{"id":39468,"type":"route","airline":"LS","airlineid":"airline_3026","sourceairport":"PFO","destinationairport":"GLA","stops":0,"equipment":"73H","schedule":[{"day":0,"utc":"22:08:00","flight":"LS815"},{"day":1,"utc":"12:28:00","flight":"LS266"},{"day":1,"utc":"01:28:00","flight":"LS872"},{"day":2,"utc":"10:54:00","flight":"LS542"},{"day":2,"utc":"21:31:00","flight":"LS989"},{"day":2,"utc":"22:39:00","flight":"LS501"},{"day":2,"utc":"17:55:00","flight":"LS430"},{"day":2,"utc":"02:02:00","flight":"LS378"},{"day":3,"utc":"05:07:00","flight":"LS730"},{"day":3,"utc":"03:23:00","flight":"LS539"},{"day":4,"utc":"17:15:00","flight":"LS752"},{"day":4,"utc":"17:56:00","flight":"LS609"},{"day":4,"utc":"00:04:00","flight":"LS989"},{"day":5,"utc":"05:19:00","flight":"LS754"},{"day":6,"utc":"23:31:00","flight":"LS105"}],"distance":3652.1320211946268}