{"title":"Gillingham (Kent)","name":"Spice Court","alt":null,"address":"56-58 Balmoral Road","directions":null,"phone":"+44 1634 850150","tollfree":null,"email":null,"url":"http://www.spicecourt.net","hours":null,"image":null,"price":null,"content":"Indian restaurant opposite the railway station.  Good value and quality of food. An award winning up market restaurant. Sunday Buffet for only £8.50 and you can eat as much as you like. Very popular with the locals and beyond.","geo":{"lat":51.38633,"lon":0.54952,"accuracy":"APPROXIMATE"},"activity":"eat","type":"landmark","id":10022,"country":"United Kingdom","city":"Gillingham","state":null}