{"id":56427,"type":"route","airline":"UA","airlineid":"airline_5209","sourceairport":"FAR","destinationairport":"DEN","stops":0,"equipment":"CRJ ERJ","schedule":[{"day":0,"utc":"19:28:00","flight":"UA571"},{"day":0,"utc":"09:54:00","flight":"UA733"},{"day":0,"utc":"13:00:00","flight":"UA500"},{"day":1,"utc":"21:08:00","flight":"UA734"},{"day":1,"utc":"21:31:00","flight":"UA086"},{"day":1,"utc":"22:30:00","flight":"UA711"},{"day":1,"utc":"11:05:00","flight":"UA205"},{"day":1,"utc":"11:30:00","flight":"UA131"},{"day":2,"utc":"17:01:00","flight":"UA447"},{"day":2,"utc":"09:04:00","flight":"UA938"},{"day":2,"utc":"08:01:00","flight":"UA041"},{"day":3,"utc":"12:44:00","flight":"UA856"},{"day":3,"utc":"07:38:00","flight":"UA906"},{"day":3,"utc":"03:57:00","flight":"UA001"},{"day":3,"utc":"14:44:00","flight":"UA609"},{"day":3,"utc":"12:07:00","flight":"UA253"},{"day":4,"utc":"08:17:00","flight":"UA062"},{"day":4,"utc":"16:14:00","flight":"UA855"},{"day":4,"utc":"22:59:00","flight":"UA424"},{"day":4,"utc":"18:16:00","flight":"UA158"},{"day":5,"utc":"18:20:00","flight":"UA184"},{"day":5,"utc":"06:12:00","flight":"UA854"},{"day":5,"utc":"13:24:00","flight":"UA481"},{"day":5,"utc":"06:11:00","flight":"UA964"},{"day":6,"utc":"21:03:00","flight":"UA657"},{"day":6,"utc":"00:00:00","flight":"UA493"},{"day":6,"utc":"21:47:00","flight":"UA109"}],"distance":1008.4803749901262}