{"id":64628,"type":"route","airline":"WS","airlineid":"airline_5416","sourceairport":"MIA","destinationairport":"YYZ","stops":0,"equipment":"738","schedule":[{"day":0,"utc":"07:48:00","flight":"WS782"},{"day":1,"utc":"21:48:00","flight":"WS204"},{"day":1,"utc":"01:57:00","flight":"WS199"},{"day":1,"utc":"21:45:00","flight":"WS917"},{"day":1,"utc":"07:46:00","flight":"WS312"},{"day":1,"utc":"18:58:00","flight":"WS689"},{"day":2,"utc":"10:03:00","flight":"WS408"},{"day":2,"utc":"15:54:00","flight":"WS564"},{"day":2,"utc":"22:07:00","flight":"WS502"},{"day":2,"utc":"17:29:00","flight":"WS710"},{"day":3,"utc":"21:58:00","flight":"WS344"},{"day":4,"utc":"06:22:00","flight":"WS768"},{"day":5,"utc":"05:07:00","flight":"WS687"},{"day":5,"utc":"09:23:00","flight":"WS856"},{"day":5,"utc":"23:26:00","flight":"WS023"},{"day":5,"utc":"21:31:00","flight":"WS561"},{"day":5,"utc":"00:07:00","flight":"WS736"},{"day":6,"utc":"13:00:00","flight":"WS275"},{"day":6,"utc":"13:48:00","flight":"WS512"},{"day":6,"utc":"21:33:00","flight":"WS786"},{"day":6,"utc":"05:26:00","flight":"WS241"},{"day":6,"utc":"18:48:00","flight":"WS681"}],"distance":1989.5031710902745}