{"id":53388,"type":"route","airline":"TO","airlineid":"airline_8745","sourceairport":"PMI","destinationairport":"CWL","stops":0,"equipment":"73H","schedule":[{"day":0,"utc":"19:53:00","flight":"TO260"},{"day":0,"utc":"21:23:00","flight":"TO087"},{"day":0,"utc":"10:48:00","flight":"TO989"},{"day":0,"utc":"16:42:00","flight":"TO402"},{"day":1,"utc":"04:28:00","flight":"TO732"},{"day":2,"utc":"20:37:00","flight":"TO640"},{"day":2,"utc":"22:36:00","flight":"TO242"},{"day":2,"utc":"14:20:00","flight":"TO543"},{"day":2,"utc":"14:12:00","flight":"TO400"},{"day":3,"utc":"11:51:00","flight":"TO559"},{"day":3,"utc":"19:19:00","flight":"TO044"},{"day":3,"utc":"00:17:00","flight":"TO216"},{"day":3,"utc":"00:10:00","flight":"TO578"},{"day":3,"utc":"12:09:00","flight":"TO113"},{"day":4,"utc":"04:47:00","flight":"TO476"},{"day":4,"utc":"03:44:00","flight":"TO366"},{"day":4,"utc":"22:24:00","flight":"TO990"},{"day":4,"utc":"11:41:00","flight":"TO329"},{"day":4,"utc":"08:49:00","flight":"TO499"},{"day":5,"utc":"11:05:00","flight":"TO068"},{"day":6,"utc":"21:14:00","flight":"TO703"},{"day":6,"utc":"15:21:00","flight":"TO807"},{"day":6,"utc":"05:28:00","flight":"TO980"}],"distance":1398.1742091426438}