{"id":38015,"type":"route","airline":"LH","airlineid":"airline_3320","sourceairport":"BHX","destinationairport":"DUS","stops":0,"equipment":"CR9","schedule":[{"day":0,"utc":"07:18:00","flight":"LH232"},{"day":0,"utc":"20:41:00","flight":"LH837"},{"day":0,"utc":"11:35:00","flight":"LH328"},{"day":0,"utc":"11:13:00","flight":"LH734"},{"day":0,"utc":"19:59:00","flight":"LH949"},{"day":1,"utc":"12:12:00","flight":"LH720"},{"day":2,"utc":"05:17:00","flight":"LH749"},{"day":3,"utc":"21:24:00","flight":"LH469"},{"day":3,"utc":"20:34:00","flight":"LH696"},{"day":3,"utc":"14:02:00","flight":"LH677"},{"day":3,"utc":"21:30:00","flight":"LH171"},{"day":4,"utc":"14:47:00","flight":"LH403"},{"day":4,"utc":"20:12:00","flight":"LH809"},{"day":4,"utc":"08:35:00","flight":"LH403"},{"day":4,"utc":"22:09:00","flight":"LH935"},{"day":4,"utc":"16:55:00","flight":"LH703"},{"day":5,"utc":"11:30:00","flight":"LH041"},{"day":5,"utc":"08:50:00","flight":"LH065"},{"day":5,"utc":"06:19:00","flight":"LH116"},{"day":6,"utc":"12:55:00","flight":"LH460"},{"day":6,"utc":"17:36:00","flight":"LH293"},{"day":6,"utc":"12:16:00","flight":"LH725"},{"day":6,"utc":"12:25:00","flight":"LH657"}],"distance":598.3638264237674}