{"title":"Sonoma","name":"Centre du Vin","alt":null,"address":"480 First St East","directions":"At the Ledson Hotel, east side of the Plaza","phone":"+1 707 996-9779","tollfree":null,"email":null,"url":"http://www.ledsonhotel.com/centreduvin/","hours":"Opens at 11:00","image":null,"price":"$20 per person without alcohol","content":"French-influenced bistro located on the ground floor of the Ledson Hotel. A nice patio for dining and people watching. A bar allows for wine tasting of Ledson's two wineries, and bottles of wine are affordable and tasty to order with your meal. Frites topped with blue cheese are a highlight here.","geo":{"lat":38.2924,"lon":-122.45666,"accuracy":"ROOFTOP"},"activity":"eat","type":"landmark","id":27793,"country":"United States","city":"Sonoma","state":"California"}