{"id":20833,"type":"route","airline":"DL","airlineid":"airline_2009","sourceairport":"HNL","destinationairport":"FUK","stops":0,"equipment":"76W","schedule":[{"day":0,"utc":"16:38:00","flight":"DL098"},{"day":0,"utc":"02:03:00","flight":"DL605"},{"day":0,"utc":"15:55:00","flight":"DL706"},{"day":1,"utc":"16:30:00","flight":"DL595"},{"day":1,"utc":"17:41:00","flight":"DL006"},{"day":1,"utc":"13:24:00","flight":"DL032"},{"day":1,"utc":"21:45:00","flight":"DL129"},{"day":2,"utc":"09:20:00","flight":"DL893"},{"day":2,"utc":"06:26:00","flight":"DL163"},{"day":2,"utc":"01:05:00","flight":"DL823"},{"day":2,"utc":"05:28:00","flight":"DL185"},{"day":3,"utc":"00:00:00","flight":"DL145"},{"day":4,"utc":"04:28:00","flight":"DL399"},{"day":4,"utc":"00:51:00","flight":"DL834"},{"day":4,"utc":"09:50:00","flight":"DL528"},{"day":4,"utc":"07:10:00","flight":"DL397"},{"day":4,"utc":"19:40:00","flight":"DL138"},{"day":5,"utc":"00:27:00","flight":"DL089"},{"day":5,"utc":"00:11:00","flight":"DL192"},{"day":5,"utc":"23:16:00","flight":"DL849"},{"day":5,"utc":"02:24:00","flight":"DL823"},{"day":5,"utc":"07:22:00","flight":"DL315"},{"day":6,"utc":"01:39:00","flight":"DL211"},{"day":6,"utc":"20:27:00","flight":"DL655"},{"day":6,"utc":"02:06:00","flight":"DL765"},{"day":6,"utc":"00:31:00","flight":"DL747"},{"day":6,"utc":"20:34:00","flight":"DL152"}],"distance":7064.216132839599}