{"id":51927,"type":"route","airline":"TCX","airlineid":"airline_4897","sourceairport":"MAN","destinationairport":"LCA","stops":0,"equipment":"321","schedule":[{"day":0,"utc":"15:08:00","flight":"TCX478"},{"day":0,"utc":"01:45:00","flight":"TCX253"},{"day":0,"utc":"15:29:00","flight":"TCX093"},{"day":0,"utc":"23:39:00","flight":"TCX832"},{"day":0,"utc":"09:46:00","flight":"TCX402"},{"day":1,"utc":"16:27:00","flight":"TCX371"},{"day":1,"utc":"03:52:00","flight":"TCX785"},{"day":1,"utc":"10:17:00","flight":"TCX982"},{"day":2,"utc":"15:00:00","flight":"TCX147"},{"day":2,"utc":"20:13:00","flight":"TCX556"},{"day":2,"utc":"01:52:00","flight":"TCX506"},{"day":3,"utc":"11:14:00","flight":"TCX315"},{"day":3,"utc":"01:25:00","flight":"TCX133"},{"day":3,"utc":"00:18:00","flight":"TCX567"},{"day":3,"utc":"19:56:00","flight":"TCX440"},{"day":4,"utc":"22:54:00","flight":"TCX394"},{"day":4,"utc":"04:09:00","flight":"TCX295"},{"day":5,"utc":"23:51:00","flight":"TCX690"},{"day":5,"utc":"02:53:00","flight":"TCX556"},{"day":5,"utc":"18:58:00","flight":"TCX449"},{"day":5,"utc":"08:08:00","flight":"TCX986"},{"day":5,"utc":"19:09:00","flight":"TCX355"},{"day":6,"utc":"21:42:00","flight":"TCX998"},{"day":6,"utc":"07:27:00","flight":"TCX027"}],"distance":3468.5325566244414}