{"id":43330,"type":"route","airline":"NK","airlineid":"airline_4687","sourceairport":"ACY","destinationairport":"DTW","stops":0,"equipment":"319","schedule":[{"day":0,"utc":"02:52:00","flight":"NK212"},{"day":1,"utc":"04:46:00","flight":"NK436"},{"day":1,"utc":"07:43:00","flight":"NK142"},{"day":1,"utc":"07:32:00","flight":"NK447"},{"day":1,"utc":"01:31:00","flight":"NK695"},{"day":2,"utc":"12:58:00","flight":"NK674"},{"day":2,"utc":"00:54:00","flight":"NK260"},{"day":2,"utc":"03:00:00","flight":"NK050"},{"day":2,"utc":"23:41:00","flight":"NK763"},{"day":2,"utc":"21:49:00","flight":"NK333"},{"day":3,"utc":"11:32:00","flight":"NK128"},{"day":3,"utc":"10:26:00","flight":"NK504"},{"day":3,"utc":"02:38:00","flight":"NK971"},{"day":4,"utc":"05:18:00","flight":"NK042"},{"day":4,"utc":"12:21:00","flight":"NK485"},{"day":4,"utc":"15:54:00","flight":"NK760"},{"day":4,"utc":"13:08:00","flight":"NK552"},{"day":5,"utc":"08:09:00","flight":"NK332"},{"day":5,"utc":"18:56:00","flight":"NK052"},{"day":5,"utc":"08:50:00","flight":"NK299"},{"day":5,"utc":"08:34:00","flight":"NK032"},{"day":5,"utc":"23:29:00","flight":"NK337"},{"day":6,"utc":"20:13:00","flight":"NK669"},{"day":6,"utc":"19:48:00","flight":"NK367"}],"distance":798.8650148003782}