{"id":36892,"type":"route","airline":"KL","airlineid":"airline_3090","sourceairport":"SEA","destinationairport":"ATL","stops":0,"equipment":"76W 763","schedule":[{"day":0,"utc":"11:09:00","flight":"KL983"},{"day":0,"utc":"22:46:00","flight":"KL008"},{"day":0,"utc":"19:36:00","flight":"KL026"},{"day":0,"utc":"16:29:00","flight":"KL405"},{"day":1,"utc":"00:00:00","flight":"KL244"},{"day":1,"utc":"23:58:00","flight":"KL558"},{"day":1,"utc":"18:53:00","flight":"KL385"},{"day":1,"utc":"18:27:00","flight":"KL109"},{"day":1,"utc":"10:51:00","flight":"KL259"},{"day":2,"utc":"03:32:00","flight":"KL912"},{"day":2,"utc":"02:20:00","flight":"KL054"},{"day":2,"utc":"11:55:00","flight":"KL974"},{"day":2,"utc":"04:23:00","flight":"KL517"},{"day":2,"utc":"20:22:00","flight":"KL609"},{"day":3,"utc":"03:06:00","flight":"KL522"},{"day":3,"utc":"17:45:00","flight":"KL646"},{"day":3,"utc":"06:07:00","flight":"KL537"},{"day":3,"utc":"02:29:00","flight":"KL755"},{"day":4,"utc":"03:15:00","flight":"KL392"},{"day":4,"utc":"17:10:00","flight":"KL366"},{"day":5,"utc":"02:13:00","flight":"KL077"},{"day":5,"utc":"20:54:00","flight":"KL751"},{"day":5,"utc":"09:38:00","flight":"KL357"},{"day":6,"utc":"16:42:00","flight":"KL222"}],"distance":3505.000897033538}