{"id":64014,"type":"route","airline":"WN","airlineid":"airline_4547","sourceairport":"MCI","destinationairport":"ATL","stops":0,"equipment":"733 73W","schedule":[{"day":0,"utc":"16:20:00","flight":"WN657"},{"day":0,"utc":"18:49:00","flight":"WN355"},{"day":0,"utc":"01:25:00","flight":"WN111"},{"day":0,"utc":"13:14:00","flight":"WN228"},{"day":1,"utc":"18:55:00","flight":"WN704"},{"day":1,"utc":"21:35:00","flight":"WN337"},{"day":1,"utc":"18:27:00","flight":"WN168"},{"day":1,"utc":"16:55:00","flight":"WN924"},{"day":2,"utc":"15:36:00","flight":"WN240"},{"day":2,"utc":"23:33:00","flight":"WN173"},{"day":3,"utc":"20:37:00","flight":"WN277"},{"day":3,"utc":"10:25:00","flight":"WN783"},{"day":4,"utc":"05:51:00","flight":"WN442"},{"day":4,"utc":"09:19:00","flight":"WN077"},{"day":4,"utc":"06:46:00","flight":"WN016"},{"day":4,"utc":"22:26:00","flight":"WN275"},{"day":4,"utc":"01:22:00","flight":"WN451"},{"day":5,"utc":"13:07:00","flight":"WN126"},{"day":6,"utc":"01:22:00","flight":"WN042"}],"distance":1113.3775780350363}