{"id":58655,"type":"route","airline":"US","airlineid":"airline_5265","sourceairport":"BNA","destinationairport":"JFK","stops":0,"equipment":"ER4","schedule":[{"day":0,"utc":"22:55:00","flight":"US860"},{"day":0,"utc":"20:42:00","flight":"US073"},{"day":0,"utc":"01:42:00","flight":"US393"},{"day":0,"utc":"17:57:00","flight":"US085"},{"day":0,"utc":"04:22:00","flight":"US705"},{"day":1,"utc":"06:44:00","flight":"US175"},{"day":2,"utc":"16:10:00","flight":"US508"},{"day":2,"utc":"23:51:00","flight":"US559"},{"day":2,"utc":"07:59:00","flight":"US909"},{"day":3,"utc":"09:21:00","flight":"US139"},{"day":3,"utc":"20:00:00","flight":"US563"},{"day":3,"utc":"21:52:00","flight":"US025"},{"day":4,"utc":"20:42:00","flight":"US422"},{"day":4,"utc":"20:56:00","flight":"US257"},{"day":4,"utc":"15:28:00","flight":"US897"},{"day":4,"utc":"19:26:00","flight":"US215"},{"day":4,"utc":"10:00:00","flight":"US195"},{"day":5,"utc":"16:58:00","flight":"US102"},{"day":5,"utc":"06:16:00","flight":"US401"},{"day":5,"utc":"04:16:00","flight":"US937"},{"day":6,"utc":"00:08:00","flight":"US974"},{"day":6,"utc":"13:14:00","flight":"US045"},{"day":6,"utc":"03:54:00","flight":"US259"},{"day":6,"utc":"16:25:00","flight":"US369"},{"day":6,"utc":"03:43:00","flight":"US694"}],"distance":1229.7583957286536}