{"id":13938,"type":"route","airline":"B6","airlineid":"airline_3029","sourceairport":"BOS","destinationairport":"ORD","stops":0,"equipment":"320 E90","schedule":[{"day":0,"utc":"22:08:00","flight":"B6801"},{"day":0,"utc":"12:49:00","flight":"B6075"},{"day":0,"utc":"11:17:00","flight":"B6613"},{"day":0,"utc":"07:24:00","flight":"B6553"},{"day":0,"utc":"08:07:00","flight":"B6613"},{"day":1,"utc":"06:59:00","flight":"B6061"},{"day":1,"utc":"13:26:00","flight":"B6396"},{"day":2,"utc":"11:07:00","flight":"B6218"},{"day":2,"utc":"09:34:00","flight":"B6869"},{"day":2,"utc":"18:34:00","flight":"B6691"},{"day":2,"utc":"05:57:00","flight":"B6783"},{"day":2,"utc":"10:17:00","flight":"B6574"},{"day":3,"utc":"16:49:00","flight":"B6558"},{"day":3,"utc":"02:30:00","flight":"B6634"},{"day":3,"utc":"20:32:00","flight":"B6883"},{"day":3,"utc":"02:48:00","flight":"B6148"},{"day":4,"utc":"17:07:00","flight":"B6203"},{"day":4,"utc":"20:59:00","flight":"B6088"},{"day":4,"utc":"08:58:00","flight":"B6968"},{"day":4,"utc":"02:44:00","flight":"B6852"},{"day":5,"utc":"07:36:00","flight":"B6469"},{"day":5,"utc":"16:16:00","flight":"B6880"},{"day":5,"utc":"01:51:00","flight":"B6489"},{"day":6,"utc":"13:54:00","flight":"B6344"},{"day":6,"utc":"11:18:00","flight":"B6891"}],"distance":1391.0831870204786}