{"id":39346,"type":"route","airline":"LS","airlineid":"airline_3026","sourceairport":"HER","destinationairport":"MAN","stops":0,"equipment":"75W 738","schedule":[{"day":0,"utc":"01:50:00","flight":"LS490"},{"day":0,"utc":"14:35:00","flight":"LS766"},{"day":1,"utc":"00:05:00","flight":"LS971"},{"day":1,"utc":"17:11:00","flight":"LS234"},{"day":1,"utc":"03:15:00","flight":"LS171"},{"day":2,"utc":"02:06:00","flight":"LS374"},{"day":2,"utc":"08:08:00","flight":"LS593"},{"day":2,"utc":"13:06:00","flight":"LS004"},{"day":2,"utc":"03:39:00","flight":"LS157"},{"day":2,"utc":"06:50:00","flight":"LS631"},{"day":3,"utc":"06:01:00","flight":"LS300"},{"day":3,"utc":"22:55:00","flight":"LS026"},{"day":3,"utc":"18:19:00","flight":"LS334"},{"day":3,"utc":"07:04:00","flight":"LS114"},{"day":3,"utc":"11:42:00","flight":"LS113"},{"day":4,"utc":"16:38:00","flight":"LS112"},{"day":4,"utc":"19:37:00","flight":"LS320"},{"day":4,"utc":"22:28:00","flight":"LS727"},{"day":4,"utc":"07:01:00","flight":"LS852"},{"day":4,"utc":"15:03:00","flight":"LS699"},{"day":5,"utc":"02:25:00","flight":"LS581"},{"day":5,"utc":"03:35:00","flight":"LS757"},{"day":5,"utc":"19:05:00","flight":"LS037"},{"day":6,"utc":"03:32:00","flight":"LS717"}],"distance":2929.3624299235994}