{"title":"Castleton","name":"Peveril Castle","alt":null,"address":"Market Place, S33 8WQ","directions":null,"phone":"+44 1433 620613","tollfree":null,"email":null,"url":"http://www.english-heritage.org.uk/daysout/properties/peveril-castle/","hours":"Opening times vary seasonally—sometimes open daily, sometimes weekends only","image":null,"price":"adults £4.60, children £2.80, concessions £4.10","content":"The only surviving Norman castle in Derbyshire (keep built 1176), spectacular location above the town and with views into Peak Cavern and Cave Dale. Maintained by English Heritage. Access via steep (but metalled) path,","geo":{"lat":53.34144,"lon":-1.77434,"accuracy":"APPROXIMATE"},"activity":"see","type":"landmark","id":5195,"country":"United Kingdom","city":"Derbyshire","state":null}