{"id":41835,"type":"route","airline":"MU","airlineid":"airline_1758","sourceairport":"LAX","destinationairport":"PVG","stops":0,"equipment":"346","schedule":[{"day":0,"utc":"07:12:00","flight":"MU844"},{"day":1,"utc":"11:53:00","flight":"MU983"},{"day":1,"utc":"20:37:00","flight":"MU397"},{"day":1,"utc":"04:07:00","flight":"MU071"},{"day":1,"utc":"00:45:00","flight":"MU087"},{"day":1,"utc":"18:48:00","flight":"MU667"},{"day":2,"utc":"14:21:00","flight":"MU701"},{"day":2,"utc":"05:36:00","flight":"MU709"},{"day":2,"utc":"23:10:00","flight":"MU952"},{"day":2,"utc":"19:12:00","flight":"MU946"},{"day":2,"utc":"13:18:00","flight":"MU623"},{"day":3,"utc":"10:22:00","flight":"MU374"},{"day":3,"utc":"07:02:00","flight":"MU945"},{"day":3,"utc":"05:13:00","flight":"MU147"},{"day":4,"utc":"03:11:00","flight":"MU050"},{"day":4,"utc":"03:21:00","flight":"MU701"},{"day":4,"utc":"02:45:00","flight":"MU715"},{"day":4,"utc":"04:57:00","flight":"MU329"},{"day":5,"utc":"12:50:00","flight":"MU361"},{"day":6,"utc":"18:33:00","flight":"MU279"},{"day":6,"utc":"16:35:00","flight":"MU526"}],"distance":10415.252678421777}