{"id":21234,"type":"route","airline":"DL","airlineid":"airline_2009","sourceairport":"MCO","destinationairport":"MKE","stops":0,"equipment":"M88","schedule":[{"day":0,"utc":"17:49:00","flight":"DL227"},{"day":0,"utc":"17:40:00","flight":"DL733"},{"day":0,"utc":"17:03:00","flight":"DL076"},{"day":1,"utc":"23:25:00","flight":"DL803"},{"day":1,"utc":"23:44:00","flight":"DL445"},{"day":2,"utc":"12:25:00","flight":"DL809"},{"day":2,"utc":"21:35:00","flight":"DL046"},{"day":2,"utc":"03:52:00","flight":"DL083"},{"day":2,"utc":"10:33:00","flight":"DL585"},{"day":2,"utc":"18:24:00","flight":"DL865"},{"day":3,"utc":"14:11:00","flight":"DL048"},{"day":3,"utc":"23:14:00","flight":"DL484"},{"day":3,"utc":"17:08:00","flight":"DL808"},{"day":3,"utc":"03:39:00","flight":"DL302"},{"day":3,"utc":"00:30:00","flight":"DL693"},{"day":4,"utc":"17:33:00","flight":"DL949"},{"day":4,"utc":"18:55:00","flight":"DL817"},{"day":4,"utc":"08:25:00","flight":"DL543"},{"day":4,"utc":"15:31:00","flight":"DL347"},{"day":5,"utc":"04:50:00","flight":"DL054"},{"day":5,"utc":"05:27:00","flight":"DL822"},{"day":5,"utc":"05:33:00","flight":"DL475"},{"day":6,"utc":"11:02:00","flight":"DL992"},{"day":6,"utc":"03:33:00","flight":"DL872"},{"day":6,"utc":"13:39:00","flight":"DL828"},{"day":6,"utc":"07:51:00","flight":"DL901"},{"day":6,"utc":"19:06:00","flight":"DL784"}],"distance":1719.0040568320119}