{"id":278,"type":"route","airline":"3F","airlineid":"airline_16262","sourceairport":"KTN","destinationairport":"CGA","stops":0,"equipment":"DHP","schedule":[{"day":0,"utc":"06:14:00","flight":"3F266"},{"day":1,"utc":"23:59:00","flight":"3F670"},{"day":2,"utc":"04:18:00","flight":"3F578"},{"day":2,"utc":"04:31:00","flight":"3F909"},{"day":2,"utc":"00:48:00","flight":"3F274"},{"day":3,"utc":"15:46:00","flight":"3F491"},{"day":4,"utc":"05:51:00","flight":"3F761"},{"day":4,"utc":"22:21:00","flight":"3F095"},{"day":5,"utc":"21:11:00","flight":"3F473"},{"day":5,"utc":"03:26:00","flight":"3F423"},{"day":5,"utc":"16:27:00","flight":"3F447"},{"day":5,"utc":"16:20:00","flight":"3F613"},{"day":5,"utc":"03:11:00","flight":"3F169"},{"day":6,"utc":"20:07:00","flight":"3F296"},{"day":6,"utc":"15:12:00","flight":"3F152"},{"day":6,"utc":"16:49:00","flight":"3F802"}],"distance":91.53839302649642}