{"id":20864,"type":"route","airline":"DL","airlineid":"airline_2009","sourceairport":"IAH","destinationairport":"DTW","stops":0,"equipment":"717","schedule":[{"day":0,"utc":"19:43:00","flight":"DL551"},{"day":0,"utc":"23:07:00","flight":"DL873"},{"day":0,"utc":"14:13:00","flight":"DL104"},{"day":0,"utc":"21:27:00","flight":"DL042"},{"day":0,"utc":"00:12:00","flight":"DL412"},{"day":1,"utc":"21:54:00","flight":"DL475"},{"day":2,"utc":"07:07:00","flight":"DL273"},{"day":2,"utc":"08:00:00","flight":"DL314"},{"day":2,"utc":"06:29:00","flight":"DL457"},{"day":3,"utc":"00:50:00","flight":"DL272"},{"day":3,"utc":"20:50:00","flight":"DL564"},{"day":3,"utc":"18:13:00","flight":"DL742"},{"day":3,"utc":"05:02:00","flight":"DL844"},{"day":4,"utc":"02:35:00","flight":"DL493"},{"day":4,"utc":"08:49:00","flight":"DL161"},{"day":4,"utc":"15:48:00","flight":"DL116"},{"day":4,"utc":"13:04:00","flight":"DL784"},{"day":5,"utc":"11:19:00","flight":"DL078"},{"day":5,"utc":"21:31:00","flight":"DL218"},{"day":5,"utc":"13:26:00","flight":"DL151"},{"day":6,"utc":"02:17:00","flight":"DL792"},{"day":6,"utc":"18:17:00","flight":"DL859"},{"day":6,"utc":"08:08:00","flight":"DL008"}],"distance":1730.8763963311474}