{"title":"Culver City","name":"Bottlerock","alt":null,"address":"3847 Main St","directions":"downtown Culver City","phone":"+1 310 836-9463","tollfree":null,"email":null,"url":"http://www.bottlerockculvercity.com/","hours":"Su-Th noon-11PM, F-Sa noon-midnight","image":null,"price":null,"content":"Located downtown, this unique establishment is a combination wine bar, wine retailer, and cafe.  Over 800 wines are sold, with prices ranging from $5 to over $600 per bottle, but most people come either for wine tasting or simply to enjoy a glass of wine with an appetizer.  Happy hour is Monday - Thursday from 4PM to 6PM.","geo":{"lat":34.0251,"lon":-118.39492,"accuracy":"RANGE_INTERPOLATED"},"activity":"drink","type":"landmark","id":7055,"country":"United States","city":"Los Angeles","state":"California"}