{"id":13484,"type":"route","airline":"AZ","airlineid":"airline_596","sourceairport":"LIS","destinationairport":"CDG","stops":0,"equipment":"319 318 320 321","schedule":[{"day":0,"utc":"07:34:00","flight":"AZ556"},{"day":1,"utc":"19:42:00","flight":"AZ059"},{"day":1,"utc":"19:02:00","flight":"AZ728"},{"day":2,"utc":"15:02:00","flight":"AZ693"},{"day":3,"utc":"13:55:00","flight":"AZ779"},{"day":4,"utc":"21:13:00","flight":"AZ599"},{"day":4,"utc":"15:05:00","flight":"AZ206"},{"day":4,"utc":"22:59:00","flight":"AZ355"},{"day":4,"utc":"22:30:00","flight":"AZ914"},{"day":4,"utc":"08:04:00","flight":"AZ430"},{"day":5,"utc":"05:47:00","flight":"AZ277"},{"day":5,"utc":"09:13:00","flight":"AZ590"},{"day":5,"utc":"19:36:00","flight":"AZ789"},{"day":5,"utc":"04:13:00","flight":"AZ677"},{"day":5,"utc":"17:33:00","flight":"AZ561"},{"day":6,"utc":"16:48:00","flight":"AZ516"},{"day":6,"utc":"08:03:00","flight":"AZ007"},{"day":6,"utc":"07:17:00","flight":"AZ340"},{"day":6,"utc":"18:18:00","flight":"AZ489"}],"distance":1469.9615582638528}