{"id":57774,"type":"route","airline":"UA","airlineid":"airline_5209","sourceairport":"STL","destinationairport":"ORD","stops":0,"equipment":"ER4 CR7","schedule":[{"day":0,"utc":"02:38:00","flight":"UA102"},{"day":0,"utc":"03:49:00","flight":"UA593"},{"day":1,"utc":"23:34:00","flight":"UA334"},{"day":1,"utc":"17:19:00","flight":"UA306"},{"day":1,"utc":"13:39:00","flight":"UA680"},{"day":1,"utc":"11:09:00","flight":"UA291"},{"day":1,"utc":"07:30:00","flight":"UA750"},{"day":2,"utc":"03:27:00","flight":"UA144"},{"day":2,"utc":"07:20:00","flight":"UA105"},{"day":3,"utc":"02:11:00","flight":"UA214"},{"day":3,"utc":"03:21:00","flight":"UA429"},{"day":3,"utc":"12:45:00","flight":"UA910"},{"day":4,"utc":"20:07:00","flight":"UA424"},{"day":4,"utc":"21:30:00","flight":"UA153"},{"day":4,"utc":"08:36:00","flight":"UA694"},{"day":4,"utc":"16:55:00","flight":"UA196"},{"day":5,"utc":"22:26:00","flight":"UA557"},{"day":5,"utc":"21:59:00","flight":"UA265"},{"day":6,"utc":"02:02:00","flight":"UA795"},{"day":6,"utc":"03:30:00","flight":"UA553"},{"day":6,"utc":"18:13:00","flight":"UA890"},{"day":6,"utc":"11:40:00","flight":"UA843"}],"distance":415.4182239037241}