{"id":9114,"type":"route","airline":"AF","airlineid":"airline_137","sourceairport":"ATL","destinationairport":"MKE","stops":0,"equipment":"M90 M88","schedule":[{"day":0,"utc":"22:24:00","flight":"AF610"},{"day":0,"utc":"03:14:00","flight":"AF758"},{"day":1,"utc":"17:42:00","flight":"AF444"},{"day":2,"utc":"19:28:00","flight":"AF338"},{"day":3,"utc":"14:13:00","flight":"AF535"},{"day":3,"utc":"12:08:00","flight":"AF141"},{"day":4,"utc":"13:27:00","flight":"AF159"},{"day":4,"utc":"18:55:00","flight":"AF472"},{"day":5,"utc":"14:47:00","flight":"AF086"},{"day":5,"utc":"18:29:00","flight":"AF149"},{"day":5,"utc":"15:30:00","flight":"AF018"},{"day":6,"utc":"10:23:00","flight":"AF021"},{"day":6,"utc":"23:56:00","flight":"AF533"},{"day":6,"utc":"09:09:00","flight":"AF634"}],"distance":1078.354001065005}