{"id":59382,"type":"route","airline":"US","airlineid":"airline_5265","sourceairport":"IND","destinationairport":"CLT","stops":0,"equipment":"319","schedule":[{"day":0,"utc":"19:17:00","flight":"US860"},{"day":1,"utc":"11:04:00","flight":"US659"},{"day":1,"utc":"23:31:00","flight":"US683"},{"day":2,"utc":"17:48:00","flight":"US268"},{"day":2,"utc":"10:37:00","flight":"US199"},{"day":2,"utc":"17:25:00","flight":"US679"},{"day":3,"utc":"14:44:00","flight":"US440"},{"day":3,"utc":"07:36:00","flight":"US701"},{"day":4,"utc":"05:50:00","flight":"US096"},{"day":4,"utc":"19:30:00","flight":"US838"},{"day":4,"utc":"20:01:00","flight":"US546"},{"day":4,"utc":"05:37:00","flight":"US424"},{"day":5,"utc":"13:09:00","flight":"US921"},{"day":5,"utc":"11:41:00","flight":"US228"},{"day":5,"utc":"15:23:00","flight":"US998"},{"day":5,"utc":"13:57:00","flight":"US668"},{"day":5,"utc":"08:17:00","flight":"US869"},{"day":6,"utc":"19:52:00","flight":"US816"},{"day":6,"utc":"20:19:00","flight":"US832"},{"day":6,"utc":"05:04:00","flight":"US147"}],"distance":688.0594299192716}