{"id":26267,"type":"route","airline":"FR","airlineid":"airline_4296","sourceairport":"BTS","destinationairport":"EDI","stops":0,"equipment":"738","schedule":[{"day":0,"utc":"09:44:00","flight":"FR262"},{"day":0,"utc":"00:33:00","flight":"FR517"},{"day":1,"utc":"05:45:00","flight":"FR587"},{"day":1,"utc":"21:55:00","flight":"FR851"},{"day":1,"utc":"13:23:00","flight":"FR878"},{"day":2,"utc":"03:45:00","flight":"FR286"},{"day":2,"utc":"03:33:00","flight":"FR504"},{"day":2,"utc":"15:36:00","flight":"FR055"},{"day":2,"utc":"06:44:00","flight":"FR825"},{"day":3,"utc":"00:03:00","flight":"FR001"},{"day":3,"utc":"15:33:00","flight":"FR021"},{"day":3,"utc":"12:45:00","flight":"FR345"},{"day":3,"utc":"19:18:00","flight":"FR837"},{"day":4,"utc":"07:53:00","flight":"FR298"},{"day":4,"utc":"10:11:00","flight":"FR203"},{"day":4,"utc":"08:32:00","flight":"FR865"},{"day":4,"utc":"17:33:00","flight":"FR433"},{"day":5,"utc":"08:19:00","flight":"FR603"},{"day":5,"utc":"16:54:00","flight":"FR401"},{"day":5,"utc":"09:04:00","flight":"FR380"},{"day":5,"utc":"18:52:00","flight":"FR266"},{"day":5,"utc":"16:39:00","flight":"FR093"},{"day":6,"utc":"15:00:00","flight":"FR898"},{"day":6,"utc":"00:46:00","flight":"FR276"},{"day":6,"utc":"01:57:00","flight":"FR133"}],"distance":1642.4509957312796}