{"title":"El Verano","name":"Juanita Juanita","alt":null,"address":"19114 Arnold Drive","directions":null,"phone":"+1 707-935-3981","tollfree":null,"email":null,"url":"http://www.juanitajuanita.com/","hours":null,"image":null,"price":"$11-25 - Cash only","content":"Woman owned Mexican restaurant with a quirky retro feel. Good food but it's more expensive than other Mexican restaurants in town.","geo":{"lat":38.297281,"lon":-122.491419,"accuracy":"APPROXIMATE"},"activity":"eat","type":"landmark","id":40712,"country":"United States","city":"Sonoma","state":"California"}