{"id":55319,"type":"route","airline":"U2","airlineid":"airline_2297","sourceairport":"PMI","destinationairport":"MXP","stops":0,"equipment":"319","schedule":[{"day":0,"utc":"08:03:00","flight":"U2982"},{"day":0,"utc":"07:20:00","flight":"U2695"},{"day":0,"utc":"02:24:00","flight":"U2521"},{"day":0,"utc":"10:18:00","flight":"U2863"},{"day":1,"utc":"03:16:00","flight":"U2558"},{"day":1,"utc":"20:44:00","flight":"U2337"},{"day":1,"utc":"03:31:00","flight":"U2809"},{"day":2,"utc":"18:03:00","flight":"U2867"},{"day":3,"utc":"23:21:00","flight":"U2621"},{"day":3,"utc":"17:11:00","flight":"U2066"},{"day":4,"utc":"11:24:00","flight":"U2705"},{"day":4,"utc":"14:45:00","flight":"U2672"},{"day":4,"utc":"14:11:00","flight":"U2763"},{"day":5,"utc":"00:13:00","flight":"U2035"},{"day":5,"utc":"13:22:00","flight":"U2525"},{"day":5,"utc":"15:02:00","flight":"U2623"},{"day":5,"utc":"07:07:00","flight":"U2065"},{"day":6,"utc":"03:17:00","flight":"U2719"},{"day":6,"utc":"21:37:00","flight":"U2641"},{"day":6,"utc":"03:24:00","flight":"U2301"},{"day":6,"utc":"09:38:00","flight":"U2085"},{"day":6,"utc":"04:38:00","flight":"U2976"}],"distance":834.853265620108}