{"id":20537,"type":"route","airline":"DL","airlineid":"airline_2009","sourceairport":"DCA","destinationairport":"MEM","stops":0,"equipment":"E70","schedule":[{"day":0,"utc":"07:54:00","flight":"DL123"},{"day":0,"utc":"20:06:00","flight":"DL827"},{"day":0,"utc":"15:43:00","flight":"DL416"},{"day":0,"utc":"06:16:00","flight":"DL163"},{"day":0,"utc":"19:20:00","flight":"DL483"},{"day":1,"utc":"12:16:00","flight":"DL210"},{"day":2,"utc":"13:43:00","flight":"DL942"},{"day":3,"utc":"13:37:00","flight":"DL287"},{"day":3,"utc":"20:31:00","flight":"DL951"},{"day":3,"utc":"00:01:00","flight":"DL980"},{"day":3,"utc":"22:57:00","flight":"DL558"},{"day":4,"utc":"08:43:00","flight":"DL908"},{"day":4,"utc":"19:54:00","flight":"DL145"},{"day":4,"utc":"03:54:00","flight":"DL615"},{"day":4,"utc":"23:23:00","flight":"DL569"},{"day":4,"utc":"19:41:00","flight":"DL122"},{"day":5,"utc":"16:48:00","flight":"DL691"},{"day":5,"utc":"15:28:00","flight":"DL087"},{"day":5,"utc":"22:28:00","flight":"DL017"},{"day":5,"utc":"01:31:00","flight":"DL744"},{"day":6,"utc":"00:27:00","flight":"DL828"},{"day":6,"utc":"04:50:00","flight":"DL665"},{"day":6,"utc":"11:24:00","flight":"DL896"},{"day":6,"utc":"03:00:00","flight":"DL381"}],"distance":1224.0131495912278}