{"id":14592,"type":"route","airline":"BA","airlineid":"airline_1355","sourceairport":"LAX","destinationairport":"MAD","stops":0,"equipment":"346 343","schedule":[{"day":0,"utc":"06:59:00","flight":"BA810"},{"day":0,"utc":"09:32:00","flight":"BA447"},{"day":0,"utc":"01:19:00","flight":"BA748"},{"day":1,"utc":"02:20:00","flight":"BA531"},{"day":1,"utc":"03:39:00","flight":"BA318"},{"day":2,"utc":"18:57:00","flight":"BA033"},{"day":2,"utc":"21:42:00","flight":"BA880"},{"day":2,"utc":"21:24:00","flight":"BA244"},{"day":3,"utc":"02:34:00","flight":"BA044"},{"day":3,"utc":"20:24:00","flight":"BA805"},{"day":3,"utc":"17:37:00","flight":"BA672"},{"day":3,"utc":"02:16:00","flight":"BA445"},{"day":3,"utc":"02:34:00","flight":"BA423"},{"day":4,"utc":"23:34:00","flight":"BA462"},{"day":4,"utc":"06:57:00","flight":"BA450"},{"day":5,"utc":"03:43:00","flight":"BA037"},{"day":6,"utc":"15:34:00","flight":"BA960"},{"day":6,"utc":"12:59:00","flight":"BA863"},{"day":6,"utc":"05:33:00","flight":"BA634"}],"distance":9385.145372296232}