{"id":60407,"type":"route","airline":"US","airlineid":"airline_5265","sourceairport":"SMF","destinationairport":"PHX","stops":0,"equipment":"320 319 321","schedule":[{"day":0,"utc":"18:36:00","flight":"US640"},{"day":0,"utc":"06:33:00","flight":"US019"},{"day":1,"utc":"04:41:00","flight":"US182"},{"day":1,"utc":"10:45:00","flight":"US596"},{"day":1,"utc":"05:37:00","flight":"US986"},{"day":2,"utc":"17:58:00","flight":"US719"},{"day":2,"utc":"01:52:00","flight":"US129"},{"day":2,"utc":"17:16:00","flight":"US271"},{"day":3,"utc":"17:17:00","flight":"US992"},{"day":3,"utc":"02:50:00","flight":"US037"},{"day":4,"utc":"04:10:00","flight":"US491"},{"day":4,"utc":"00:22:00","flight":"US328"},{"day":4,"utc":"11:21:00","flight":"US471"},{"day":4,"utc":"00:48:00","flight":"US889"},{"day":5,"utc":"12:08:00","flight":"US754"},{"day":5,"utc":"08:07:00","flight":"US154"},{"day":5,"utc":"20:17:00","flight":"US762"},{"day":5,"utc":"06:57:00","flight":"US395"},{"day":6,"utc":"07:06:00","flight":"US304"}],"distance":1040.022698599005}