{"id":56923,"type":"route","airline":"UA","airlineid":"airline_5209","sourceairport":"JST","destinationairport":"IAD","stops":0,"equipment":"SF3","schedule":[{"day":0,"utc":"19:27:00","flight":"UA111"},{"day":0,"utc":"21:51:00","flight":"UA166"},{"day":1,"utc":"19:45:00","flight":"UA236"},{"day":1,"utc":"00:07:00","flight":"UA106"},{"day":2,"utc":"22:59:00","flight":"UA042"},{"day":2,"utc":"22:56:00","flight":"UA961"},{"day":3,"utc":"05:59:00","flight":"UA159"},{"day":4,"utc":"13:46:00","flight":"UA676"},{"day":5,"utc":"06:14:00","flight":"UA944"},{"day":5,"utc":"13:40:00","flight":"UA576"},{"day":5,"utc":"06:08:00","flight":"UA899"},{"day":5,"utc":"02:47:00","flight":"UA222"},{"day":6,"utc":"11:43:00","flight":"UA646"}],"distance":192.83680557502396}