{"id":20999,"type":"route","airline":"DL","airlineid":"airline_2009","sourceairport":"JFK","destinationairport":"TPA","stops":0,"equipment":"M88 738 73H","schedule":[{"day":0,"utc":"19:14:00","flight":"DL624"},{"day":0,"utc":"02:38:00","flight":"DL555"},{"day":1,"utc":"09:40:00","flight":"DL882"},{"day":2,"utc":"12:28:00","flight":"DL312"},{"day":3,"utc":"22:53:00","flight":"DL604"},{"day":3,"utc":"18:21:00","flight":"DL041"},{"day":3,"utc":"03:24:00","flight":"DL988"},{"day":4,"utc":"10:44:00","flight":"DL285"},{"day":4,"utc":"20:26:00","flight":"DL118"},{"day":4,"utc":"08:09:00","flight":"DL426"},{"day":4,"utc":"02:39:00","flight":"DL553"},{"day":5,"utc":"12:39:00","flight":"DL823"},{"day":6,"utc":"19:48:00","flight":"DL608"},{"day":6,"utc":"03:04:00","flight":"DL180"},{"day":6,"utc":"09:56:00","flight":"DL906"},{"day":6,"utc":"01:09:00","flight":"DL777"},{"day":6,"utc":"02:26:00","flight":"DL529"}],"distance":1619.5234232903558}