{"id":11682,"type":"route","airline":"AS","airlineid":"airline_439","sourceairport":"KOA","destinationairport":"LAX","stops":0,"equipment":"757","schedule":[{"day":0,"utc":"22:27:00","flight":"AS807"},{"day":0,"utc":"18:47:00","flight":"AS075"},{"day":1,"utc":"18:09:00","flight":"AS394"},{"day":1,"utc":"14:35:00","flight":"AS150"},{"day":1,"utc":"05:42:00","flight":"AS600"},{"day":1,"utc":"12:22:00","flight":"AS695"},{"day":1,"utc":"18:29:00","flight":"AS214"},{"day":2,"utc":"15:40:00","flight":"AS651"},{"day":2,"utc":"19:29:00","flight":"AS382"},{"day":2,"utc":"15:17:00","flight":"AS214"},{"day":2,"utc":"11:03:00","flight":"AS840"},{"day":2,"utc":"13:40:00","flight":"AS242"},{"day":3,"utc":"11:41:00","flight":"AS281"},{"day":3,"utc":"13:48:00","flight":"AS249"},{"day":4,"utc":"01:48:00","flight":"AS794"},{"day":5,"utc":"09:34:00","flight":"AS098"},{"day":5,"utc":"08:14:00","flight":"AS406"},{"day":6,"utc":"07:51:00","flight":"AS277"}],"distance":4025.6307801957932}