{"id":20921,"type":"route","airline":"DL","airlineid":"airline_2009","sourceairport":"JFK","destinationairport":"AUA","stops":0,"equipment":"73H","schedule":[{"day":0,"utc":"16:14:00","flight":"DL370"},{"day":1,"utc":"04:09:00","flight":"DL350"},{"day":2,"utc":"20:01:00","flight":"DL247"},{"day":2,"utc":"19:05:00","flight":"DL007"},{"day":2,"utc":"09:59:00","flight":"DL953"},{"day":2,"utc":"15:18:00","flight":"DL354"},{"day":2,"utc":"21:17:00","flight":"DL814"},{"day":3,"utc":"06:42:00","flight":"DL740"},{"day":3,"utc":"20:17:00","flight":"DL358"},{"day":3,"utc":"09:45:00","flight":"DL497"},{"day":3,"utc":"07:53:00","flight":"DL683"},{"day":3,"utc":"02:35:00","flight":"DL020"},{"day":4,"utc":"15:33:00","flight":"DL652"},{"day":4,"utc":"08:58:00","flight":"DL680"},{"day":4,"utc":"09:54:00","flight":"DL452"},{"day":5,"utc":"11:18:00","flight":"DL179"},{"day":5,"utc":"15:39:00","flight":"DL764"},{"day":5,"utc":"15:18:00","flight":"DL200"},{"day":5,"utc":"12:08:00","flight":"DL777"},{"day":6,"utc":"09:21:00","flight":"DL691"},{"day":6,"utc":"12:05:00","flight":"DL412"},{"day":6,"utc":"11:09:00","flight":"DL221"},{"day":6,"utc":"20:42:00","flight":"DL758"}],"distance":3150.360039312695}