{"id":32273,"type":"route","airline":"IB","airlineid":"airline_2822","sourceairport":"BCN","destinationairport":"BOD","stops":0,"equipment":"320","schedule":[{"day":0,"utc":"05:49:00","flight":"IB325"},{"day":0,"utc":"09:44:00","flight":"IB505"},{"day":0,"utc":"02:26:00","flight":"IB400"},{"day":0,"utc":"14:10:00","flight":"IB671"},{"day":1,"utc":"09:32:00","flight":"IB716"},{"day":1,"utc":"02:41:00","flight":"IB865"},{"day":1,"utc":"11:24:00","flight":"IB359"},{"day":2,"utc":"17:37:00","flight":"IB330"},{"day":2,"utc":"22:52:00","flight":"IB284"},{"day":2,"utc":"17:58:00","flight":"IB079"},{"day":2,"utc":"03:44:00","flight":"IB158"},{"day":2,"utc":"15:54:00","flight":"IB358"},{"day":3,"utc":"23:23:00","flight":"IB916"},{"day":3,"utc":"21:03:00","flight":"IB678"},{"day":3,"utc":"15:49:00","flight":"IB601"},{"day":3,"utc":"05:25:00","flight":"IB574"},{"day":3,"utc":"00:17:00","flight":"IB519"},{"day":4,"utc":"01:18:00","flight":"IB016"},{"day":4,"utc":"16:37:00","flight":"IB276"},{"day":4,"utc":"11:38:00","flight":"IB573"},{"day":4,"utc":"06:48:00","flight":"IB354"},{"day":5,"utc":"02:55:00","flight":"IB334"},{"day":5,"utc":"03:10:00","flight":"IB927"},{"day":5,"utc":"01:34:00","flight":"IB533"},{"day":6,"utc":"04:25:00","flight":"IB690"},{"day":6,"utc":"01:49:00","flight":"IB889"},{"day":6,"utc":"18:33:00","flight":"IB340"},{"day":6,"utc":"17:47:00","flight":"IB798"},{"day":6,"utc":"20:05:00","flight":"IB434"}],"distance":453.47417224098587}