{"id":57666,"type":"route","airline":"UA","airlineid":"airline_5209","sourceairport":"SFO","destinationairport":"MCO","stops":0,"equipment":"752 738 739 753","schedule":[{"day":0,"utc":"13:13:00","flight":"UA644"},{"day":0,"utc":"07:20:00","flight":"UA259"},{"day":1,"utc":"19:26:00","flight":"UA633"},{"day":2,"utc":"12:29:00","flight":"UA977"},{"day":2,"utc":"21:06:00","flight":"UA003"},{"day":2,"utc":"15:05:00","flight":"UA436"},{"day":2,"utc":"03:13:00","flight":"UA357"},{"day":3,"utc":"15:46:00","flight":"UA399"},{"day":3,"utc":"04:23:00","flight":"UA759"},{"day":3,"utc":"19:12:00","flight":"UA804"},{"day":4,"utc":"02:48:00","flight":"UA120"},{"day":4,"utc":"18:22:00","flight":"UA291"},{"day":5,"utc":"05:57:00","flight":"UA656"},{"day":6,"utc":"07:35:00","flight":"UA651"},{"day":6,"utc":"14:59:00","flight":"UA011"},{"day":6,"utc":"17:59:00","flight":"UA469"}],"distance":3929.13705217542}