{"id":18159,"type":"route","airline":"CZ","airlineid":"airline_1767","sourceairport":"CAN","destinationairport":"LHR","stops":0,"equipment":"787","schedule":[{"day":0,"utc":"08:39:00","flight":"CZ690"},{"day":0,"utc":"02:10:00","flight":"CZ286"},{"day":0,"utc":"01:25:00","flight":"CZ565"},{"day":0,"utc":"14:08:00","flight":"CZ610"},{"day":1,"utc":"07:07:00","flight":"CZ904"},{"day":1,"utc":"02:57:00","flight":"CZ916"},{"day":2,"utc":"02:58:00","flight":"CZ854"},{"day":2,"utc":"19:09:00","flight":"CZ491"},{"day":3,"utc":"03:11:00","flight":"CZ188"},{"day":4,"utc":"19:18:00","flight":"CZ666"},{"day":4,"utc":"11:56:00","flight":"CZ409"},{"day":5,"utc":"04:48:00","flight":"CZ733"},{"day":5,"utc":"15:11:00","flight":"CZ708"},{"day":5,"utc":"06:14:00","flight":"CZ888"},{"day":5,"utc":"09:32:00","flight":"CZ117"},{"day":5,"utc":"22:07:00","flight":"CZ749"},{"day":6,"utc":"05:10:00","flight":"CZ903"},{"day":6,"utc":"16:54:00","flight":"CZ416"}],"distance":9495.374292917362}