{"id":51423,"type":"route","airline":"SV","airlineid":"airline_4533","sourceairport":"JED","destinationairport":"LAX","stops":0,"equipment":"777","schedule":[{"day":0,"utc":"16:11:00","flight":"SV169"},{"day":0,"utc":"16:03:00","flight":"SV705"},{"day":0,"utc":"16:43:00","flight":"SV750"},{"day":0,"utc":"00:45:00","flight":"SV664"},{"day":0,"utc":"18:14:00","flight":"SV382"},{"day":1,"utc":"02:28:00","flight":"SV236"},{"day":1,"utc":"02:08:00","flight":"SV343"},{"day":2,"utc":"09:25:00","flight":"SV705"},{"day":2,"utc":"06:26:00","flight":"SV296"},{"day":2,"utc":"03:31:00","flight":"SV124"},{"day":3,"utc":"11:55:00","flight":"SV662"},{"day":3,"utc":"03:37:00","flight":"SV872"},{"day":3,"utc":"04:32:00","flight":"SV623"},{"day":4,"utc":"10:19:00","flight":"SV054"},{"day":4,"utc":"16:51:00","flight":"SV750"},{"day":4,"utc":"16:41:00","flight":"SV623"},{"day":5,"utc":"02:28:00","flight":"SV282"},{"day":5,"utc":"00:18:00","flight":"SV112"},{"day":6,"utc":"03:16:00","flight":"SV622"}],"distance":13389.8244880631}