{"id":24523,"type":"route","airline":"F9","airlineid":"airline_2468","sourceairport":"TTN","destinationairport":"CLE","stops":0,"equipment":"319","schedule":[{"day":0,"utc":"07:05:00","flight":"F9830"},{"day":1,"utc":"04:03:00","flight":"F9052"},{"day":1,"utc":"07:27:00","flight":"F9905"},{"day":1,"utc":"23:21:00","flight":"F9360"},{"day":2,"utc":"21:00:00","flight":"F9625"},{"day":2,"utc":"22:47:00","flight":"F9822"},{"day":2,"utc":"04:36:00","flight":"F9592"},{"day":2,"utc":"01:55:00","flight":"F9520"},{"day":2,"utc":"09:31:00","flight":"F9704"},{"day":3,"utc":"14:39:00","flight":"F9747"},{"day":3,"utc":"10:09:00","flight":"F9049"},{"day":3,"utc":"16:06:00","flight":"F9795"},{"day":3,"utc":"22:32:00","flight":"F9605"},{"day":3,"utc":"14:47:00","flight":"F9494"},{"day":4,"utc":"19:53:00","flight":"F9784"},{"day":5,"utc":"20:00:00","flight":"F9434"},{"day":5,"utc":"01:27:00","flight":"F9755"},{"day":6,"utc":"12:21:00","flight":"F9855"}],"distance":605.0005886604984}