{"title":"Inverness","name":"Inverness Museum & Art Gallery","alt":null,"address":null,"directions":null,"phone":null,"tollfree":null,"email":null,"url":"http://inverness.highland.museum","hours":null,"image":null,"price":null,"content":"Castle Wynd (''base of Inverness Castle''), 237114. The museum has a collection of Pictish stones and wildlife dioramas, as well as historic weapons. Underwent a major refurbishment in 2006, and now contains many artefacts on loan from the National Museum of Scotland in Edinburgh.","geo":{"lat":57.477146,"lon":-4.225544,"accuracy":"RANGE_INTERPOLATED"},"activity":"see","type":"landmark","id":12232,"country":"United Kingdom","city":"Inverness","state":null}