{"id":6035,"type":"route","airline":"AA","airlineid":"airline_24","sourceairport":"MIA","destinationairport":"ELH","stops":0,"equipment":"ER4","schedule":[{"day":0,"utc":"18:24:00","flight":"AA285"},{"day":0,"utc":"19:13:00","flight":"AA819"},{"day":1,"utc":"11:37:00","flight":"AA201"},{"day":1,"utc":"23:33:00","flight":"AA793"},{"day":1,"utc":"15:36:00","flight":"AA794"},{"day":2,"utc":"22:01:00","flight":"AA086"},{"day":2,"utc":"06:04:00","flight":"AA638"},{"day":2,"utc":"13:46:00","flight":"AA785"},{"day":3,"utc":"22:18:00","flight":"AA378"},{"day":3,"utc":"02:17:00","flight":"AA989"},{"day":3,"utc":"03:05:00","flight":"AA812"},{"day":4,"utc":"01:25:00","flight":"AA729"},{"day":4,"utc":"18:16:00","flight":"AA624"},{"day":5,"utc":"21:43:00","flight":"AA017"},{"day":5,"utc":"21:41:00","flight":"AA688"},{"day":5,"utc":"06:03:00","flight":"AA326"},{"day":6,"utc":"23:16:00","flight":"AA830"},{"day":6,"utc":"08:12:00","flight":"AA633"},{"day":6,"utc":"04:36:00","flight":"AA560"}],"distance":363.32774792931474}