{"id":38150,"type":"route","airline":"LH","airlineid":"airline_3320","sourceairport":"DUS","destinationairport":"NCL","stops":0,"equipment":"CR9","schedule":[{"day":0,"utc":"04:02:00","flight":"LH505"},{"day":0,"utc":"03:49:00","flight":"LH146"},{"day":0,"utc":"11:16:00","flight":"LH720"},{"day":0,"utc":"03:28:00","flight":"LH694"},{"day":0,"utc":"18:51:00","flight":"LH759"},{"day":1,"utc":"02:06:00","flight":"LH249"},{"day":1,"utc":"11:30:00","flight":"LH855"},{"day":2,"utc":"19:51:00","flight":"LH422"},{"day":2,"utc":"08:37:00","flight":"LH305"},{"day":2,"utc":"00:45:00","flight":"LH466"},{"day":2,"utc":"05:38:00","flight":"LH123"},{"day":2,"utc":"21:48:00","flight":"LH068"},{"day":3,"utc":"18:36:00","flight":"LH333"},{"day":3,"utc":"12:48:00","flight":"LH990"},{"day":3,"utc":"06:43:00","flight":"LH003"},{"day":3,"utc":"01:16:00","flight":"LH040"},{"day":4,"utc":"11:50:00","flight":"LH232"},{"day":4,"utc":"12:29:00","flight":"LH024"},{"day":4,"utc":"15:37:00","flight":"LH978"},{"day":4,"utc":"00:58:00","flight":"LH228"},{"day":5,"utc":"23:14:00","flight":"LH786"},{"day":5,"utc":"08:35:00","flight":"LH229"},{"day":5,"utc":"15:23:00","flight":"LH473"},{"day":5,"utc":"21:49:00","flight":"LH719"},{"day":6,"utc":"12:12:00","flight":"LH054"}],"distance":700.404775333534}