{"id":11544,"type":"route","airline":"AS","airlineid":"airline_439","sourceairport":"ANC","destinationairport":"ORD","stops":0,"equipment":"73H","schedule":[{"day":0,"utc":"11:24:00","flight":"AS100"},{"day":0,"utc":"21:06:00","flight":"AS351"},{"day":0,"utc":"03:34:00","flight":"AS145"},{"day":1,"utc":"09:52:00","flight":"AS230"},{"day":1,"utc":"23:25:00","flight":"AS421"},{"day":1,"utc":"08:03:00","flight":"AS426"},{"day":2,"utc":"14:02:00","flight":"AS439"},{"day":3,"utc":"20:11:00","flight":"AS217"},{"day":3,"utc":"21:40:00","flight":"AS427"},{"day":3,"utc":"19:11:00","flight":"AS164"},{"day":4,"utc":"08:55:00","flight":"AS675"},{"day":5,"utc":"21:19:00","flight":"AS920"},{"day":5,"utc":"07:10:00","flight":"AS744"},{"day":5,"utc":"14:30:00","flight":"AS717"},{"day":6,"utc":"00:20:00","flight":"AS679"},{"day":6,"utc":"13:30:00","flight":"AS380"},{"day":6,"utc":"20:27:00","flight":"AS627"},{"day":6,"utc":"11:56:00","flight":"AS797"},{"day":6,"utc":"11:05:00","flight":"AS731"}],"distance":4568.39411416515}