{"id":12942,"type":"route","airline":"AZ","airlineid":"airline_596","sourceairport":"AMS","destinationairport":"GLA","stops":0,"equipment":"737","schedule":[{"day":0,"utc":"20:22:00","flight":"AZ513"},{"day":0,"utc":"07:16:00","flight":"AZ069"},{"day":0,"utc":"05:13:00","flight":"AZ244"},{"day":0,"utc":"03:22:00","flight":"AZ107"},{"day":0,"utc":"06:17:00","flight":"AZ148"},{"day":1,"utc":"02:08:00","flight":"AZ913"},{"day":1,"utc":"17:08:00","flight":"AZ197"},{"day":1,"utc":"02:37:00","flight":"AZ140"},{"day":1,"utc":"15:19:00","flight":"AZ103"},{"day":2,"utc":"18:22:00","flight":"AZ891"},{"day":2,"utc":"02:11:00","flight":"AZ911"},{"day":2,"utc":"18:37:00","flight":"AZ514"},{"day":3,"utc":"00:02:00","flight":"AZ482"},{"day":4,"utc":"04:51:00","flight":"AZ262"},{"day":5,"utc":"13:37:00","flight":"AZ143"},{"day":5,"utc":"21:20:00","flight":"AZ756"},{"day":5,"utc":"14:15:00","flight":"AZ812"},{"day":6,"utc":"07:20:00","flight":"AZ056"}],"distance":717.9578839560135}