{"id":55067,"type":"route","airline":"U2","airlineid":"airline_2297","sourceairport":"LTN","destinationairport":"BCN","stops":0,"equipment":"319 320","schedule":[{"day":0,"utc":"00:24:00","flight":"U2645"},{"day":0,"utc":"14:44:00","flight":"U2456"},{"day":0,"utc":"03:07:00","flight":"U2588"},{"day":0,"utc":"13:49:00","flight":"U2322"},{"day":1,"utc":"17:37:00","flight":"U2316"},{"day":1,"utc":"17:43:00","flight":"U2050"},{"day":1,"utc":"10:20:00","flight":"U2753"},{"day":1,"utc":"11:30:00","flight":"U2617"},{"day":2,"utc":"04:13:00","flight":"U2235"},{"day":2,"utc":"21:27:00","flight":"U2501"},{"day":3,"utc":"07:36:00","flight":"U2937"},{"day":3,"utc":"22:58:00","flight":"U2989"},{"day":3,"utc":"10:46:00","flight":"U2032"},{"day":3,"utc":"03:10:00","flight":"U2500"},{"day":3,"utc":"13:04:00","flight":"U2798"},{"day":4,"utc":"22:13:00","flight":"U2759"},{"day":4,"utc":"22:25:00","flight":"U2858"},{"day":4,"utc":"10:38:00","flight":"U2321"},{"day":5,"utc":"09:00:00","flight":"U2991"},{"day":5,"utc":"17:16:00","flight":"U2112"},{"day":5,"utc":"06:12:00","flight":"U2735"},{"day":5,"utc":"21:53:00","flight":"U2503"},{"day":6,"utc":"10:54:00","flight":"U2244"},{"day":6,"utc":"23:17:00","flight":"U2265"},{"day":6,"utc":"00:19:00","flight":"U2230"},{"day":6,"utc":"07:10:00","flight":"U2281"}],"distance":1190.7677693000564}