{"id":6961,"type":"route","airline":"AA","airlineid":"airline_24","sourceairport":"YOW","destinationairport":"PHL","stops":0,"equipment":"CRJ","schedule":[{"day":0,"utc":"22:06:00","flight":"AA980"},{"day":0,"utc":"00:33:00","flight":"AA680"},{"day":0,"utc":"05:07:00","flight":"AA208"},{"day":0,"utc":"11:35:00","flight":"AA966"},{"day":1,"utc":"05:15:00","flight":"AA811"},{"day":1,"utc":"04:00:00","flight":"AA358"},{"day":1,"utc":"22:08:00","flight":"AA609"},{"day":1,"utc":"10:58:00","flight":"AA865"},{"day":2,"utc":"14:49:00","flight":"AA347"},{"day":2,"utc":"13:46:00","flight":"AA054"},{"day":2,"utc":"14:57:00","flight":"AA946"},{"day":3,"utc":"22:42:00","flight":"AA637"},{"day":3,"utc":"22:51:00","flight":"AA009"},{"day":4,"utc":"19:03:00","flight":"AA356"},{"day":5,"utc":"00:56:00","flight":"AA139"},{"day":5,"utc":"21:27:00","flight":"AA949"},{"day":5,"utc":"21:32:00","flight":"AA491"},{"day":6,"utc":"11:50:00","flight":"AA432"},{"day":6,"utc":"22:03:00","flight":"AA720"},{"day":6,"utc":"07:29:00","flight":"AA427"}],"distance":607.0832990063267}