{"id":64278,"type":"route","airline":"WN","airlineid":"airline_4547","sourceairport":"PHX","destinationairport":"FLL","stops":0,"equipment":"73W","schedule":[{"day":0,"utc":"09:14:00","flight":"WN840"},{"day":1,"utc":"18:42:00","flight":"WN121"},{"day":1,"utc":"20:44:00","flight":"WN950"},{"day":1,"utc":"05:33:00","flight":"WN792"},{"day":2,"utc":"17:44:00","flight":"WN662"},{"day":2,"utc":"07:14:00","flight":"WN827"},{"day":2,"utc":"20:43:00","flight":"WN648"},{"day":2,"utc":"00:06:00","flight":"WN274"},{"day":3,"utc":"03:10:00","flight":"WN610"},{"day":3,"utc":"18:39:00","flight":"WN577"},{"day":3,"utc":"11:02:00","flight":"WN277"},{"day":3,"utc":"16:03:00","flight":"WN623"},{"day":3,"utc":"01:07:00","flight":"WN199"},{"day":4,"utc":"11:34:00","flight":"WN751"},{"day":4,"utc":"12:42:00","flight":"WN684"},{"day":5,"utc":"22:58:00","flight":"WN247"},{"day":5,"utc":"22:45:00","flight":"WN126"},{"day":5,"utc":"23:45:00","flight":"WN017"},{"day":5,"utc":"01:47:00","flight":"WN332"},{"day":6,"utc":"14:05:00","flight":"WN520"},{"day":6,"utc":"03:10:00","flight":"WN263"},{"day":6,"utc":"21:26:00","flight":"WN726"},{"day":6,"utc":"00:00:00","flight":"WN623"},{"day":6,"utc":"23:48:00","flight":"WN979"}],"distance":3168.8665738881014}