{"id":20560,"type":"route","airline":"DL","airlineid":"airline_2009","sourceairport":"DFW","destinationairport":"SLC","stops":0,"equipment":"320","schedule":[{"day":0,"utc":"20:23:00","flight":"DL580"},{"day":0,"utc":"08:46:00","flight":"DL148"},{"day":1,"utc":"00:32:00","flight":"DL773"},{"day":1,"utc":"11:48:00","flight":"DL474"},{"day":2,"utc":"06:05:00","flight":"DL451"},{"day":2,"utc":"20:49:00","flight":"DL652"},{"day":2,"utc":"03:05:00","flight":"DL731"},{"day":3,"utc":"23:58:00","flight":"DL029"},{"day":3,"utc":"16:27:00","flight":"DL007"},{"day":4,"utc":"00:00:00","flight":"DL774"},{"day":4,"utc":"00:14:00","flight":"DL707"},{"day":4,"utc":"00:26:00","flight":"DL583"},{"day":4,"utc":"08:58:00","flight":"DL328"},{"day":5,"utc":"19:39:00","flight":"DL006"},{"day":5,"utc":"20:34:00","flight":"DL537"},{"day":5,"utc":"08:31:00","flight":"DL013"},{"day":5,"utc":"03:13:00","flight":"DL040"},{"day":6,"utc":"05:34:00","flight":"DL417"},{"day":6,"utc":"23:41:00","flight":"DL696"},{"day":6,"utc":"14:19:00","flight":"DL628"},{"day":6,"utc":"12:45:00","flight":"DL410"}],"distance":1589.4457812129535}