{"id":10569,"type":"route","airline":"AI","airlineid":"airline_218","sourceairport":"LAX","destinationairport":"NRT","stops":0,"equipment":"388","schedule":[{"day":0,"utc":"08:34:00","flight":"AI846"},{"day":1,"utc":"07:38:00","flight":"AI599"},{"day":2,"utc":"23:14:00","flight":"AI642"},{"day":2,"utc":"01:00:00","flight":"AI642"},{"day":2,"utc":"14:40:00","flight":"AI331"},{"day":2,"utc":"05:07:00","flight":"AI383"},{"day":2,"utc":"05:56:00","flight":"AI576"},{"day":3,"utc":"18:34:00","flight":"AI333"},{"day":3,"utc":"10:46:00","flight":"AI012"},{"day":3,"utc":"08:36:00","flight":"AI289"},{"day":3,"utc":"09:53:00","flight":"AI236"},{"day":4,"utc":"00:17:00","flight":"AI129"},{"day":5,"utc":"15:53:00","flight":"AI645"},{"day":5,"utc":"05:21:00","flight":"AI325"},{"day":5,"utc":"06:28:00","flight":"AI722"},{"day":6,"utc":"08:56:00","flight":"AI042"},{"day":6,"utc":"04:33:00","flight":"AI223"},{"day":6,"utc":"19:18:00","flight":"AI009"}],"distance":8753.776752422511}