{"id":12153,"type":"route","airline":"AT","airlineid":"airline_4248","sourceairport":"CMN","destinationairport":"TLS","stops":0,"equipment":"738 73G","schedule":[{"day":0,"utc":"00:47:00","flight":"AT528"},{"day":0,"utc":"17:12:00","flight":"AT561"},{"day":0,"utc":"00:45:00","flight":"AT674"},{"day":1,"utc":"13:20:00","flight":"AT177"},{"day":1,"utc":"20:48:00","flight":"AT936"},{"day":1,"utc":"06:16:00","flight":"AT685"},{"day":1,"utc":"17:40:00","flight":"AT674"},{"day":2,"utc":"21:31:00","flight":"AT671"},{"day":2,"utc":"20:13:00","flight":"AT814"},{"day":2,"utc":"06:29:00","flight":"AT934"},{"day":2,"utc":"09:49:00","flight":"AT925"},{"day":3,"utc":"20:18:00","flight":"AT599"},{"day":4,"utc":"01:13:00","flight":"AT803"},{"day":4,"utc":"00:32:00","flight":"AT252"},{"day":4,"utc":"19:12:00","flight":"AT695"},{"day":4,"utc":"19:32:00","flight":"AT717"},{"day":5,"utc":"02:23:00","flight":"AT240"},{"day":5,"utc":"18:09:00","flight":"AT064"},{"day":5,"utc":"11:04:00","flight":"AT813"},{"day":5,"utc":"00:05:00","flight":"AT067"},{"day":6,"utc":"23:24:00","flight":"AT639"},{"day":6,"utc":"03:37:00","flight":"AT467"},{"day":6,"utc":"23:39:00","flight":"AT201"},{"day":6,"utc":"23:37:00","flight":"AT960"},{"day":6,"utc":"11:36:00","flight":"AT636"}],"distance":1379.8271930529227}