{"id":38853,"type":"route","airline":"LH","airlineid":"airline_3320","sourceairport":"YUL","destinationairport":"LHR","stops":0,"equipment":"77W","schedule":[{"day":0,"utc":"19:54:00","flight":"LH310"},{"day":0,"utc":"02:59:00","flight":"LH899"},{"day":0,"utc":"09:07:00","flight":"LH785"},{"day":0,"utc":"13:25:00","flight":"LH393"},{"day":1,"utc":"16:54:00","flight":"LH049"},{"day":1,"utc":"03:59:00","flight":"LH940"},{"day":2,"utc":"01:24:00","flight":"LH694"},{"day":2,"utc":"21:21:00","flight":"LH736"},{"day":2,"utc":"04:53:00","flight":"LH815"},{"day":3,"utc":"16:43:00","flight":"LH665"},{"day":4,"utc":"06:10:00","flight":"LH429"},{"day":4,"utc":"13:43:00","flight":"LH123"},{"day":4,"utc":"14:51:00","flight":"LH531"},{"day":4,"utc":"12:21:00","flight":"LH940"},{"day":4,"utc":"23:47:00","flight":"LH181"},{"day":5,"utc":"03:45:00","flight":"LH005"},{"day":6,"utc":"03:49:00","flight":"LH858"},{"day":6,"utc":"01:31:00","flight":"LH173"},{"day":6,"utc":"01:56:00","flight":"LH495"}],"distance":5213.941974309493}