{"id":59013,"type":"route","airline":"US","airlineid":"airline_5265","sourceairport":"DFW","destinationairport":"ABI","stops":0,"equipment":"ERD ER4","schedule":[{"day":0,"utc":"04:20:00","flight":"US908"},{"day":0,"utc":"02:37:00","flight":"US482"},{"day":0,"utc":"20:30:00","flight":"US755"},{"day":1,"utc":"15:02:00","flight":"US582"},{"day":1,"utc":"22:12:00","flight":"US652"},{"day":1,"utc":"23:17:00","flight":"US257"},{"day":1,"utc":"18:43:00","flight":"US791"},{"day":2,"utc":"19:34:00","flight":"US300"},{"day":2,"utc":"12:15:00","flight":"US395"},{"day":2,"utc":"10:49:00","flight":"US860"},{"day":2,"utc":"00:18:00","flight":"US376"},{"day":2,"utc":"02:28:00","flight":"US959"},{"day":3,"utc":"16:11:00","flight":"US479"},{"day":3,"utc":"12:10:00","flight":"US086"},{"day":4,"utc":"11:59:00","flight":"US116"},{"day":5,"utc":"11:19:00","flight":"US137"},{"day":5,"utc":"15:51:00","flight":"US601"},{"day":5,"utc":"23:17:00","flight":"US958"},{"day":6,"utc":"18:21:00","flight":"US903"}],"distance":253.33263651052002}