{"title":"San Francisco/Mission","name":"Little Star Pizza","alt":null,"address":"400 Valencia St","directions":"at 14th St","phone":"+1 415 551-7827","tollfree":null,"email":null,"url":"http://www.littlestarpizza.com/","hours":"Su, Tu-Th 5PM-10PM, F-Sa 5PM-11PM","image":null,"price":null,"content":"For a deep dish that can't be beat here, in Chicago, or anywhere else.","geo":{"lat":37.7664,"lon":-122.4223,"accuracy":"ROOFTOP"},"activity":"eat","type":"landmark","id":25887,"country":"United States","city":"San Francisco","state":"California"}