{"id":32623,"type":"route","airline":"IB","airlineid":"airline_2822","sourceairport":"LHR","destinationairport":"PHX","stops":0,"equipment":"744","schedule":[{"day":0,"utc":"17:03:00","flight":"IB891"},{"day":0,"utc":"00:57:00","flight":"IB222"},{"day":1,"utc":"22:26:00","flight":"IB410"},{"day":1,"utc":"08:51:00","flight":"IB147"},{"day":1,"utc":"03:03:00","flight":"IB022"},{"day":1,"utc":"23:38:00","flight":"IB916"},{"day":2,"utc":"05:00:00","flight":"IB436"},{"day":2,"utc":"01:02:00","flight":"IB434"},{"day":3,"utc":"20:39:00","flight":"IB663"},{"day":4,"utc":"22:25:00","flight":"IB766"},{"day":4,"utc":"13:05:00","flight":"IB695"},{"day":4,"utc":"16:45:00","flight":"IB320"},{"day":4,"utc":"18:29:00","flight":"IB403"},{"day":4,"utc":"00:00:00","flight":"IB514"},{"day":5,"utc":"13:39:00","flight":"IB227"},{"day":6,"utc":"08:55:00","flight":"IB874"},{"day":6,"utc":"00:05:00","flight":"IB336"},{"day":6,"utc":"01:57:00","flight":"IB529"},{"day":6,"utc":"18:43:00","flight":"IB135"}],"distance":8462.433764762356}