{"id":30472,"type":"route","airline":"GS","airlineid":"airline_690","sourceairport":"XIY","destinationairport":"CGD","stops":0,"equipment":"E90","schedule":[{"day":0,"utc":"18:42:00","flight":"GS705"},{"day":0,"utc":"22:47:00","flight":"GS643"},{"day":0,"utc":"04:00:00","flight":"GS006"},{"day":0,"utc":"02:33:00","flight":"GS542"},{"day":0,"utc":"05:17:00","flight":"GS425"},{"day":1,"utc":"18:26:00","flight":"GS772"},{"day":1,"utc":"13:59:00","flight":"GS096"},{"day":1,"utc":"06:55:00","flight":"GS389"},{"day":2,"utc":"23:24:00","flight":"GS458"},{"day":2,"utc":"12:41:00","flight":"GS101"},{"day":3,"utc":"07:25:00","flight":"GS316"},{"day":4,"utc":"08:59:00","flight":"GS158"},{"day":4,"utc":"23:48:00","flight":"GS267"},{"day":4,"utc":"13:16:00","flight":"GS186"},{"day":4,"utc":"11:56:00","flight":"GS307"},{"day":5,"utc":"04:57:00","flight":"GS696"},{"day":5,"utc":"07:18:00","flight":"GS578"},{"day":5,"utc":"04:11:00","flight":"GS616"},{"day":5,"utc":"18:28:00","flight":"GS869"},{"day":5,"utc":"01:11:00","flight":"GS978"},{"day":6,"utc":"13:19:00","flight":"GS356"}],"distance":672.6352973553218}