{"id":17306,"type":"route","airline":"CE","airlineid":"airline_3613","sourceairport":"LYS","destinationairport":"LIG","stops":0,"equipment":"ATR","schedule":[{"day":0,"utc":"20:25:00","flight":"CE758"},{"day":0,"utc":"21:21:00","flight":"CE206"},{"day":0,"utc":"13:13:00","flight":"CE895"},{"day":1,"utc":"14:01:00","flight":"CE526"},{"day":1,"utc":"04:00:00","flight":"CE641"},{"day":1,"utc":"16:50:00","flight":"CE005"},{"day":2,"utc":"23:45:00","flight":"CE761"},{"day":2,"utc":"15:01:00","flight":"CE129"},{"day":2,"utc":"10:06:00","flight":"CE238"},{"day":3,"utc":"13:59:00","flight":"CE303"},{"day":3,"utc":"19:01:00","flight":"CE821"},{"day":3,"utc":"16:56:00","flight":"CE092"},{"day":4,"utc":"00:40:00","flight":"CE883"},{"day":4,"utc":"10:27:00","flight":"CE050"},{"day":4,"utc":"03:05:00","flight":"CE590"},{"day":5,"utc":"17:21:00","flight":"CE668"},{"day":6,"utc":"04:27:00","flight":"CE477"},{"day":6,"utc":"17:50:00","flight":"CE031"},{"day":6,"utc":"04:08:00","flight":"CE477"},{"day":6,"utc":"03:21:00","flight":"CE839"},{"day":6,"utc":"11:38:00","flight":"CE946"}],"distance":303.59361851458874}