{"id":59752,"type":"route","airline":"US","airlineid":"airline_5265","sourceairport":"MIA","destinationairport":"PAP","stops":0,"equipment":"738 763 757","schedule":[{"day":0,"utc":"13:26:00","flight":"US370"},{"day":0,"utc":"23:58:00","flight":"US559"},{"day":0,"utc":"16:24:00","flight":"US109"},{"day":0,"utc":"20:13:00","flight":"US274"},{"day":1,"utc":"04:58:00","flight":"US594"},{"day":1,"utc":"01:56:00","flight":"US354"},{"day":1,"utc":"23:49:00","flight":"US110"},{"day":1,"utc":"20:36:00","flight":"US740"},{"day":2,"utc":"05:37:00","flight":"US588"},{"day":2,"utc":"04:08:00","flight":"US681"},{"day":2,"utc":"14:54:00","flight":"US511"},{"day":2,"utc":"21:51:00","flight":"US445"},{"day":3,"utc":"23:49:00","flight":"US766"},{"day":3,"utc":"15:09:00","flight":"US629"},{"day":4,"utc":"14:16:00","flight":"US622"},{"day":5,"utc":"18:16:00","flight":"US966"},{"day":6,"utc":"14:26:00","flight":"US949"},{"day":6,"utc":"22:43:00","flight":"US072"},{"day":6,"utc":"01:22:00","flight":"US979"},{"day":6,"utc":"15:31:00","flight":"US782"},{"day":6,"utc":"12:30:00","flight":"US391"}],"distance":1148.8925072029788}