{"id":11790,"type":"route","airline":"AS","airlineid":"airline_439","sourceairport":"OGG","destinationairport":"PDX","stops":0,"equipment":"73H","schedule":[{"day":0,"utc":"13:46:00","flight":"AS584"},{"day":0,"utc":"18:42:00","flight":"AS840"},{"day":1,"utc":"20:45:00","flight":"AS313"},{"day":2,"utc":"15:09:00","flight":"AS157"},{"day":2,"utc":"10:34:00","flight":"AS448"},{"day":3,"utc":"19:34:00","flight":"AS166"},{"day":3,"utc":"12:10:00","flight":"AS066"},{"day":3,"utc":"14:24:00","flight":"AS568"},{"day":3,"utc":"19:18:00","flight":"AS669"},{"day":4,"utc":"06:56:00","flight":"AS449"},{"day":4,"utc":"18:50:00","flight":"AS865"},{"day":5,"utc":"09:53:00","flight":"AS138"},{"day":5,"utc":"11:16:00","flight":"AS759"},{"day":6,"utc":"09:50:00","flight":"AS128"},{"day":6,"utc":"19:39:00","flight":"AS629"},{"day":6,"utc":"07:20:00","flight":"AS420"}],"distance":4122.259798040323}