{"id":13191,"type":"route","airline":"AZ","airlineid":"airline_596","sourceairport":"CDG","destinationairport":"SXM","stops":0,"equipment":"343","schedule":[{"day":0,"utc":"22:31:00","flight":"AZ647"},{"day":0,"utc":"18:57:00","flight":"AZ463"},{"day":1,"utc":"04:50:00","flight":"AZ425"},{"day":1,"utc":"03:59:00","flight":"AZ632"},{"day":1,"utc":"08:09:00","flight":"AZ069"},{"day":1,"utc":"00:09:00","flight":"AZ508"},{"day":1,"utc":"18:08:00","flight":"AZ074"},{"day":2,"utc":"23:30:00","flight":"AZ880"},{"day":2,"utc":"15:31:00","flight":"AZ083"},{"day":2,"utc":"20:39:00","flight":"AZ894"},{"day":2,"utc":"04:44:00","flight":"AZ013"},{"day":2,"utc":"21:11:00","flight":"AZ990"},{"day":3,"utc":"00:33:00","flight":"AZ235"},{"day":3,"utc":"22:16:00","flight":"AZ787"},{"day":3,"utc":"02:39:00","flight":"AZ048"},{"day":3,"utc":"11:33:00","flight":"AZ669"},{"day":3,"utc":"00:29:00","flight":"AZ741"},{"day":4,"utc":"07:33:00","flight":"AZ417"},{"day":4,"utc":"05:46:00","flight":"AZ575"},{"day":4,"utc":"13:06:00","flight":"AZ533"},{"day":4,"utc":"17:31:00","flight":"AZ096"},{"day":5,"utc":"17:39:00","flight":"AZ893"},{"day":5,"utc":"05:00:00","flight":"AZ594"},{"day":5,"utc":"03:15:00","flight":"AZ158"},{"day":6,"utc":"06:08:00","flight":"AZ766"},{"day":6,"utc":"13:15:00","flight":"AZ148"},{"day":6,"utc":"21:09:00","flight":"AZ426"}],"distance":6739.006531318543}