{"id":57373,"type":"route","airline":"UA","airlineid":"airline_5209","sourceairport":"ORD","destinationairport":"SAT","stops":0,"equipment":"CR7 E70","schedule":[{"day":0,"utc":"10:08:00","flight":"UA434"},{"day":0,"utc":"18:36:00","flight":"UA798"},{"day":0,"utc":"05:47:00","flight":"UA955"},{"day":0,"utc":"06:45:00","flight":"UA388"},{"day":0,"utc":"07:30:00","flight":"UA816"},{"day":1,"utc":"00:17:00","flight":"UA257"},{"day":1,"utc":"07:01:00","flight":"UA339"},{"day":2,"utc":"11:05:00","flight":"UA761"},{"day":2,"utc":"02:59:00","flight":"UA894"},{"day":3,"utc":"11:47:00","flight":"UA114"},{"day":4,"utc":"21:48:00","flight":"UA259"},{"day":4,"utc":"16:27:00","flight":"UA446"},{"day":4,"utc":"16:04:00","flight":"UA293"},{"day":5,"utc":"16:36:00","flight":"UA901"},{"day":6,"utc":"23:06:00","flight":"UA184"},{"day":6,"utc":"20:03:00","flight":"UA611"}],"distance":1677.4218171052523}