{"title":"Wikimania 2014 London Guidebook","name":"Apulia","alt":null,"address":"50 Long Lane, EC1A 9EJ","directions":null,"phone":"+44 20 7600-8107","tollfree":null,"email":null,"url":"http://www.apuliarestaurant.co.uk/","hours":"M–F 12:00–14:45 / 18:00–22:30; Sa 18:00–22:30; Su closed","image":null,"price":null,"content":"Italian restaurant.","geo":{"lat":51.519,"lon":-0.1004,"accuracy":"APPROXIMATE"},"activity":"eat","type":"landmark","id":37156,"country":"United Kingdom","city":"London","state":null}