{"title":"San Diego/Mission Beach-Pacific Beach","name":"Sea World","alt":null,"address":"500 SeaWorld Drive","directions":null,"phone":null,"tollfree":"+1-800-257-4268","email":null,"url":"http://www.seaworld.com/sandiego/","hours":null,"image":null,"price":"$79 adults, $71 children under age 10, free for children under age 3 (''parking $10 for cars, $15 for RVs and campers, and $6 for motorcycles'')","content":"Hours vary by season and day of week; typically 10AM-5PM in winter, 9AM-11PM in summer. A massive (200 acres) marine animal theme park with rides, lots of sea animals (dolphins, sea otters, arctic creatures, sharks, penguins, rays, manatees, etc.) and of course, shows of killer whales like Shamu.","geo":{"lat":32.76555,"lon":-117.2264,"accuracy":"APPROXIMATE"},"activity":"see","type":"landmark","id":25215,"country":"United States","city":"San Diego","state":"California"}