{"id":51474,"type":"route","airline":"SV","airlineid":"airline_4533","sourceairport":"LHR","destinationairport":"RUH","stops":0,"equipment":"777","schedule":[{"day":0,"utc":"14:48:00","flight":"SV197"},{"day":1,"utc":"01:46:00","flight":"SV861"},{"day":2,"utc":"01:35:00","flight":"SV768"},{"day":2,"utc":"20:55:00","flight":"SV610"},{"day":2,"utc":"15:18:00","flight":"SV648"},{"day":3,"utc":"06:33:00","flight":"SV604"},{"day":3,"utc":"23:25:00","flight":"SV411"},{"day":3,"utc":"14:22:00","flight":"SV847"},{"day":3,"utc":"11:10:00","flight":"SV980"},{"day":3,"utc":"17:08:00","flight":"SV932"},{"day":4,"utc":"11:01:00","flight":"SV944"},{"day":4,"utc":"18:08:00","flight":"SV032"},{"day":5,"utc":"09:34:00","flight":"SV473"},{"day":5,"utc":"23:59:00","flight":"SV209"},{"day":6,"utc":"23:34:00","flight":"SV659"},{"day":6,"utc":"20:24:00","flight":"SV340"}],"distance":4940.811105804413}