{"id":60112,"type":"route","airline":"US","airlineid":"airline_5265","sourceairport":"PHL","destinationairport":"SBY","stops":0,"equipment":"DH8","schedule":[{"day":0,"utc":"04:02:00","flight":"US269"},{"day":0,"utc":"23:59:00","flight":"US046"},{"day":0,"utc":"04:52:00","flight":"US220"},{"day":0,"utc":"21:27:00","flight":"US335"},{"day":1,"utc":"17:44:00","flight":"US591"},{"day":1,"utc":"06:40:00","flight":"US430"},{"day":1,"utc":"15:12:00","flight":"US946"},{"day":2,"utc":"06:20:00","flight":"US916"},{"day":2,"utc":"10:51:00","flight":"US573"},{"day":2,"utc":"08:57:00","flight":"US934"},{"day":2,"utc":"08:31:00","flight":"US132"},{"day":3,"utc":"10:00:00","flight":"US565"},{"day":3,"utc":"23:32:00","flight":"US090"},{"day":3,"utc":"10:33:00","flight":"US889"},{"day":3,"utc":"16:07:00","flight":"US106"},{"day":4,"utc":"10:09:00","flight":"US460"},{"day":5,"utc":"06:33:00","flight":"US506"},{"day":5,"utc":"23:04:00","flight":"US570"},{"day":5,"utc":"19:15:00","flight":"US131"},{"day":5,"utc":"17:22:00","flight":"US274"},{"day":5,"utc":"17:23:00","flight":"US864"},{"day":6,"utc":"20:01:00","flight":"US344"},{"day":6,"utc":"08:22:00","flight":"US781"},{"day":6,"utc":"17:10:00","flight":"US307"},{"day":6,"utc":"22:31:00","flight":"US400"},{"day":6,"utc":"06:47:00","flight":"US370"}],"distance":171.862057935218}