{"id":280,"type":"route","airline":"3F","airlineid":"airline_16262","sourceairport":"KTN","destinationairport":"KTB","stops":0,"equipment":"DHP","schedule":[{"day":0,"utc":"08:11:00","flight":"3F261"},{"day":0,"utc":"16:03:00","flight":"3F796"},{"day":0,"utc":"12:36:00","flight":"3F686"},{"day":0,"utc":"12:30:00","flight":"3F885"},{"day":0,"utc":"19:30:00","flight":"3F846"},{"day":1,"utc":"19:28:00","flight":"3F342"},{"day":2,"utc":"05:04:00","flight":"3F606"},{"day":2,"utc":"22:08:00","flight":"3F828"},{"day":2,"utc":"03:08:00","flight":"3F732"},{"day":2,"utc":"08:22:00","flight":"3F502"},{"day":2,"utc":"19:26:00","flight":"3F527"},{"day":3,"utc":"00:05:00","flight":"3F206"},{"day":3,"utc":"17:25:00","flight":"3F172"},{"day":3,"utc":"17:59:00","flight":"3F990"},{"day":4,"utc":"10:17:00","flight":"3F409"},{"day":4,"utc":"13:44:00","flight":"3F127"},{"day":5,"utc":"20:42:00","flight":"3F759"},{"day":5,"utc":"01:11:00","flight":"3F717"},{"day":5,"utc":"07:00:00","flight":"3F097"},{"day":6,"utc":"13:27:00","flight":"3F944"},{"day":6,"utc":"11:46:00","flight":"3F040"},{"day":6,"utc":"19:31:00","flight":"3F957"}],"distance":63.640308584677314}