{"id":281,"type":"route","airline":"3F","airlineid":"airline_16262","sourceairport":"KTN","destinationairport":"MTM","stops":0,"equipment":"DHP","schedule":[{"day":0,"utc":"08:35:00","flight":"3F294"},{"day":1,"utc":"06:01:00","flight":"3F044"},{"day":1,"utc":"00:12:00","flight":"3F787"},{"day":1,"utc":"21:42:00","flight":"3F576"},{"day":1,"utc":"06:54:00","flight":"3F574"},{"day":1,"utc":"12:57:00","flight":"3F059"},{"day":2,"utc":"02:28:00","flight":"3F235"},{"day":2,"utc":"14:52:00","flight":"3F505"},{"day":3,"utc":"21:38:00","flight":"3F235"},{"day":3,"utc":"16:04:00","flight":"3F448"},{"day":3,"utc":"12:09:00","flight":"3F235"},{"day":3,"utc":"13:44:00","flight":"3F664"},{"day":3,"utc":"14:35:00","flight":"3F423"},{"day":4,"utc":"00:52:00","flight":"3F163"},{"day":4,"utc":"18:56:00","flight":"3F075"},{"day":4,"utc":"12:18:00","flight":"3F605"},{"day":5,"utc":"13:44:00","flight":"3F441"},{"day":6,"utc":"20:43:00","flight":"3F468"},{"day":6,"utc":"23:04:00","flight":"3F500"},{"day":6,"utc":"18:43:00","flight":"3F153"}],"distance":26.397914084363418}