{"id":12016,"type":"route","airline":"AS","airlineid":"airline_439","sourceairport":"SMF","destinationairport":"PDX","stops":0,"equipment":"DH4","schedule":[{"day":0,"utc":"07:45:00","flight":"AS396"},{"day":0,"utc":"14:12:00","flight":"AS519"},{"day":0,"utc":"07:02:00","flight":"AS566"},{"day":1,"utc":"20:49:00","flight":"AS144"},{"day":2,"utc":"21:10:00","flight":"AS474"},{"day":2,"utc":"13:32:00","flight":"AS973"},{"day":2,"utc":"04:05:00","flight":"AS886"},{"day":2,"utc":"01:47:00","flight":"AS400"},{"day":2,"utc":"09:55:00","flight":"AS047"},{"day":3,"utc":"22:09:00","flight":"AS995"},{"day":3,"utc":"15:54:00","flight":"AS723"},{"day":3,"utc":"21:16:00","flight":"AS659"},{"day":3,"utc":"02:28:00","flight":"AS401"},{"day":3,"utc":"03:06:00","flight":"AS629"},{"day":4,"utc":"16:23:00","flight":"AS754"},{"day":4,"utc":"01:28:00","flight":"AS376"},{"day":4,"utc":"11:38:00","flight":"AS482"},{"day":4,"utc":"02:17:00","flight":"AS800"},{"day":4,"utc":"12:03:00","flight":"AS515"},{"day":5,"utc":"00:37:00","flight":"AS369"},{"day":5,"utc":"12:59:00","flight":"AS405"},{"day":5,"utc":"07:29:00","flight":"AS503"},{"day":5,"utc":"17:28:00","flight":"AS268"},{"day":5,"utc":"12:02:00","flight":"AS027"},{"day":6,"utc":"01:20:00","flight":"AS555"},{"day":6,"utc":"21:33:00","flight":"AS143"},{"day":6,"utc":"19:08:00","flight":"AS424"},{"day":6,"utc":"17:45:00","flight":"AS205"},{"day":6,"utc":"05:22:00","flight":"AS643"}],"distance":770.9629165044643}