{"id":60283,"type":"route","airline":"US","airlineid":"airline_5265","sourceairport":"ROC","destinationairport":"BOS","stops":0,"equipment":"CRJ","schedule":[{"day":0,"utc":"17:09:00","flight":"US747"},{"day":0,"utc":"16:35:00","flight":"US322"},{"day":1,"utc":"07:25:00","flight":"US300"},{"day":1,"utc":"23:38:00","flight":"US808"},{"day":1,"utc":"07:40:00","flight":"US378"},{"day":2,"utc":"06:17:00","flight":"US805"},{"day":3,"utc":"11:21:00","flight":"US836"},{"day":3,"utc":"16:55:00","flight":"US851"},{"day":3,"utc":"15:18:00","flight":"US144"},{"day":3,"utc":"14:19:00","flight":"US699"},{"day":4,"utc":"17:53:00","flight":"US681"},{"day":4,"utc":"08:42:00","flight":"US819"},{"day":4,"utc":"00:16:00","flight":"US428"},{"day":4,"utc":"10:55:00","flight":"US132"},{"day":4,"utc":"10:22:00","flight":"US002"},{"day":5,"utc":"22:18:00","flight":"US589"},{"day":5,"utc":"01:20:00","flight":"US766"},{"day":5,"utc":"21:29:00","flight":"US810"},{"day":5,"utc":"05:52:00","flight":"US129"},{"day":5,"utc":"11:28:00","flight":"US646"},{"day":6,"utc":"01:14:00","flight":"US268"},{"day":6,"utc":"11:39:00","flight":"US942"},{"day":6,"utc":"05:27:00","flight":"US433"}],"distance":550.7431835201866}