{"id":58985,"type":"route","airline":"US","airlineid":"airline_5265","sourceairport":"DCA","destinationairport":"PHX","stops":0,"equipment":"320 752","schedule":[{"day":0,"utc":"19:33:00","flight":"US510"},{"day":0,"utc":"11:56:00","flight":"US533"},{"day":0,"utc":"22:22:00","flight":"US489"},{"day":1,"utc":"21:06:00","flight":"US462"},{"day":2,"utc":"16:40:00","flight":"US171"},{"day":3,"utc":"12:49:00","flight":"US252"},{"day":4,"utc":"18:53:00","flight":"US071"},{"day":4,"utc":"00:33:00","flight":"US527"},{"day":5,"utc":"07:48:00","flight":"US705"},{"day":5,"utc":"16:34:00","flight":"US565"},{"day":6,"utc":"07:01:00","flight":"US130"},{"day":6,"utc":"20:10:00","flight":"US208"},{"day":6,"utc":"17:04:00","flight":"US391"}],"distance":3177.681296134936}