{"id":57689,"type":"route","airline":"UA","airlineid":"airline_5209","sourceairport":"SFO","destinationairport":"RDD","stops":0,"equipment":"EM2","schedule":[{"day":0,"utc":"19:07:00","flight":"UA934"},{"day":0,"utc":"06:44:00","flight":"UA064"},{"day":0,"utc":"18:30:00","flight":"UA353"},{"day":1,"utc":"07:47:00","flight":"UA077"},{"day":1,"utc":"05:45:00","flight":"UA977"},{"day":1,"utc":"04:31:00","flight":"UA758"},{"day":1,"utc":"21:29:00","flight":"UA374"},{"day":1,"utc":"03:40:00","flight":"UA679"},{"day":2,"utc":"02:25:00","flight":"UA314"},{"day":2,"utc":"03:31:00","flight":"UA867"},{"day":2,"utc":"09:32:00","flight":"UA169"},{"day":2,"utc":"04:49:00","flight":"UA440"},{"day":3,"utc":"02:00:00","flight":"UA381"},{"day":3,"utc":"22:13:00","flight":"UA072"},{"day":4,"utc":"20:36:00","flight":"UA837"},{"day":4,"utc":"01:45:00","flight":"UA718"},{"day":5,"utc":"18:31:00","flight":"UA531"},{"day":5,"utc":"10:56:00","flight":"UA236"},{"day":6,"utc":"15:28:00","flight":"UA217"},{"day":6,"utc":"14:12:00","flight":"UA303"},{"day":6,"utc":"23:30:00","flight":"UA866"}],"distance":321.43342841350807}