{"id":1065,"type":"route","airline":"4M","airlineid":"airline_3201","sourceairport":"JFK","destinationairport":"EZE","stops":0,"equipment":"777","schedule":[{"day":0,"utc":"14:13:00","flight":"4M762"},{"day":1,"utc":"00:15:00","flight":"4M986"},{"day":1,"utc":"13:58:00","flight":"4M977"},{"day":2,"utc":"22:50:00","flight":"4M856"},{"day":2,"utc":"00:03:00","flight":"4M745"},{"day":2,"utc":"08:34:00","flight":"4M210"},{"day":2,"utc":"16:05:00","flight":"4M778"},{"day":2,"utc":"19:52:00","flight":"4M162"},{"day":3,"utc":"02:23:00","flight":"4M107"},{"day":3,"utc":"18:04:00","flight":"4M332"},{"day":3,"utc":"02:36:00","flight":"4M965"},{"day":3,"utc":"12:55:00","flight":"4M814"},{"day":4,"utc":"11:45:00","flight":"4M965"},{"day":4,"utc":"11:31:00","flight":"4M667"},{"day":4,"utc":"04:04:00","flight":"4M808"},{"day":4,"utc":"14:07:00","flight":"4M025"},{"day":5,"utc":"16:12:00","flight":"4M349"},{"day":6,"utc":"02:40:00","flight":"4M635"},{"day":6,"utc":"04:33:00","flight":"4M406"}],"distance":8534.821828826052}