{"id":20075,"type":"route","airline":"DL","airlineid":"airline_2009","sourceairport":"ATL","destinationairport":"BNA","stops":0,"equipment":"M88 738 319 320 73H 717","schedule":[{"day":0,"utc":"23:05:00","flight":"DL243"},{"day":0,"utc":"14:25:00","flight":"DL445"},{"day":0,"utc":"08:26:00","flight":"DL692"},{"day":0,"utc":"00:42:00","flight":"DL923"},{"day":1,"utc":"01:00:00","flight":"DL087"},{"day":1,"utc":"00:28:00","flight":"DL023"},{"day":1,"utc":"08:18:00","flight":"DL892"},{"day":1,"utc":"11:24:00","flight":"DL249"},{"day":1,"utc":"16:20:00","flight":"DL337"},{"day":2,"utc":"06:38:00","flight":"DL052"},{"day":3,"utc":"18:36:00","flight":"DL902"},{"day":3,"utc":"13:21:00","flight":"DL579"},{"day":3,"utc":"06:10:00","flight":"DL380"},{"day":4,"utc":"22:54:00","flight":"DL059"},{"day":5,"utc":"08:07:00","flight":"DL781"},{"day":5,"utc":"00:48:00","flight":"DL642"},{"day":6,"utc":"12:37:00","flight":"DL822"},{"day":6,"utc":"01:28:00","flight":"DL738"},{"day":6,"utc":"04:47:00","flight":"DL750"},{"day":6,"utc":"11:19:00","flight":"DL727"}],"distance":344.4303993363696}