{"id":15157,"type":"route","airline":"BE","airlineid":"airline_2421","sourceairport":"GLA","destinationairport":"EXT","stops":0,"equipment":"DH4","schedule":[{"day":0,"utc":"15:07:00","flight":"BE133"},{"day":0,"utc":"06:09:00","flight":"BE382"},{"day":0,"utc":"14:18:00","flight":"BE397"},{"day":1,"utc":"07:51:00","flight":"BE767"},{"day":1,"utc":"22:44:00","flight":"BE594"},{"day":1,"utc":"08:21:00","flight":"BE633"},{"day":2,"utc":"00:39:00","flight":"BE399"},{"day":2,"utc":"17:06:00","flight":"BE474"},{"day":2,"utc":"23:04:00","flight":"BE310"},{"day":2,"utc":"01:10:00","flight":"BE430"},{"day":2,"utc":"22:00:00","flight":"BE345"},{"day":3,"utc":"00:14:00","flight":"BE465"},{"day":4,"utc":"04:21:00","flight":"BE307"},{"day":5,"utc":"20:16:00","flight":"BE068"},{"day":5,"utc":"12:38:00","flight":"BE795"},{"day":5,"utc":"07:00:00","flight":"BE876"},{"day":5,"utc":"09:20:00","flight":"BE538"},{"day":5,"utc":"03:55:00","flight":"BE420"},{"day":6,"utc":"00:28:00","flight":"BE382"},{"day":6,"utc":"01:00:00","flight":"BE107"}],"distance":575.2468434062761}