{"id":25277,"type":"route","airline":"FL","airlineid":"airline_1316","sourceairport":"MDW","destinationairport":"OKC","stops":0,"equipment":"73W","schedule":[{"day":0,"utc":"14:45:00","flight":"FL639"},{"day":1,"utc":"19:15:00","flight":"FL305"},{"day":1,"utc":"17:37:00","flight":"FL741"},{"day":1,"utc":"22:35:00","flight":"FL783"},{"day":1,"utc":"06:17:00","flight":"FL741"},{"day":2,"utc":"08:54:00","flight":"FL949"},{"day":2,"utc":"15:45:00","flight":"FL438"},{"day":2,"utc":"10:54:00","flight":"FL644"},{"day":2,"utc":"02:53:00","flight":"FL361"},{"day":2,"utc":"09:46:00","flight":"FL124"},{"day":3,"utc":"04:11:00","flight":"FL524"},{"day":3,"utc":"11:17:00","flight":"FL310"},{"day":4,"utc":"02:11:00","flight":"FL259"},{"day":5,"utc":"02:17:00","flight":"FL521"},{"day":5,"utc":"09:01:00","flight":"FL482"},{"day":6,"utc":"19:34:00","flight":"FL179"}],"distance":1111.3314437968957}