{"id":42608,"type":"route","airline":"MW","airlineid":"airline_3437","sourceairport":"KOA","destinationairport":"OGG","stops":0,"equipment":"CNA","schedule":[{"day":0,"utc":"16:03:00","flight":"MW257"},{"day":0,"utc":"06:06:00","flight":"MW770"},{"day":0,"utc":"06:09:00","flight":"MW431"},{"day":0,"utc":"09:52:00","flight":"MW738"},{"day":0,"utc":"09:25:00","flight":"MW975"},{"day":1,"utc":"11:14:00","flight":"MW302"},{"day":1,"utc":"04:25:00","flight":"MW758"},{"day":2,"utc":"01:04:00","flight":"MW229"},{"day":2,"utc":"18:57:00","flight":"MW133"},{"day":2,"utc":"22:12:00","flight":"MW725"},{"day":2,"utc":"13:13:00","flight":"MW481"},{"day":3,"utc":"19:36:00","flight":"MW564"},{"day":3,"utc":"04:32:00","flight":"MW665"},{"day":4,"utc":"03:14:00","flight":"MW963"},{"day":4,"utc":"15:53:00","flight":"MW164"},{"day":4,"utc":"16:10:00","flight":"MW585"},{"day":4,"utc":"11:16:00","flight":"MW380"},{"day":5,"utc":"21:26:00","flight":"MW723"},{"day":5,"utc":"12:46:00","flight":"MW617"},{"day":5,"utc":"06:58:00","flight":"MW215"},{"day":5,"utc":"23:02:00","flight":"MW700"},{"day":6,"utc":"02:22:00","flight":"MW748"},{"day":6,"utc":"01:05:00","flight":"MW578"},{"day":6,"utc":"16:10:00","flight":"MW836"}],"distance":135.07129278803527}