{"id":9006,"type":"route","airline":"AF","airlineid":"airline_137","sourceairport":"AMS","destinationairport":"NTE","stops":0,"equipment":"ER4","schedule":[{"day":0,"utc":"08:42:00","flight":"AF602"},{"day":0,"utc":"18:51:00","flight":"AF045"},{"day":0,"utc":"03:53:00","flight":"AF265"},{"day":0,"utc":"12:40:00","flight":"AF117"},{"day":1,"utc":"15:18:00","flight":"AF297"},{"day":1,"utc":"05:25:00","flight":"AF291"},{"day":2,"utc":"17:52:00","flight":"AF305"},{"day":2,"utc":"09:08:00","flight":"AF983"},{"day":2,"utc":"20:32:00","flight":"AF127"},{"day":3,"utc":"04:44:00","flight":"AF903"},{"day":3,"utc":"12:24:00","flight":"AF226"},{"day":4,"utc":"06:35:00","flight":"AF750"},{"day":4,"utc":"15:23:00","flight":"AF060"},{"day":5,"utc":"00:40:00","flight":"AF605"},{"day":5,"utc":"18:22:00","flight":"AF507"},{"day":6,"utc":"14:34:00","flight":"AF335"},{"day":6,"utc":"19:57:00","flight":"AF246"}],"distance":733.2682625511252}