{"id":25298,"type":"route","airline":"FL","airlineid":"airline_1316","sourceairport":"MDW","destinationairport":"STL","stops":0,"equipment":"73W 73C","schedule":[{"day":0,"utc":"09:51:00","flight":"FL164"},{"day":0,"utc":"22:37:00","flight":"FL558"},{"day":0,"utc":"20:13:00","flight":"FL825"},{"day":1,"utc":"06:59:00","flight":"FL328"},{"day":1,"utc":"19:21:00","flight":"FL022"},{"day":2,"utc":"03:38:00","flight":"FL175"},{"day":2,"utc":"20:42:00","flight":"FL060"},{"day":3,"utc":"03:03:00","flight":"FL121"},{"day":3,"utc":"13:23:00","flight":"FL274"},{"day":3,"utc":"03:32:00","flight":"FL641"},{"day":4,"utc":"21:17:00","flight":"FL865"},{"day":4,"utc":"07:58:00","flight":"FL319"},{"day":4,"utc":"12:29:00","flight":"FL302"},{"day":4,"utc":"06:33:00","flight":"FL352"},{"day":5,"utc":"08:39:00","flight":"FL959"},{"day":5,"utc":"11:48:00","flight":"FL723"},{"day":6,"utc":"09:34:00","flight":"FL628"}],"distance":404.16176745828994}