{"title":"Gillingham (Kent)","name":"Royal Engineers Museum","alt":null,"address":"Prince Arthur Road, ME4 4UG","directions":null,"phone":"+44 1634 822839","tollfree":null,"email":null,"url":"http://www.remuseum.org.uk","hours":"Tues - Fri 9.00am to 5.00pm, Sat - Sun 11.30am - 5.00pm","image":null,"price":null,"content":"Adult - £6.99 for an Adult ticket that allows you to come back for further visits within a year (children's and concessionary tickets also available). Museum on military engineering and the history of the British Empire. A quite extensive collection that takes about half a day to see. Of most interest to fans of British and military history or civil engineering. The outside collection of tank mounted bridges etc can be seen for free. There is also an extensive series of themed special event weekends, admission to which is included in the cost of the annual ticket.","geo":{"lat":51.39184,"lon":0.53616,"accuracy":"RANGE_INTERPOLATED"},"activity":"see","type":"landmark","id":10019,"country":"United Kingdom","city":"Gillingham","state":null}