{"title":"Birmingham (England)","name":"The Mailbox","alt":null,"address":null,"directions":null,"phone":null,"tollfree":null,"email":null,"url":"http://www.mailboxlife.com/","hours":null,"image":null,"price":null,"content":"Home to the region's only Harvey Nichols, as well as many other designer boutiques.|lat=52.47617 | long=-1.90457","geo":{"lat":52.47617,"lon":-1.90457,"accuracy":"ROOFTOP"},"activity":"buy","type":"landmark","id":3554,"country":"United Kingdom","city":"Birmingham","state":null}