{"id":13200,"type":"route","airline":"AZ","airlineid":"airline_596","sourceairport":"CFE","destinationairport":"CDG","stops":0,"equipment":"E70 E90","schedule":[{"day":0,"utc":"19:23:00","flight":"AZ216"},{"day":0,"utc":"15:47:00","flight":"AZ795"},{"day":0,"utc":"16:04:00","flight":"AZ511"},{"day":0,"utc":"06:20:00","flight":"AZ924"},{"day":1,"utc":"17:38:00","flight":"AZ314"},{"day":1,"utc":"02:49:00","flight":"AZ014"},{"day":1,"utc":"06:04:00","flight":"AZ237"},{"day":1,"utc":"16:05:00","flight":"AZ043"},{"day":1,"utc":"23:21:00","flight":"AZ075"},{"day":2,"utc":"05:40:00","flight":"AZ468"},{"day":2,"utc":"12:15:00","flight":"AZ392"},{"day":2,"utc":"20:43:00","flight":"AZ671"},{"day":2,"utc":"06:12:00","flight":"AZ968"},{"day":2,"utc":"10:51:00","flight":"AZ815"},{"day":3,"utc":"15:10:00","flight":"AZ706"},{"day":3,"utc":"14:55:00","flight":"AZ150"},{"day":3,"utc":"02:59:00","flight":"AZ061"},{"day":3,"utc":"03:34:00","flight":"AZ241"},{"day":3,"utc":"18:53:00","flight":"AZ010"},{"day":4,"utc":"13:52:00","flight":"AZ241"},{"day":4,"utc":"02:53:00","flight":"AZ436"},{"day":4,"utc":"17:25:00","flight":"AZ203"},{"day":4,"utc":"17:17:00","flight":"AZ032"},{"day":5,"utc":"21:28:00","flight":"AZ203"},{"day":5,"utc":"07:13:00","flight":"AZ879"},{"day":5,"utc":"10:43:00","flight":"AZ747"},{"day":6,"utc":"07:39:00","flight":"AZ865"},{"day":6,"utc":"22:53:00","flight":"AZ391"}],"distance":361.7386907998179}