{"id":57236,"type":"route","airline":"UA","airlineid":"airline_5209","sourceairport":"OGG","destinationairport":"SFO","stops":0,"equipment":"753 738","schedule":[{"day":0,"utc":"23:28:00","flight":"UA870"},{"day":0,"utc":"12:52:00","flight":"UA034"},{"day":0,"utc":"18:23:00","flight":"UA563"},{"day":0,"utc":"06:27:00","flight":"UA832"},{"day":1,"utc":"08:07:00","flight":"UA008"},{"day":1,"utc":"09:32:00","flight":"UA026"},{"day":1,"utc":"17:44:00","flight":"UA711"},{"day":1,"utc":"22:49:00","flight":"UA471"},{"day":1,"utc":"00:21:00","flight":"UA597"},{"day":2,"utc":"01:19:00","flight":"UA963"},{"day":2,"utc":"19:50:00","flight":"UA477"},{"day":2,"utc":"07:34:00","flight":"UA431"},{"day":3,"utc":"14:23:00","flight":"UA935"},{"day":3,"utc":"17:06:00","flight":"UA399"},{"day":3,"utc":"16:18:00","flight":"UA611"},{"day":3,"utc":"10:14:00","flight":"UA243"},{"day":4,"utc":"11:05:00","flight":"UA082"},{"day":4,"utc":"07:49:00","flight":"UA441"},{"day":4,"utc":"16:41:00","flight":"UA945"},{"day":5,"utc":"08:43:00","flight":"UA404"},{"day":5,"utc":"00:21:00","flight":"UA662"},{"day":5,"utc":"15:11:00","flight":"UA065"},{"day":5,"utc":"19:21:00","flight":"UA076"},{"day":5,"utc":"17:20:00","flight":"UA972"},{"day":6,"utc":"18:19:00","flight":"UA772"},{"day":6,"utc":"23:50:00","flight":"UA020"},{"day":6,"utc":"22:24:00","flight":"UA165"},{"day":6,"utc":"09:22:00","flight":"UA460"},{"day":6,"utc":"02:07:00","flight":"UA934"}],"distance":3760.3816022295546}