{"id":59802,"type":"route","airline":"US","airlineid":"airline_5265","sourceairport":"MOB","destinationairport":"DFW","stops":0,"equipment":"ER4","schedule":[{"day":0,"utc":"08:41:00","flight":"US508"},{"day":0,"utc":"01:28:00","flight":"US347"},{"day":0,"utc":"08:25:00","flight":"US945"},{"day":0,"utc":"15:09:00","flight":"US138"},{"day":0,"utc":"07:26:00","flight":"US402"},{"day":1,"utc":"00:05:00","flight":"US722"},{"day":1,"utc":"06:58:00","flight":"US166"},{"day":1,"utc":"12:02:00","flight":"US187"},{"day":1,"utc":"11:11:00","flight":"US025"},{"day":1,"utc":"23:09:00","flight":"US331"},{"day":2,"utc":"01:51:00","flight":"US453"},{"day":2,"utc":"19:49:00","flight":"US314"},{"day":2,"utc":"07:49:00","flight":"US316"},{"day":2,"utc":"10:11:00","flight":"US465"},{"day":2,"utc":"03:17:00","flight":"US684"},{"day":3,"utc":"17:41:00","flight":"US733"},{"day":3,"utc":"14:03:00","flight":"US820"},{"day":3,"utc":"18:11:00","flight":"US277"},{"day":4,"utc":"10:38:00","flight":"US219"},{"day":4,"utc":"15:55:00","flight":"US881"},{"day":5,"utc":"06:18:00","flight":"US974"},{"day":6,"utc":"05:04:00","flight":"US226"}],"distance":866.333105420319}