{"id":24348,"type":"route","airline":"F9","airlineid":"airline_2468","sourceairport":"DCA","destinationairport":"DEN","stops":0,"equipment":"320 319","schedule":[{"day":0,"utc":"10:36:00","flight":"F9381"},{"day":0,"utc":"03:01:00","flight":"F9453"},{"day":0,"utc":"00:00:00","flight":"F9184"},{"day":0,"utc":"14:09:00","flight":"F9410"},{"day":0,"utc":"07:29:00","flight":"F9356"},{"day":1,"utc":"18:56:00","flight":"F9310"},{"day":1,"utc":"20:08:00","flight":"F9474"},{"day":1,"utc":"21:27:00","flight":"F9726"},{"day":1,"utc":"19:33:00","flight":"F9257"},{"day":2,"utc":"10:52:00","flight":"F9085"},{"day":2,"utc":"18:11:00","flight":"F9077"},{"day":2,"utc":"03:17:00","flight":"F9598"},{"day":3,"utc":"16:52:00","flight":"F9952"},{"day":3,"utc":"00:16:00","flight":"F9356"},{"day":3,"utc":"00:53:00","flight":"F9498"},{"day":3,"utc":"21:12:00","flight":"F9585"},{"day":3,"utc":"10:04:00","flight":"F9046"},{"day":4,"utc":"05:53:00","flight":"F9229"},{"day":4,"utc":"04:54:00","flight":"F9590"},{"day":4,"utc":"21:30:00","flight":"F9316"},{"day":5,"utc":"17:52:00","flight":"F9451"},{"day":5,"utc":"22:49:00","flight":"F9570"},{"day":5,"utc":"12:33:00","flight":"F9180"},{"day":5,"utc":"23:25:00","flight":"F9871"},{"day":5,"utc":"13:41:00","flight":"F9350"},{"day":6,"utc":"03:00:00","flight":"F9238"},{"day":6,"utc":"21:05:00","flight":"F9798"}],"distance":2369.2047500327294}