{"title":"Avignon","name":"Food Market","alt":null,"address":"Les Halles d'Avignon, place Pie","directions":null,"phone":null,"tollfree":null,"email":null,"url":null,"hours":"Every morning except Monday","image":"https://en.wikivoyage.org/wiki/File:Les Halles vues de la place Pie d'Avignon.jpg","price":null,"content":"Local specialties like olive oil, tapenade, local wines, cheeses, and pastries can be found at the market along with fresh local produce.  Cooking classes are available on Saturday mornings.","geo":{"lat":43.94780235692111,"lon":4.810338020652125,"accuracy":"APPROXIMATE"},"activity":"buy","type":"landmark","id":1351,"country":"France","city":"Avignon","state":"Provence-Alpes-Côte d'Azur","image_direct_url":""}