{"id":14438,"type":"route","airline":"BA","airlineid":"airline_1355","sourceairport":"BKK","destinationairport":"HKT","stops":0,"equipment":"320","schedule":[{"day":0,"utc":"04:49:00","flight":"BA678"},{"day":0,"utc":"08:30:00","flight":"BA606"},{"day":0,"utc":"07:42:00","flight":"BA263"},{"day":0,"utc":"07:33:00","flight":"BA481"},{"day":1,"utc":"20:46:00","flight":"BA585"},{"day":1,"utc":"03:22:00","flight":"BA560"},{"day":1,"utc":"08:01:00","flight":"BA975"},{"day":1,"utc":"07:55:00","flight":"BA572"},{"day":1,"utc":"22:46:00","flight":"BA268"},{"day":2,"utc":"08:04:00","flight":"BA779"},{"day":2,"utc":"06:08:00","flight":"BA338"},{"day":2,"utc":"17:25:00","flight":"BA127"},{"day":3,"utc":"08:17:00","flight":"BA204"},{"day":3,"utc":"09:58:00","flight":"BA102"},{"day":3,"utc":"10:31:00","flight":"BA483"},{"day":4,"utc":"11:00:00","flight":"BA342"},{"day":5,"utc":"00:20:00","flight":"BA433"},{"day":6,"utc":"02:54:00","flight":"BA495"},{"day":6,"utc":"11:47:00","flight":"BA038"},{"day":6,"utc":"12:46:00","flight":"BA470"},{"day":6,"utc":"21:46:00","flight":"BA311"},{"day":6,"utc":"02:53:00","flight":"BA397"}],"distance":673.554766825004}