{"id":53449,"type":"route","airline":"TO","airlineid":"airline_8745","sourceairport":"TFS","destinationairport":"BRS","stops":0,"equipment":"75W","schedule":[{"day":0,"utc":"11:18:00","flight":"TO030"},{"day":0,"utc":"08:46:00","flight":"TO224"},{"day":1,"utc":"13:34:00","flight":"TO136"},{"day":1,"utc":"21:20:00","flight":"TO056"},{"day":2,"utc":"16:02:00","flight":"TO948"},{"day":2,"utc":"22:57:00","flight":"TO164"},{"day":3,"utc":"07:45:00","flight":"TO910"},{"day":3,"utc":"12:55:00","flight":"TO560"},{"day":3,"utc":"09:30:00","flight":"TO566"},{"day":4,"utc":"07:00:00","flight":"TO544"},{"day":4,"utc":"17:21:00","flight":"TO919"},{"day":4,"utc":"21:52:00","flight":"TO835"},{"day":4,"utc":"04:50:00","flight":"TO879"},{"day":4,"utc":"18:29:00","flight":"TO159"},{"day":5,"utc":"15:08:00","flight":"TO673"},{"day":5,"utc":"18:29:00","flight":"TO022"},{"day":5,"utc":"01:47:00","flight":"TO308"},{"day":6,"utc":"10:57:00","flight":"TO866"},{"day":6,"utc":"18:07:00","flight":"TO568"}],"distance":2841.7638457470534}