{"title":"London/City of London","name":"St Mary le Bow","alt":null,"address":"1 Bow Lane, EC4M 9EE","directions":"tube: Mansion House","phone":"+44 20 7248 5139","tollfree":null,"email":null,"url":"http://www.stmarylebow.co.uk/","hours":null,"image":"https://en.wikivoyage.org/wiki/File:St Mary-Le-Bow 01.jpg","price":null,"content":"| image=St Mary-Le-Bow 01.jpg","geo":{"lat":51.5137,"lon":-0.0936,"accuracy":"RANGE_INTERPOLATED"},"activity":"see","type":"landmark","id":16060,"country":"United Kingdom","city":"London","state":null,"image_direct_url":"https://upload.wikimedia.org/wikipedia/commons/4/4b/St_Mary-Le-Bow_01.jpg"}