{"id":20472,"type":"route","airline":"DL","airlineid":"airline_2009","sourceairport":"CUN","destinationairport":"IND","stops":0,"equipment":"320","schedule":[{"day":0,"utc":"05:40:00","flight":"DL146"},{"day":0,"utc":"20:16:00","flight":"DL267"},{"day":1,"utc":"07:19:00","flight":"DL878"},{"day":2,"utc":"15:30:00","flight":"DL092"},{"day":2,"utc":"12:35:00","flight":"DL347"},{"day":2,"utc":"17:49:00","flight":"DL773"},{"day":3,"utc":"22:34:00","flight":"DL754"},{"day":3,"utc":"11:36:00","flight":"DL917"},{"day":4,"utc":"19:09:00","flight":"DL251"},{"day":5,"utc":"22:43:00","flight":"DL581"},{"day":5,"utc":"02:08:00","flight":"DL881"},{"day":5,"utc":"02:31:00","flight":"DL599"},{"day":6,"utc":"20:10:00","flight":"DL129"},{"day":6,"utc":"15:02:00","flight":"DL899"},{"day":6,"utc":"05:28:00","flight":"DL485"},{"day":6,"utc":"00:01:00","flight":"DL494"},{"day":6,"utc":"06:57:00","flight":"DL862"}],"distance":2077.9489017774968}