{"id":63856,"type":"route","airline":"WN","airlineid":"airline_4547","sourceairport":"HOU","destinationairport":"LGA","stops":0,"equipment":"73W","schedule":[{"day":0,"utc":"21:24:00","flight":"WN287"},{"day":0,"utc":"14:21:00","flight":"WN448"},{"day":1,"utc":"13:44:00","flight":"WN630"},{"day":1,"utc":"22:57:00","flight":"WN756"},{"day":1,"utc":"17:46:00","flight":"WN164"},{"day":2,"utc":"15:43:00","flight":"WN338"},{"day":2,"utc":"19:58:00","flight":"WN845"},{"day":2,"utc":"20:48:00","flight":"WN524"},{"day":2,"utc":"04:48:00","flight":"WN454"},{"day":3,"utc":"12:28:00","flight":"WN570"},{"day":3,"utc":"23:15:00","flight":"WN599"},{"day":3,"utc":"11:11:00","flight":"WN282"},{"day":4,"utc":"10:38:00","flight":"WN115"},{"day":4,"utc":"06:17:00","flight":"WN978"},{"day":4,"utc":"18:01:00","flight":"WN224"},{"day":4,"utc":"11:15:00","flight":"WN480"},{"day":4,"utc":"15:38:00","flight":"WN436"},{"day":5,"utc":"12:14:00","flight":"WN529"},{"day":5,"utc":"01:24:00","flight":"WN131"},{"day":5,"utc":"20:56:00","flight":"WN050"},{"day":5,"utc":"22:55:00","flight":"WN412"},{"day":6,"utc":"15:53:00","flight":"WN627"},{"day":6,"utc":"17:43:00","flight":"WN136"},{"day":6,"utc":"19:27:00","flight":"WN602"},{"day":6,"utc":"18:02:00","flight":"WN118"},{"day":6,"utc":"12:59:00","flight":"WN241"}],"distance":2295.584154641397}