{"id":5863,"type":"route","airline":"AA","airlineid":"airline_24","sourceairport":"LHR","destinationairport":"MAN","stops":0,"equipment":"319 320 321","schedule":[{"day":0,"utc":"00:09:00","flight":"AA251"},{"day":0,"utc":"20:20:00","flight":"AA415"},{"day":0,"utc":"22:30:00","flight":"AA145"},{"day":0,"utc":"09:08:00","flight":"AA313"},{"day":1,"utc":"12:40:00","flight":"AA273"},{"day":1,"utc":"05:38:00","flight":"AA408"},{"day":2,"utc":"08:00:00","flight":"AA007"},{"day":3,"utc":"20:41:00","flight":"AA721"},{"day":3,"utc":"14:16:00","flight":"AA794"},{"day":3,"utc":"06:31:00","flight":"AA903"},{"day":4,"utc":"22:32:00","flight":"AA106"},{"day":4,"utc":"13:34:00","flight":"AA500"},{"day":5,"utc":"23:56:00","flight":"AA809"},{"day":5,"utc":"10:42:00","flight":"AA321"},{"day":5,"utc":"16:51:00","flight":"AA126"},{"day":6,"utc":"18:20:00","flight":"AA735"}],"distance":242.16810435631442}