{"id":58747,"type":"route","airline":"US","airlineid":"airline_5265","sourceairport":"CLO","destinationairport":"MIA","stops":0,"equipment":"738 319 318 320","schedule":[{"day":0,"utc":"22:53:00","flight":"US926"},{"day":0,"utc":"02:01:00","flight":"US504"},{"day":0,"utc":"09:25:00","flight":"US876"},{"day":1,"utc":"00:22:00","flight":"US453"},{"day":1,"utc":"20:36:00","flight":"US594"},{"day":1,"utc":"04:58:00","flight":"US177"},{"day":1,"utc":"15:52:00","flight":"US902"},{"day":1,"utc":"22:02:00","flight":"US793"},{"day":2,"utc":"14:45:00","flight":"US505"},{"day":2,"utc":"23:39:00","flight":"US755"},{"day":2,"utc":"02:58:00","flight":"US417"},{"day":2,"utc":"04:53:00","flight":"US726"},{"day":3,"utc":"07:38:00","flight":"US132"},{"day":3,"utc":"15:04:00","flight":"US682"},{"day":3,"utc":"21:38:00","flight":"US306"},{"day":4,"utc":"20:31:00","flight":"US302"},{"day":5,"utc":"07:59:00","flight":"US714"},{"day":5,"utc":"09:55:00","flight":"US978"},{"day":6,"utc":"00:40:00","flight":"US381"}],"distance":2509.031867847069}