{"id":58439,"type":"route","airline":"UP","airlineid":"airline_1403","sourceairport":"BHM","destinationairport":"FPO","stops":0,"equipment":"734","schedule":[{"day":0,"utc":"08:18:00","flight":"UP451"},{"day":0,"utc":"01:31:00","flight":"UP577"},{"day":0,"utc":"02:39:00","flight":"UP833"},{"day":1,"utc":"18:57:00","flight":"UP722"},{"day":1,"utc":"16:53:00","flight":"UP859"},{"day":2,"utc":"12:56:00","flight":"UP349"},{"day":2,"utc":"03:30:00","flight":"UP932"},{"day":3,"utc":"07:04:00","flight":"UP442"},{"day":4,"utc":"06:17:00","flight":"UP045"},{"day":4,"utc":"13:12:00","flight":"UP187"},{"day":4,"utc":"00:51:00","flight":"UP773"},{"day":4,"utc":"21:24:00","flight":"UP007"},{"day":4,"utc":"14:23:00","flight":"UP778"},{"day":5,"utc":"03:14:00","flight":"UP449"},{"day":5,"utc":"20:45:00","flight":"UP811"},{"day":5,"utc":"10:35:00","flight":"UP763"},{"day":5,"utc":"03:58:00","flight":"UP538"},{"day":5,"utc":"09:48:00","flight":"UP418"},{"day":6,"utc":"10:27:00","flight":"UP390"},{"day":6,"utc":"16:54:00","flight":"UP994"},{"day":6,"utc":"06:47:00","flight":"UP916"}],"distance":1098.2808522136636}