{"id":14654,"type":"route","airline":"BA","airlineid":"airline_1355","sourceairport":"LGW","destinationairport":"TIA","stops":0,"equipment":"734","schedule":[{"day":0,"utc":"18:48:00","flight":"BA357"},{"day":1,"utc":"13:08:00","flight":"BA289"},{"day":1,"utc":"17:31:00","flight":"BA317"},{"day":1,"utc":"15:46:00","flight":"BA373"},{"day":1,"utc":"11:31:00","flight":"BA524"},{"day":1,"utc":"06:32:00","flight":"BA224"},{"day":2,"utc":"08:43:00","flight":"BA550"},{"day":2,"utc":"00:41:00","flight":"BA114"},{"day":2,"utc":"21:43:00","flight":"BA715"},{"day":3,"utc":"13:00:00","flight":"BA476"},{"day":3,"utc":"04:32:00","flight":"BA846"},{"day":3,"utc":"00:08:00","flight":"BA297"},{"day":4,"utc":"01:54:00","flight":"BA051"},{"day":4,"utc":"09:15:00","flight":"BA145"},{"day":4,"utc":"22:27:00","flight":"BA015"},{"day":4,"utc":"00:02:00","flight":"BA769"},{"day":5,"utc":"17:22:00","flight":"BA352"},{"day":5,"utc":"08:09:00","flight":"BA200"},{"day":6,"utc":"10:31:00","flight":"BA295"},{"day":6,"utc":"23:19:00","flight":"BA185"},{"day":6,"utc":"03:09:00","flight":"BA818"},{"day":6,"utc":"22:44:00","flight":"BA924"}],"distance":1864.4485140023519}