{"id":10041,"type":"route","airline":"AH","airlineid":"airline_794","sourceairport":"AAE","destinationairport":"CDG","stops":0,"equipment":"738","schedule":[{"day":0,"utc":"08:16:00","flight":"AH059"},{"day":1,"utc":"10:36:00","flight":"AH212"},{"day":1,"utc":"04:32:00","flight":"AH909"},{"day":1,"utc":"23:00:00","flight":"AH386"},{"day":1,"utc":"02:41:00","flight":"AH169"},{"day":2,"utc":"14:19:00","flight":"AH421"},{"day":2,"utc":"01:13:00","flight":"AH098"},{"day":2,"utc":"04:01:00","flight":"AH338"},{"day":3,"utc":"02:19:00","flight":"AH233"},{"day":3,"utc":"15:41:00","flight":"AH826"},{"day":3,"utc":"01:46:00","flight":"AH190"},{"day":4,"utc":"14:58:00","flight":"AH873"},{"day":5,"utc":"15:17:00","flight":"AH036"},{"day":5,"utc":"23:56:00","flight":"AH372"},{"day":5,"utc":"21:03:00","flight":"AH697"},{"day":6,"utc":"21:38:00","flight":"AH301"},{"day":6,"utc":"07:42:00","flight":"AH730"},{"day":6,"utc":"03:28:00","flight":"AH473"},{"day":6,"utc":"09:57:00","flight":"AH845"},{"day":6,"utc":"11:28:00","flight":"AH493"}],"distance":1420.6731433915318}