{"id":61538,"type":"route","airline":"VN","airlineid":"airline_5309","sourceairport":"SGN","destinationairport":"CDG","stops":0,"equipment":"777","schedule":[{"day":0,"utc":"08:11:00","flight":"VN169"},{"day":0,"utc":"10:48:00","flight":"VN697"},{"day":0,"utc":"13:09:00","flight":"VN672"},{"day":1,"utc":"11:28:00","flight":"VN240"},{"day":1,"utc":"08:16:00","flight":"VN183"},{"day":1,"utc":"17:48:00","flight":"VN406"},{"day":1,"utc":"16:21:00","flight":"VN284"},{"day":2,"utc":"11:47:00","flight":"VN679"},{"day":2,"utc":"07:02:00","flight":"VN958"},{"day":2,"utc":"13:28:00","flight":"VN192"},{"day":2,"utc":"18:41:00","flight":"VN484"},{"day":2,"utc":"13:24:00","flight":"VN797"},{"day":3,"utc":"02:37:00","flight":"VN569"},{"day":3,"utc":"07:12:00","flight":"VN154"},{"day":3,"utc":"09:20:00","flight":"VN174"},{"day":4,"utc":"22:54:00","flight":"VN368"},{"day":4,"utc":"22:19:00","flight":"VN808"},{"day":4,"utc":"12:43:00","flight":"VN671"},{"day":5,"utc":"14:54:00","flight":"VN207"},{"day":5,"utc":"08:16:00","flight":"VN220"},{"day":5,"utc":"19:50:00","flight":"VN527"},{"day":5,"utc":"15:15:00","flight":"VN332"},{"day":5,"utc":"10:14:00","flight":"VN018"},{"day":6,"utc":"20:44:00","flight":"VN514"},{"day":6,"utc":"14:27:00","flight":"VN214"},{"day":6,"utc":"08:23:00","flight":"VN362"},{"day":6,"utc":"16:06:00","flight":"VN806"},{"day":6,"utc":"11:56:00","flight":"VN931"}],"distance":10104.869676436116}