{"id":59414,"type":"route","airline":"US","airlineid":"airline_5265","sourceairport":"JFK","destinationairport":"ANU","stops":0,"equipment":"738","schedule":[{"day":0,"utc":"07:30:00","flight":"US019"},{"day":0,"utc":"00:28:00","flight":"US123"},{"day":0,"utc":"01:14:00","flight":"US531"},{"day":0,"utc":"05:50:00","flight":"US875"},{"day":0,"utc":"16:21:00","flight":"US202"},{"day":1,"utc":"02:58:00","flight":"US209"},{"day":1,"utc":"08:01:00","flight":"US582"},{"day":2,"utc":"14:33:00","flight":"US465"},{"day":2,"utc":"15:33:00","flight":"US595"},{"day":2,"utc":"12:40:00","flight":"US951"},{"day":2,"utc":"01:43:00","flight":"US626"},{"day":2,"utc":"22:45:00","flight":"US363"},{"day":3,"utc":"21:35:00","flight":"US244"},{"day":3,"utc":"23:14:00","flight":"US867"},{"day":4,"utc":"23:32:00","flight":"US855"},{"day":4,"utc":"09:34:00","flight":"US330"},{"day":4,"utc":"18:17:00","flight":"US380"},{"day":4,"utc":"17:57:00","flight":"US879"},{"day":4,"utc":"17:01:00","flight":"US462"},{"day":5,"utc":"13:52:00","flight":"US349"},{"day":5,"utc":"23:30:00","flight":"US268"},{"day":5,"utc":"21:59:00","flight":"US027"},{"day":5,"utc":"09:31:00","flight":"US877"},{"day":6,"utc":"18:49:00","flight":"US203"},{"day":6,"utc":"05:35:00","flight":"US805"},{"day":6,"utc":"03:41:00","flight":"US973"},{"day":6,"utc":"23:06:00","flight":"US455"},{"day":6,"utc":"15:04:00","flight":"US346"}],"distance":2855.4692425118965}