{"id":64444,"type":"route","airline":"WN","airlineid":"airline_4547","sourceairport":"SJC","destinationairport":"PDX","stops":0,"equipment":"73W 73H 733 73C","schedule":[{"day":0,"utc":"21:01:00","flight":"WN932"},{"day":0,"utc":"13:00:00","flight":"WN756"},{"day":0,"utc":"05:26:00","flight":"WN328"},{"day":0,"utc":"14:57:00","flight":"WN955"},{"day":1,"utc":"06:07:00","flight":"WN955"},{"day":1,"utc":"14:29:00","flight":"WN096"},{"day":1,"utc":"00:23:00","flight":"WN573"},{"day":1,"utc":"11:07:00","flight":"WN669"},{"day":1,"utc":"04:43:00","flight":"WN804"},{"day":2,"utc":"21:10:00","flight":"WN522"},{"day":3,"utc":"16:49:00","flight":"WN055"},{"day":3,"utc":"06:24:00","flight":"WN880"},{"day":3,"utc":"22:33:00","flight":"WN653"},{"day":3,"utc":"06:31:00","flight":"WN132"},{"day":3,"utc":"01:09:00","flight":"WN381"},{"day":4,"utc":"03:43:00","flight":"WN885"},{"day":4,"utc":"15:23:00","flight":"WN851"},{"day":4,"utc":"23:37:00","flight":"WN394"},{"day":4,"utc":"21:03:00","flight":"WN864"},{"day":4,"utc":"09:08:00","flight":"WN578"},{"day":5,"utc":"03:22:00","flight":"WN214"},{"day":5,"utc":"15:37:00","flight":"WN898"},{"day":5,"utc":"09:52:00","flight":"WN007"},{"day":5,"utc":"14:37:00","flight":"WN091"},{"day":5,"utc":"12:47:00","flight":"WN322"},{"day":6,"utc":"09:35:00","flight":"WN659"},{"day":6,"utc":"11:03:00","flight":"WN726"},{"day":6,"utc":"22:34:00","flight":"WN194"}],"distance":916.3871233867762}