{"id":55876,"type":"route","airline":"UA","airlineid":"airline_5209","sourceairport":"BON","destinationairport":"EWR","stops":0,"equipment":"738","schedule":[{"day":0,"utc":"11:38:00","flight":"UA911"},{"day":0,"utc":"19:28:00","flight":"UA112"},{"day":0,"utc":"20:51:00","flight":"UA297"},{"day":0,"utc":"15:37:00","flight":"UA972"},{"day":0,"utc":"02:06:00","flight":"UA821"},{"day":1,"utc":"04:33:00","flight":"UA365"},{"day":2,"utc":"23:30:00","flight":"UA977"},{"day":2,"utc":"22:32:00","flight":"UA715"},{"day":2,"utc":"22:46:00","flight":"UA882"},{"day":2,"utc":"02:16:00","flight":"UA196"},{"day":3,"utc":"06:45:00","flight":"UA432"},{"day":3,"utc":"05:09:00","flight":"UA387"},{"day":3,"utc":"07:56:00","flight":"UA677"},{"day":4,"utc":"12:36:00","flight":"UA970"},{"day":4,"utc":"16:41:00","flight":"UA020"},{"day":5,"utc":"10:50:00","flight":"UA279"},{"day":6,"utc":"13:35:00","flight":"UA574"},{"day":6,"utc":"19:40:00","flight":"UA117"},{"day":6,"utc":"03:56:00","flight":"UA365"},{"day":6,"utc":"23:20:00","flight":"UA630"}],"distance":3227.8296793828918}