{"id":64556,"type":"route","airline":"WN","airlineid":"airline_4547","sourceairport":"TUL","destinationairport":"PHX","stops":0,"equipment":"73W","schedule":[{"day":0,"utc":"09:03:00","flight":"WN948"},{"day":1,"utc":"08:18:00","flight":"WN078"},{"day":1,"utc":"06:50:00","flight":"WN091"},{"day":1,"utc":"03:08:00","flight":"WN426"},{"day":1,"utc":"14:32:00","flight":"WN598"},{"day":2,"utc":"15:19:00","flight":"WN840"},{"day":2,"utc":"19:13:00","flight":"WN554"},{"day":2,"utc":"20:11:00","flight":"WN124"},{"day":3,"utc":"17:14:00","flight":"WN726"},{"day":4,"utc":"05:25:00","flight":"WN886"},{"day":4,"utc":"19:01:00","flight":"WN243"},{"day":5,"utc":"22:16:00","flight":"WN020"},{"day":5,"utc":"13:56:00","flight":"WN315"},{"day":5,"utc":"19:01:00","flight":"WN693"},{"day":5,"utc":"23:15:00","flight":"WN384"},{"day":6,"utc":"09:54:00","flight":"WN807"},{"day":6,"utc":"01:36:00","flight":"WN203"},{"day":6,"utc":"08:10:00","flight":"WN698"},{"day":6,"utc":"19:18:00","flight":"WN461"},{"day":6,"utc":"08:20:00","flight":"WN119"}],"distance":1501.7512374945054}