{"id":118,"type":"route","airline":"2L","airlineid":"airline_2750","sourceairport":"BRS","destinationairport":"ZRH","stops":0,"equipment":"100","schedule":[{"day":0,"utc":"22:32:00","flight":"2L722"},{"day":0,"utc":"05:58:00","flight":"2L559"},{"day":0,"utc":"20:52:00","flight":"2L651"},{"day":0,"utc":"23:40:00","flight":"2L434"},{"day":0,"utc":"09:01:00","flight":"2L436"},{"day":1,"utc":"08:18:00","flight":"2L035"},{"day":1,"utc":"07:36:00","flight":"2L846"},{"day":2,"utc":"16:04:00","flight":"2L395"},{"day":2,"utc":"15:14:00","flight":"2L850"},{"day":2,"utc":"12:15:00","flight":"2L622"},{"day":3,"utc":"17:20:00","flight":"2L881"},{"day":3,"utc":"12:23:00","flight":"2L755"},{"day":3,"utc":"18:11:00","flight":"2L738"},{"day":4,"utc":"09:40:00","flight":"2L347"},{"day":4,"utc":"20:18:00","flight":"2L865"},{"day":4,"utc":"12:06:00","flight":"2L471"},{"day":4,"utc":"15:11:00","flight":"2L216"},{"day":4,"utc":"04:09:00","flight":"2L225"},{"day":5,"utc":"21:16:00","flight":"2L024"},{"day":5,"utc":"05:06:00","flight":"2L817"},{"day":5,"utc":"20:19:00","flight":"2L591"},{"day":5,"utc":"02:34:00","flight":"2L543"},{"day":5,"utc":"16:53:00","flight":"2L161"},{"day":6,"utc":"19:07:00","flight":"2L765"},{"day":6,"utc":"18:22:00","flight":"2L856"},{"day":6,"utc":"10:25:00","flight":"2L092"},{"day":6,"utc":"20:02:00","flight":"2L312"},{"day":6,"utc":"02:59:00","flight":"2L665"}],"distance":922.7579695456559}