{"id":14746,"type":"route","airline":"BA","airlineid":"airline_1355","sourceairport":"LHR","destinationairport":"MIA","stops":0,"equipment":"744","schedule":[{"day":0,"utc":"17:31:00","flight":"BA549"},{"day":1,"utc":"15:03:00","flight":"BA386"},{"day":1,"utc":"08:58:00","flight":"BA371"},{"day":1,"utc":"07:37:00","flight":"BA127"},{"day":1,"utc":"04:56:00","flight":"BA337"},{"day":2,"utc":"08:42:00","flight":"BA782"},{"day":3,"utc":"08:42:00","flight":"BA204"},{"day":3,"utc":"02:26:00","flight":"BA686"},{"day":3,"utc":"17:42:00","flight":"BA239"},{"day":3,"utc":"17:33:00","flight":"BA680"},{"day":3,"utc":"06:57:00","flight":"BA940"},{"day":4,"utc":"01:30:00","flight":"BA635"},{"day":5,"utc":"09:02:00","flight":"BA089"},{"day":6,"utc":"12:56:00","flight":"BA273"},{"day":6,"utc":"01:40:00","flight":"BA552"},{"day":6,"utc":"01:59:00","flight":"BA209"}],"distance":7108.833693778737}