{"title":"San Francisco/Union Square-Financial District","name":"Lefty O'Doul's","alt":null,"address":"333 Geary St","directions":null,"phone":"+1 415 982-8900","tollfree":null,"email":null,"url":"http://www.leftyodouls.biz","hours":null,"image":null,"price":null,"content":"Less than a block from Union Square, just up Geary, this is considered to be a &quot;dive bar&quot; in the area, although for true dives, one needs to continue further up Geary and in to the Tenderloin.  Well known for their Bloody Mary and history, it's a decent place to stop in for a drink, although the crowd will most definitely not be locals.","geo":{"lat":37.7872,"lon":-122.4085,"accuracy":"ROOFTOP"},"activity":"drink","type":"landmark","id":26205,"country":"United States","city":"San Francisco","state":"California"}