{"title":"Lerwick","name":"Fort Charlotte","alt":null,"address":null,"directions":null,"phone":null,"tollfree":null,"email":null,"url":"http://www.historic-scotland.gov.uk/index/places/propertyresults/propertydetail.htm?PropID=PL_135&PropName=Fort%20Charlotte","hours":"Keys available from staff on site Mon - Fri","image":null,"price":null,"content":"A five-sided artillery fort, built in 1665.","geo":{"lat":60.1557,"lon":-1.1452,"accuracy":"APPROXIMATE"},"activity":"see","type":"landmark","id":15532,"country":"United Kingdom","city":"Lerwick","state":null}