{"id":26230,"type":"route","airline":"FR","airlineid":"airline_4296","sourceairport":"BRS","destinationairport":"FAO","stops":0,"equipment":"738","schedule":[{"day":0,"utc":"06:45:00","flight":"FR445"},{"day":0,"utc":"19:48:00","flight":"FR761"},{"day":0,"utc":"22:17:00","flight":"FR478"},{"day":0,"utc":"07:04:00","flight":"FR694"},{"day":0,"utc":"18:25:00","flight":"FR321"},{"day":1,"utc":"16:19:00","flight":"FR983"},{"day":2,"utc":"12:14:00","flight":"FR106"},{"day":2,"utc":"13:41:00","flight":"FR240"},{"day":2,"utc":"00:02:00","flight":"FR122"},{"day":3,"utc":"17:12:00","flight":"FR972"},{"day":3,"utc":"23:06:00","flight":"FR975"},{"day":3,"utc":"14:03:00","flight":"FR970"},{"day":3,"utc":"00:50:00","flight":"FR218"},{"day":3,"utc":"02:12:00","flight":"FR849"},{"day":4,"utc":"15:54:00","flight":"FR954"},{"day":4,"utc":"09:08:00","flight":"FR481"},{"day":4,"utc":"17:32:00","flight":"FR460"},{"day":4,"utc":"19:14:00","flight":"FR443"},{"day":5,"utc":"15:10:00","flight":"FR257"},{"day":6,"utc":"15:47:00","flight":"FR057"},{"day":6,"utc":"07:36:00","flight":"FR326"},{"day":6,"utc":"18:50:00","flight":"FR690"},{"day":6,"utc":"03:36:00","flight":"FR483"}],"distance":1650.4322264789685}