{"id":15946,"type":"route","airline":"BW","airlineid":"airline_1663","sourceairport":"JFK","destinationairport":"TAB","stops":0,"equipment":"738","schedule":[{"day":0,"utc":"22:46:00","flight":"BW338"},{"day":1,"utc":"09:51:00","flight":"BW962"},{"day":1,"utc":"07:05:00","flight":"BW428"},{"day":1,"utc":"20:06:00","flight":"BW242"},{"day":2,"utc":"03:16:00","flight":"BW001"},{"day":2,"utc":"10:38:00","flight":"BW930"},{"day":2,"utc":"12:29:00","flight":"BW254"},{"day":3,"utc":"12:31:00","flight":"BW198"},{"day":3,"utc":"09:16:00","flight":"BW852"},{"day":3,"utc":"08:18:00","flight":"BW360"},{"day":3,"utc":"22:03:00","flight":"BW819"},{"day":3,"utc":"19:36:00","flight":"BW411"},{"day":4,"utc":"04:14:00","flight":"BW272"},{"day":4,"utc":"23:04:00","flight":"BW756"},{"day":4,"utc":"20:14:00","flight":"BW061"},{"day":5,"utc":"07:13:00","flight":"BW786"},{"day":5,"utc":"06:20:00","flight":"BW223"},{"day":5,"utc":"22:28:00","flight":"BW230"},{"day":5,"utc":"01:15:00","flight":"BW151"},{"day":5,"utc":"06:02:00","flight":"BW357"},{"day":6,"utc":"22:25:00","flight":"BW844"},{"day":6,"utc":"03:26:00","flight":"BW125"},{"day":6,"utc":"01:21:00","flight":"BW160"},{"day":6,"utc":"23:29:00","flight":"BW609"},{"day":6,"utc":"11:17:00","flight":"BW431"}],"distance":3516.338072854397}