{"id":56132,"type":"route","airline":"UA","airlineid":"airline_5209","sourceairport":"DEN","destinationairport":"HNL","stops":0,"equipment":"752","schedule":[{"day":0,"utc":"18:53:00","flight":"UA366"},{"day":0,"utc":"10:07:00","flight":"UA756"},{"day":0,"utc":"09:19:00","flight":"UA440"},{"day":0,"utc":"04:51:00","flight":"UA055"},{"day":1,"utc":"11:57:00","flight":"UA189"},{"day":1,"utc":"08:25:00","flight":"UA099"},{"day":1,"utc":"03:01:00","flight":"UA256"},{"day":1,"utc":"04:34:00","flight":"UA685"},{"day":2,"utc":"09:34:00","flight":"UA928"},{"day":2,"utc":"05:34:00","flight":"UA409"},{"day":2,"utc":"16:59:00","flight":"UA825"},{"day":2,"utc":"21:17:00","flight":"UA294"},{"day":3,"utc":"23:42:00","flight":"UA671"},{"day":3,"utc":"07:39:00","flight":"UA294"},{"day":3,"utc":"01:27:00","flight":"UA332"},{"day":4,"utc":"10:13:00","flight":"UA040"},{"day":4,"utc":"20:35:00","flight":"UA043"},{"day":4,"utc":"02:16:00","flight":"UA004"},{"day":4,"utc":"21:15:00","flight":"UA132"},{"day":5,"utc":"01:37:00","flight":"UA242"},{"day":5,"utc":"06:18:00","flight":"UA385"},{"day":5,"utc":"20:12:00","flight":"UA687"},{"day":5,"utc":"06:23:00","flight":"UA075"},{"day":6,"utc":"16:39:00","flight":"UA801"},{"day":6,"utc":"22:10:00","flight":"UA567"},{"day":6,"utc":"08:08:00","flight":"UA804"}],"distance":5407.851633877684}