{"id":29080,"type":"route","airline":"G4","airlineid":"airline_35","sourceairport":"PBG","destinationairport":"PIE","stops":0,"equipment":"320","schedule":[{"day":0,"utc":"17:14:00","flight":"G4439"},{"day":0,"utc":"17:57:00","flight":"G4277"},{"day":1,"utc":"03:37:00","flight":"G4299"},{"day":1,"utc":"17:36:00","flight":"G4995"},{"day":1,"utc":"15:08:00","flight":"G4669"},{"day":1,"utc":"03:34:00","flight":"G4879"},{"day":2,"utc":"23:24:00","flight":"G4521"},{"day":2,"utc":"21:46:00","flight":"G4301"},{"day":2,"utc":"22:26:00","flight":"G4282"},{"day":2,"utc":"00:24:00","flight":"G4180"},{"day":3,"utc":"21:55:00","flight":"G4472"},{"day":3,"utc":"23:30:00","flight":"G4490"},{"day":3,"utc":"01:30:00","flight":"G4780"},{"day":4,"utc":"09:33:00","flight":"G4349"},{"day":5,"utc":"10:13:00","flight":"G4879"},{"day":5,"utc":"06:18:00","flight":"G4576"},{"day":5,"utc":"18:56:00","flight":"G4911"},{"day":6,"utc":"19:03:00","flight":"G4892"},{"day":6,"utc":"20:21:00","flight":"G4766"},{"day":6,"utc":"23:59:00","flight":"G4220"},{"day":6,"utc":"03:38:00","flight":"G4843"},{"day":6,"utc":"13:24:00","flight":"G4023"}],"distance":2033.413224994424}