{"id":59910,"type":"route","airline":"US","airlineid":"airline_5265","sourceairport":"ORD","destinationairport":"FNT","stops":0,"equipment":"ER4 ERD","schedule":[{"day":0,"utc":"19:39:00","flight":"US126"},{"day":0,"utc":"22:12:00","flight":"US091"},{"day":0,"utc":"09:53:00","flight":"US606"},{"day":0,"utc":"16:55:00","flight":"US796"},{"day":0,"utc":"00:56:00","flight":"US024"},{"day":1,"utc":"20:31:00","flight":"US629"},{"day":2,"utc":"17:40:00","flight":"US058"},{"day":2,"utc":"17:23:00","flight":"US501"},{"day":2,"utc":"03:58:00","flight":"US117"},{"day":2,"utc":"03:39:00","flight":"US742"},{"day":2,"utc":"15:29:00","flight":"US851"},{"day":3,"utc":"06:22:00","flight":"US771"},{"day":3,"utc":"02:29:00","flight":"US868"},{"day":3,"utc":"04:44:00","flight":"US472"},{"day":3,"utc":"18:27:00","flight":"US023"},{"day":3,"utc":"17:04:00","flight":"US205"},{"day":4,"utc":"11:29:00","flight":"US125"},{"day":5,"utc":"17:02:00","flight":"US891"},{"day":5,"utc":"03:25:00","flight":"US177"},{"day":6,"utc":"20:57:00","flight":"US960"},{"day":6,"utc":"08:36:00","flight":"US909"},{"day":6,"utc":"18:38:00","flight":"US980"},{"day":6,"utc":"22:07:00","flight":"US365"}],"distance":358.45426487433633}