{"id":6936,"type":"route","airline":"AA","airlineid":"airline_24","sourceairport":"UVF","destinationairport":"CLT","stops":0,"equipment":"320 319","schedule":[{"day":0,"utc":"18:17:00","flight":"AA829"},{"day":0,"utc":"21:34:00","flight":"AA416"},{"day":0,"utc":"12:02:00","flight":"AA358"},{"day":1,"utc":"17:51:00","flight":"AA004"},{"day":1,"utc":"19:32:00","flight":"AA527"},{"day":1,"utc":"13:56:00","flight":"AA672"},{"day":1,"utc":"10:53:00","flight":"AA085"},{"day":1,"utc":"20:29:00","flight":"AA848"},{"day":2,"utc":"09:11:00","flight":"AA909"},{"day":2,"utc":"15:56:00","flight":"AA167"},{"day":2,"utc":"14:02:00","flight":"AA165"},{"day":2,"utc":"00:26:00","flight":"AA055"},{"day":2,"utc":"22:32:00","flight":"AA693"},{"day":3,"utc":"19:57:00","flight":"AA201"},{"day":3,"utc":"12:02:00","flight":"AA410"},{"day":4,"utc":"23:53:00","flight":"AA956"},{"day":4,"utc":"13:43:00","flight":"AA227"},{"day":4,"utc":"01:11:00","flight":"AA659"},{"day":5,"utc":"06:33:00","flight":"AA473"},{"day":5,"utc":"04:41:00","flight":"AA331"},{"day":5,"utc":"12:32:00","flight":"AA590"},{"day":5,"utc":"12:48:00","flight":"AA722"},{"day":5,"utc":"23:17:00","flight":"AA722"},{"day":6,"utc":"00:59:00","flight":"AA686"},{"day":6,"utc":"11:42:00","flight":"AA840"},{"day":6,"utc":"12:00:00","flight":"AA145"},{"day":6,"utc":"23:07:00","flight":"AA915"}],"distance":3116.5138955660577}