{"id":11212,"type":"route","airline":"AM","airlineid":"airline_321","sourceairport":"SFO","destinationairport":"ATL","stops":0,"equipment":"763","schedule":[{"day":0,"utc":"10:49:00","flight":"AM065"},{"day":0,"utc":"01:56:00","flight":"AM126"},{"day":0,"utc":"08:05:00","flight":"AM380"},{"day":0,"utc":"11:27:00","flight":"AM050"},{"day":1,"utc":"00:56:00","flight":"AM756"},{"day":2,"utc":"11:41:00","flight":"AM881"},{"day":2,"utc":"16:17:00","flight":"AM491"},{"day":2,"utc":"10:39:00","flight":"AM159"},{"day":3,"utc":"13:21:00","flight":"AM340"},{"day":3,"utc":"12:55:00","flight":"AM556"},{"day":3,"utc":"01:50:00","flight":"AM227"},{"day":4,"utc":"10:14:00","flight":"AM196"},{"day":4,"utc":"23:33:00","flight":"AM063"},{"day":5,"utc":"12:47:00","flight":"AM213"},{"day":5,"utc":"13:32:00","flight":"AM091"},{"day":5,"utc":"13:47:00","flight":"AM835"},{"day":5,"utc":"13:22:00","flight":"AM852"},{"day":6,"utc":"05:36:00","flight":"AM054"},{"day":6,"utc":"15:31:00","flight":"AM072"},{"day":6,"utc":"15:14:00","flight":"AM897"},{"day":6,"utc":"13:21:00","flight":"AM013"},{"day":6,"utc":"06:22:00","flight":"AM973"}],"distance":3434.7108309317646}