{"id":27358,"type":"route","airline":"FR","airlineid":"airline_4296","sourceairport":"MRS","destinationairport":"PMO","stops":0,"equipment":"738","schedule":[{"day":0,"utc":"15:38:00","flight":"FR886"},{"day":0,"utc":"09:04:00","flight":"FR835"},{"day":0,"utc":"12:03:00","flight":"FR207"},{"day":0,"utc":"15:31:00","flight":"FR334"},{"day":1,"utc":"14:44:00","flight":"FR831"},{"day":1,"utc":"13:29:00","flight":"FR199"},{"day":2,"utc":"15:37:00","flight":"FR156"},{"day":3,"utc":"18:28:00","flight":"FR294"},{"day":3,"utc":"21:45:00","flight":"FR344"},{"day":3,"utc":"18:32:00","flight":"FR360"},{"day":3,"utc":"10:48:00","flight":"FR012"},{"day":4,"utc":"00:43:00","flight":"FR142"},{"day":4,"utc":"02:22:00","flight":"FR147"},{"day":5,"utc":"05:31:00","flight":"FR394"},{"day":5,"utc":"06:39:00","flight":"FR646"},{"day":5,"utc":"00:12:00","flight":"FR919"},{"day":5,"utc":"15:58:00","flight":"FR581"},{"day":5,"utc":"17:06:00","flight":"FR382"},{"day":6,"utc":"19:56:00","flight":"FR074"},{"day":6,"utc":"05:21:00","flight":"FR140"},{"day":6,"utc":"19:45:00","flight":"FR329"},{"day":6,"utc":"20:26:00","flight":"FR015"}],"distance":883.3643198570444}