{"title":"Carpentras","name":"Hôtel-Dieu","alt":null,"address":null,"directions":null,"phone":null,"tollfree":null,"email":null,"url":null,"hours":null,"image":"https://en.wikivoyage.org/wiki/File:Carpentras - Hotel Dieu 14.jpg","price":null,"content":"Former hospital, and location of truffle markets in winter.","geo":{"lat":44.050691288205826,"lon":5.048196315765381,"accuracy":"APPROXIMATE"},"activity":"see","type":"landmark","id":40342,"country":"France","city":"Carpentras","state":"Provence-Alpes-Côte d'Azur","image_direct_url":""}