{"id":52433,"type":"route","airline":"TK","airlineid":"airline_4951","sourceairport":"IAH","destinationairport":"MSY","stops":0,"equipment":"320","schedule":[{"day":0,"utc":"06:10:00","flight":"TK409"},{"day":0,"utc":"00:11:00","flight":"TK552"},{"day":0,"utc":"01:03:00","flight":"TK167"},{"day":0,"utc":"11:58:00","flight":"TK944"},{"day":0,"utc":"14:23:00","flight":"TK246"},{"day":1,"utc":"11:39:00","flight":"TK079"},{"day":1,"utc":"06:38:00","flight":"TK798"},{"day":2,"utc":"08:18:00","flight":"TK208"},{"day":3,"utc":"06:51:00","flight":"TK439"},{"day":3,"utc":"12:34:00","flight":"TK337"},{"day":3,"utc":"07:00:00","flight":"TK084"},{"day":4,"utc":"08:58:00","flight":"TK683"},{"day":5,"utc":"11:24:00","flight":"TK510"},{"day":5,"utc":"16:42:00","flight":"TK163"},{"day":5,"utc":"16:35:00","flight":"TK566"},{"day":6,"utc":"08:26:00","flight":"TK666"}],"distance":489.53628952664894}