{"id":50265,"type":"route","airline":"SN","airlineid":"airline_1531","sourceairport":"BRU","destinationairport":"LYS","stops":0,"equipment":"AR1 319 320","schedule":[{"day":0,"utc":"10:54:00","flight":"SN130"},{"day":0,"utc":"22:12:00","flight":"SN491"},{"day":1,"utc":"05:53:00","flight":"SN732"},{"day":1,"utc":"16:40:00","flight":"SN165"},{"day":1,"utc":"11:16:00","flight":"SN988"},{"day":1,"utc":"21:23:00","flight":"SN548"},{"day":2,"utc":"06:18:00","flight":"SN140"},{"day":2,"utc":"01:01:00","flight":"SN122"},{"day":2,"utc":"20:14:00","flight":"SN045"},{"day":3,"utc":"12:11:00","flight":"SN383"},{"day":4,"utc":"21:30:00","flight":"SN843"},{"day":4,"utc":"23:46:00","flight":"SN057"},{"day":4,"utc":"23:19:00","flight":"SN937"},{"day":4,"utc":"08:04:00","flight":"SN677"},{"day":4,"utc":"06:16:00","flight":"SN924"},{"day":5,"utc":"07:14:00","flight":"SN011"},{"day":5,"utc":"22:13:00","flight":"SN538"},{"day":5,"utc":"05:21:00","flight":"SN716"},{"day":5,"utc":"23:07:00","flight":"SN618"},{"day":5,"utc":"14:27:00","flight":"SN272"},{"day":6,"utc":"06:26:00","flight":"SN144"},{"day":6,"utc":"06:04:00","flight":"SN608"},{"day":6,"utc":"10:31:00","flight":"SN901"}],"distance":577.172895983918}