{"id":25109,"type":"route","airline":"FL","airlineid":"airline_1316","sourceairport":"HOU","destinationairport":"MCI","stops":0,"equipment":"73W 733","schedule":[{"day":0,"utc":"08:44:00","flight":"FL312"},{"day":0,"utc":"16:45:00","flight":"FL230"},{"day":1,"utc":"03:00:00","flight":"FL525"},{"day":2,"utc":"00:25:00","flight":"FL489"},{"day":3,"utc":"19:37:00","flight":"FL853"},{"day":4,"utc":"02:26:00","flight":"FL197"},{"day":4,"utc":"14:42:00","flight":"FL321"},{"day":4,"utc":"15:35:00","flight":"FL258"},{"day":4,"utc":"00:01:00","flight":"FL582"},{"day":4,"utc":"17:47:00","flight":"FL379"},{"day":5,"utc":"11:49:00","flight":"FL795"},{"day":5,"utc":"05:30:00","flight":"FL485"},{"day":5,"utc":"13:10:00","flight":"FL576"},{"day":6,"utc":"15:10:00","flight":"FL210"},{"day":6,"utc":"22:37:00","flight":"FL155"},{"day":6,"utc":"19:25:00","flight":"FL063"},{"day":6,"utc":"05:47:00","flight":"FL449"}],"distance":1074.5160001625004}