{"id":61754,"type":"route","airline":"VS","airlineid":"airline_5347","sourceairport":"LGW","destinationairport":"ANU","stops":0,"equipment":"333","schedule":[{"day":0,"utc":"04:25:00","flight":"VS702"},{"day":0,"utc":"12:57:00","flight":"VS028"},{"day":0,"utc":"03:57:00","flight":"VS661"},{"day":0,"utc":"22:53:00","flight":"VS932"},{"day":1,"utc":"09:15:00","flight":"VS864"},{"day":1,"utc":"05:14:00","flight":"VS988"},{"day":2,"utc":"05:56:00","flight":"VS463"},{"day":3,"utc":"15:33:00","flight":"VS582"},{"day":3,"utc":"13:06:00","flight":"VS504"},{"day":3,"utc":"22:14:00","flight":"VS536"},{"day":4,"utc":"19:38:00","flight":"VS923"},{"day":4,"utc":"13:59:00","flight":"VS443"},{"day":4,"utc":"13:47:00","flight":"VS481"},{"day":5,"utc":"01:11:00","flight":"VS949"},{"day":5,"utc":"22:35:00","flight":"VS858"},{"day":6,"utc":"21:17:00","flight":"VS908"},{"day":6,"utc":"01:24:00","flight":"VS376"}],"distance":6564.032541721557}