{"id":56165,"type":"route","airline":"UA","airlineid":"airline_5209","sourceairport":"DEN","destinationairport":"MTJ","stops":0,"equipment":"DH4 CRJ","schedule":[{"day":0,"utc":"15:19:00","flight":"UA316"},{"day":1,"utc":"08:12:00","flight":"UA326"},{"day":1,"utc":"16:44:00","flight":"UA620"},{"day":2,"utc":"14:55:00","flight":"UA970"},{"day":2,"utc":"09:28:00","flight":"UA777"},{"day":2,"utc":"19:24:00","flight":"UA712"},{"day":2,"utc":"06:58:00","flight":"UA864"},{"day":2,"utc":"14:17:00","flight":"UA111"},{"day":3,"utc":"16:52:00","flight":"UA935"},{"day":4,"utc":"09:33:00","flight":"UA525"},{"day":4,"utc":"20:29:00","flight":"UA757"},{"day":4,"utc":"07:18:00","flight":"UA576"},{"day":4,"utc":"20:08:00","flight":"UA652"},{"day":4,"utc":"07:30:00","flight":"UA490"},{"day":5,"utc":"16:23:00","flight":"UA151"},{"day":5,"utc":"15:04:00","flight":"UA897"},{"day":5,"utc":"03:54:00","flight":"UA162"},{"day":5,"utc":"18:26:00","flight":"UA744"},{"day":6,"utc":"19:29:00","flight":"UA682"},{"day":6,"utc":"14:25:00","flight":"UA238"},{"day":6,"utc":"16:31:00","flight":"UA038"}],"distance":315.6699525362528}