{"id":59697,"type":"route","airline":"US","airlineid":"airline_5265","sourceairport":"MIA","destinationairport":"CMH","stops":0,"equipment":"ER4","schedule":[{"day":0,"utc":"15:04:00","flight":"US845"},{"day":0,"utc":"02:45:00","flight":"US591"},{"day":0,"utc":"05:39:00","flight":"US809"},{"day":0,"utc":"13:16:00","flight":"US765"},{"day":0,"utc":"07:02:00","flight":"US412"},{"day":1,"utc":"19:56:00","flight":"US062"},{"day":1,"utc":"06:22:00","flight":"US781"},{"day":2,"utc":"18:24:00","flight":"US248"},{"day":2,"utc":"09:35:00","flight":"US097"},{"day":2,"utc":"04:08:00","flight":"US559"},{"day":2,"utc":"13:10:00","flight":"US288"},{"day":3,"utc":"14:18:00","flight":"US740"},{"day":3,"utc":"15:55:00","flight":"US020"},{"day":4,"utc":"17:12:00","flight":"US638"},{"day":4,"utc":"19:44:00","flight":"US129"},{"day":5,"utc":"17:05:00","flight":"US525"},{"day":5,"utc":"04:28:00","flight":"US328"},{"day":5,"utc":"02:29:00","flight":"US136"},{"day":6,"utc":"02:35:00","flight":"US678"}],"distance":1597.8424402903859}