{"id":24466,"type":"route","airline":"F9","airlineid":"airline_2468","sourceairport":"MKE","destinationairport":"DEN","stops":0,"equipment":"319 320","schedule":[{"day":0,"utc":"17:51:00","flight":"F9862"},{"day":0,"utc":"00:55:00","flight":"F9857"},{"day":0,"utc":"23:45:00","flight":"F9709"},{"day":0,"utc":"13:54:00","flight":"F9327"},{"day":0,"utc":"07:45:00","flight":"F9603"},{"day":1,"utc":"20:21:00","flight":"F9583"},{"day":1,"utc":"22:59:00","flight":"F9805"},{"day":2,"utc":"00:31:00","flight":"F9254"},{"day":2,"utc":"19:45:00","flight":"F9817"},{"day":3,"utc":"19:58:00","flight":"F9835"},{"day":3,"utc":"00:58:00","flight":"F9884"},{"day":4,"utc":"04:43:00","flight":"F9094"},{"day":4,"utc":"01:26:00","flight":"F9143"},{"day":4,"utc":"00:17:00","flight":"F9009"},{"day":4,"utc":"08:25:00","flight":"F9672"},{"day":4,"utc":"10:17:00","flight":"F9090"},{"day":5,"utc":"20:59:00","flight":"F9710"},{"day":5,"utc":"03:58:00","flight":"F9955"},{"day":5,"utc":"19:50:00","flight":"F9068"},{"day":5,"utc":"11:40:00","flight":"F9299"},{"day":6,"utc":"09:08:00","flight":"F9968"},{"day":6,"utc":"15:38:00","flight":"F9948"}],"distance":1437.9863360859972}