{"id":45749,"type":"route","airline":"PK","airlineid":"airline_3871","sourceairport":"BHX","destinationairport":"ISB","stops":0,"equipment":"777","schedule":[{"day":0,"utc":"09:57:00","flight":"PK906"},{"day":1,"utc":"03:21:00","flight":"PK013"},{"day":1,"utc":"12:47:00","flight":"PK263"},{"day":2,"utc":"09:31:00","flight":"PK101"},{"day":2,"utc":"08:52:00","flight":"PK087"},{"day":2,"utc":"21:50:00","flight":"PK946"},{"day":2,"utc":"19:28:00","flight":"PK931"},{"day":2,"utc":"04:42:00","flight":"PK951"},{"day":3,"utc":"16:57:00","flight":"PK460"},{"day":4,"utc":"16:26:00","flight":"PK770"},{"day":4,"utc":"05:27:00","flight":"PK415"},{"day":5,"utc":"21:22:00","flight":"PK296"},{"day":5,"utc":"21:59:00","flight":"PK833"},{"day":5,"utc":"14:04:00","flight":"PK447"},{"day":5,"utc":"12:40:00","flight":"PK646"},{"day":6,"utc":"17:46:00","flight":"PK905"},{"day":6,"utc":"22:29:00","flight":"PK137"},{"day":6,"utc":"11:11:00","flight":"PK193"}],"distance":6131.014707730741}