{"id":52975,"type":"route","airline":"TN","airlineid":"airline_225","sourceairport":"LAX","destinationairport":"PPT","stops":0,"equipment":"343","schedule":[{"day":0,"utc":"17:31:00","flight":"TN909"},{"day":0,"utc":"02:14:00","flight":"TN958"},{"day":0,"utc":"15:01:00","flight":"TN214"},{"day":0,"utc":"10:20:00","flight":"TN896"},{"day":0,"utc":"16:51:00","flight":"TN278"},{"day":1,"utc":"03:52:00","flight":"TN987"},{"day":2,"utc":"18:45:00","flight":"TN345"},{"day":3,"utc":"12:41:00","flight":"TN418"},{"day":3,"utc":"13:14:00","flight":"TN959"},{"day":3,"utc":"01:25:00","flight":"TN736"},{"day":3,"utc":"13:35:00","flight":"TN655"},{"day":3,"utc":"17:23:00","flight":"TN320"},{"day":4,"utc":"07:49:00","flight":"TN880"},{"day":4,"utc":"12:06:00","flight":"TN581"},{"day":5,"utc":"17:11:00","flight":"TN612"},{"day":6,"utc":"02:49:00","flight":"TN108"},{"day":6,"utc":"12:32:00","flight":"TN492"}],"distance":6611.933232532142}