{"id":50635,"type":"route","airline":"SS","airlineid":"airline_1908","sourceairport":"ORY","destinationairport":"ABJ","stops":0,"equipment":"333","schedule":[{"day":0,"utc":"05:35:00","flight":"SS422"},{"day":1,"utc":"23:52:00","flight":"SS457"},{"day":1,"utc":"01:33:00","flight":"SS336"},{"day":1,"utc":"18:40:00","flight":"SS081"},{"day":1,"utc":"07:40:00","flight":"SS701"},{"day":1,"utc":"11:34:00","flight":"SS395"},{"day":2,"utc":"23:52:00","flight":"SS615"},{"day":3,"utc":"16:08:00","flight":"SS815"},{"day":3,"utc":"14:24:00","flight":"SS875"},{"day":3,"utc":"21:02:00","flight":"SS446"},{"day":3,"utc":"21:39:00","flight":"SS750"},{"day":3,"utc":"00:09:00","flight":"SS025"},{"day":4,"utc":"09:47:00","flight":"SS780"},{"day":4,"utc":"20:13:00","flight":"SS114"},{"day":5,"utc":"11:50:00","flight":"SS562"},{"day":5,"utc":"12:38:00","flight":"SS534"},{"day":5,"utc":"05:19:00","flight":"SS412"},{"day":5,"utc":"05:54:00","flight":"SS172"},{"day":5,"utc":"09:34:00","flight":"SS418"},{"day":6,"utc":"23:54:00","flight":"SS574"},{"day":6,"utc":"17:25:00","flight":"SS365"},{"day":6,"utc":"03:23:00","flight":"SS884"}],"distance":4869.428914132909}