{"title":"Paris/4th arrondissement","name":"Brasserie Bofinger","alt":null,"address":"3, rue de la Bastille","directions":"Metro: Bastille","phone":"+33 1 42 72 87 82","tollfree":null,"email":null,"url":"http://www.bofingerparis.com/","hours":null,"image":null,"price":null,"content":"A beautiful, historical ''décor'' in the ''Art Nouveau'' style (see the ceiling upstairs); good Alsatian cuisine : ''choucroute'', kuglopf, etc, plus good classic ''cuisine de brasserie''.","geo":{"lat":48.853894,"lon":2.36806,"accuracy":"APPROXIMATE"},"activity":"eat","type":"landmark","id":21772,"country":"France","city":"Paris","state":"Île-de-France"}