{"id":55030,"type":"route","airline":"U2","airlineid":"airline_2297","sourceairport":"LIS","destinationairport":"LPL","stops":0,"equipment":"319 320","schedule":[{"day":0,"utc":"02:16:00","flight":"U2505"},{"day":0,"utc":"13:10:00","flight":"U2313"},{"day":0,"utc":"05:04:00","flight":"U2994"},{"day":1,"utc":"11:30:00","flight":"U2408"},{"day":1,"utc":"23:03:00","flight":"U2792"},{"day":1,"utc":"12:06:00","flight":"U2879"},{"day":1,"utc":"03:46:00","flight":"U2963"},{"day":2,"utc":"18:02:00","flight":"U2086"},{"day":2,"utc":"16:34:00","flight":"U2722"},{"day":2,"utc":"21:17:00","flight":"U2312"},{"day":2,"utc":"22:20:00","flight":"U2692"},{"day":2,"utc":"19:38:00","flight":"U2666"},{"day":3,"utc":"12:22:00","flight":"U2036"},{"day":4,"utc":"21:13:00","flight":"U2192"},{"day":4,"utc":"11:36:00","flight":"U2299"},{"day":4,"utc":"07:20:00","flight":"U2132"},{"day":4,"utc":"12:59:00","flight":"U2120"},{"day":5,"utc":"15:42:00","flight":"U2009"},{"day":5,"utc":"12:17:00","flight":"U2997"},{"day":5,"utc":"12:28:00","flight":"U2180"},{"day":6,"utc":"12:31:00","flight":"U2941"}],"distance":1687.6517551875254}