{"id":2563,"type":"route","airline":"7H","airlineid":"airline_16726","sourceairport":"ANC","destinationairport":"UNK","stops":0,"equipment":"DH8","schedule":[{"day":0,"utc":"12:53:00","flight":"7H164"},{"day":0,"utc":"19:12:00","flight":"7H150"},{"day":0,"utc":"17:09:00","flight":"7H287"},{"day":0,"utc":"01:39:00","flight":"7H336"},{"day":1,"utc":"23:47:00","flight":"7H627"},{"day":1,"utc":"19:58:00","flight":"7H337"},{"day":1,"utc":"15:27:00","flight":"7H916"},{"day":2,"utc":"20:21:00","flight":"7H935"},{"day":2,"utc":"16:44:00","flight":"7H520"},{"day":2,"utc":"15:37:00","flight":"7H444"},{"day":2,"utc":"03:16:00","flight":"7H733"},{"day":3,"utc":"20:15:00","flight":"7H877"},{"day":3,"utc":"23:21:00","flight":"7H020"},{"day":3,"utc":"19:38:00","flight":"7H593"},{"day":3,"utc":"23:09:00","flight":"7H736"},{"day":3,"utc":"09:32:00","flight":"7H372"},{"day":4,"utc":"22:01:00","flight":"7H155"},{"day":4,"utc":"11:28:00","flight":"7H126"},{"day":4,"utc":"17:44:00","flight":"7H522"},{"day":4,"utc":"09:24:00","flight":"7H153"},{"day":4,"utc":"01:56:00","flight":"7H426"},{"day":5,"utc":"16:50:00","flight":"7H573"},{"day":6,"utc":"21:37:00","flight":"7H105"},{"day":6,"utc":"14:31:00","flight":"7H559"},{"day":6,"utc":"09:21:00","flight":"7H107"},{"day":6,"utc":"15:04:00","flight":"7H037"}],"distance":629.7998374339038}