{"id":21849,"type":"route","airline":"DL","airlineid":"airline_2009","sourceairport":"SLC","destinationairport":"RDU","stops":0,"equipment":"320 73H","schedule":[{"day":0,"utc":"04:10:00","flight":"DL856"},{"day":0,"utc":"09:13:00","flight":"DL161"},{"day":0,"utc":"06:55:00","flight":"DL744"},{"day":0,"utc":"05:47:00","flight":"DL869"},{"day":0,"utc":"03:45:00","flight":"DL979"},{"day":1,"utc":"23:44:00","flight":"DL425"},{"day":1,"utc":"09:39:00","flight":"DL962"},{"day":1,"utc":"18:48:00","flight":"DL538"},{"day":1,"utc":"12:00:00","flight":"DL726"},{"day":2,"utc":"02:46:00","flight":"DL873"},{"day":2,"utc":"02:19:00","flight":"DL140"},{"day":3,"utc":"10:58:00","flight":"DL414"},{"day":3,"utc":"08:17:00","flight":"DL431"},{"day":3,"utc":"10:57:00","flight":"DL795"},{"day":4,"utc":"21:31:00","flight":"DL059"},{"day":5,"utc":"13:53:00","flight":"DL422"},{"day":5,"utc":"07:00:00","flight":"DL444"},{"day":6,"utc":"02:08:00","flight":"DL226"}],"distance":2927.9017600692455}