{"id":6775,"type":"route","airline":"AA","airlineid":"airline_24","sourceairport":"SFO","destinationairport":"LHR","stops":0,"equipment":"744","schedule":[{"day":0,"utc":"11:27:00","flight":"AA163"},{"day":0,"utc":"02:07:00","flight":"AA873"},{"day":0,"utc":"11:33:00","flight":"AA306"},{"day":0,"utc":"10:07:00","flight":"AA836"},{"day":0,"utc":"13:15:00","flight":"AA222"},{"day":1,"utc":"13:13:00","flight":"AA853"},{"day":1,"utc":"16:27:00","flight":"AA726"},{"day":1,"utc":"13:01:00","flight":"AA507"},{"day":1,"utc":"02:09:00","flight":"AA168"},{"day":1,"utc":"05:14:00","flight":"AA931"},{"day":2,"utc":"07:55:00","flight":"AA678"},{"day":3,"utc":"07:06:00","flight":"AA205"},{"day":3,"utc":"18:29:00","flight":"AA499"},{"day":3,"utc":"18:13:00","flight":"AA198"},{"day":4,"utc":"23:49:00","flight":"AA580"},{"day":4,"utc":"17:25:00","flight":"AA706"},{"day":4,"utc":"22:31:00","flight":"AA231"},{"day":5,"utc":"16:46:00","flight":"AA050"},{"day":5,"utc":"22:39:00","flight":"AA837"},{"day":6,"utc":"10:19:00","flight":"AA820"},{"day":6,"utc":"01:30:00","flight":"AA813"},{"day":6,"utc":"17:47:00","flight":"AA101"},{"day":6,"utc":"22:50:00","flight":"AA990"},{"day":6,"utc":"09:26:00","flight":"AA564"}],"distance":8615.465625876193}