{"id":26322,"type":"route","airline":"FR","airlineid":"airline_4296","sourceairport":"BVA","destinationairport":"SNN","stops":0,"equipment":"738","schedule":[{"day":0,"utc":"17:37:00","flight":"FR695"},{"day":1,"utc":"20:40:00","flight":"FR290"},{"day":2,"utc":"17:23:00","flight":"FR086"},{"day":3,"utc":"21:31:00","flight":"FR190"},{"day":4,"utc":"21:05:00","flight":"FR068"},{"day":4,"utc":"06:45:00","flight":"FR835"},{"day":4,"utc":"18:06:00","flight":"FR912"},{"day":4,"utc":"06:32:00","flight":"FR644"},{"day":5,"utc":"16:01:00","flight":"FR963"},{"day":5,"utc":"01:12:00","flight":"FR532"},{"day":5,"utc":"09:42:00","flight":"FR458"},{"day":5,"utc":"12:59:00","flight":"FR342"},{"day":6,"utc":"09:10:00","flight":"FR261"}],"distance":850.2681952100631}