{"id":50009,"type":"route","airline":"SK","airlineid":"airline_4319","sourceairport":"LHR","destinationairport":"CPH","stops":0,"equipment":"320 321 CR9","schedule":[{"day":0,"utc":"08:49:00","flight":"SK109"},{"day":0,"utc":"03:02:00","flight":"SK429"},{"day":0,"utc":"01:57:00","flight":"SK080"},{"day":0,"utc":"18:32:00","flight":"SK936"},{"day":1,"utc":"15:11:00","flight":"SK693"},{"day":2,"utc":"00:04:00","flight":"SK876"},{"day":2,"utc":"22:38:00","flight":"SK553"},{"day":3,"utc":"19:14:00","flight":"SK053"},{"day":4,"utc":"12:33:00","flight":"SK229"},{"day":4,"utc":"01:36:00","flight":"SK812"},{"day":4,"utc":"05:01:00","flight":"SK744"},{"day":5,"utc":"03:13:00","flight":"SK729"},{"day":5,"utc":"08:43:00","flight":"SK649"},{"day":6,"utc":"09:39:00","flight":"SK076"},{"day":6,"utc":"22:11:00","flight":"SK769"}],"distance":979.1583642061473}