{"id":56098,"type":"route","airline":"UA","airlineid":"airline_5209","sourceairport":"DEN","destinationairport":"CLE","stops":0,"equipment":"320 738 319","schedule":[{"day":0,"utc":"12:25:00","flight":"UA364"},{"day":0,"utc":"13:57:00","flight":"UA849"},{"day":1,"utc":"22:39:00","flight":"UA838"},{"day":1,"utc":"03:37:00","flight":"UA245"},{"day":1,"utc":"19:09:00","flight":"UA091"},{"day":1,"utc":"20:18:00","flight":"UA286"},{"day":2,"utc":"02:41:00","flight":"UA931"},{"day":2,"utc":"17:07:00","flight":"UA401"},{"day":2,"utc":"11:52:00","flight":"UA590"},{"day":2,"utc":"14:26:00","flight":"UA317"},{"day":3,"utc":"11:00:00","flight":"UA111"},{"day":3,"utc":"07:12:00","flight":"UA139"},{"day":3,"utc":"01:54:00","flight":"UA941"},{"day":3,"utc":"21:18:00","flight":"UA187"},{"day":3,"utc":"05:28:00","flight":"UA278"},{"day":4,"utc":"12:45:00","flight":"UA384"},{"day":4,"utc":"15:16:00","flight":"UA773"},{"day":4,"utc":"23:39:00","flight":"UA533"},{"day":5,"utc":"02:50:00","flight":"UA687"},{"day":5,"utc":"19:10:00","flight":"UA968"},{"day":5,"utc":"02:21:00","flight":"UA425"},{"day":5,"utc":"14:16:00","flight":"UA143"},{"day":6,"utc":"08:13:00","flight":"UA772"},{"day":6,"utc":"04:30:00","flight":"UA344"},{"day":6,"utc":"06:26:00","flight":"UA470"},{"day":6,"utc":"13:35:00","flight":"UA181"},{"day":6,"utc":"11:41:00","flight":"UA002"}],"distance":1927.9400714900914}