{"id":23177,"type":"route","airline":"EK","airlineid":"airline_2183","sourceairport":"DXB","destinationairport":"IAD","stops":0,"equipment":"77W","schedule":[{"day":0,"utc":"18:01:00","flight":"EK326"},{"day":0,"utc":"07:18:00","flight":"EK356"},{"day":0,"utc":"23:55:00","flight":"EK254"},{"day":1,"utc":"14:49:00","flight":"EK490"},{"day":2,"utc":"12:45:00","flight":"EK429"},{"day":2,"utc":"08:42:00","flight":"EK291"},{"day":2,"utc":"11:09:00","flight":"EK870"},{"day":3,"utc":"04:42:00","flight":"EK389"},{"day":3,"utc":"11:22:00","flight":"EK189"},{"day":3,"utc":"09:56:00","flight":"EK624"},{"day":4,"utc":"02:06:00","flight":"EK434"},{"day":5,"utc":"17:09:00","flight":"EK186"},{"day":5,"utc":"06:46:00","flight":"EK037"},{"day":6,"utc":"07:14:00","flight":"EK566"},{"day":6,"utc":"13:47:00","flight":"EK416"},{"day":6,"utc":"10:55:00","flight":"EK427"}],"distance":11355.264169417169}