{"id":15100,"type":"route","airline":"BE","airlineid":"airline_2421","sourceairport":"DUB","destinationairport":"CFN","stops":0,"equipment":"SF3","schedule":[{"day":0,"utc":"07:45:00","flight":"BE898"},{"day":1,"utc":"15:52:00","flight":"BE286"},{"day":2,"utc":"07:10:00","flight":"BE904"},{"day":2,"utc":"00:19:00","flight":"BE115"},{"day":2,"utc":"14:35:00","flight":"BE936"},{"day":2,"utc":"16:20:00","flight":"BE479"},{"day":2,"utc":"18:46:00","flight":"BE290"},{"day":3,"utc":"03:50:00","flight":"BE886"},{"day":3,"utc":"11:20:00","flight":"BE756"},{"day":4,"utc":"18:21:00","flight":"BE109"},{"day":4,"utc":"19:07:00","flight":"BE323"},{"day":4,"utc":"11:23:00","flight":"BE901"},{"day":4,"utc":"16:41:00","flight":"BE943"},{"day":4,"utc":"17:03:00","flight":"BE157"},{"day":5,"utc":"17:46:00","flight":"BE036"},{"day":5,"utc":"18:37:00","flight":"BE817"},{"day":5,"utc":"20:27:00","flight":"BE199"},{"day":6,"utc":"18:50:00","flight":"BE643"},{"day":6,"utc":"08:01:00","flight":"BE989"}],"distance":225.09967310773484}