{"id":32674,"type":"route","airline":"IB","airlineid":"airline_2822","sourceairport":"MAD","destinationairport":"BOS","stops":0,"equipment":"333","schedule":[{"day":0,"utc":"23:53:00","flight":"IB417"},{"day":0,"utc":"16:34:00","flight":"IB979"},{"day":1,"utc":"10:45:00","flight":"IB523"},{"day":1,"utc":"15:41:00","flight":"IB097"},{"day":1,"utc":"07:13:00","flight":"IB587"},{"day":2,"utc":"13:35:00","flight":"IB716"},{"day":2,"utc":"17:13:00","flight":"IB181"},{"day":2,"utc":"05:59:00","flight":"IB552"},{"day":2,"utc":"05:40:00","flight":"IB733"},{"day":3,"utc":"14:42:00","flight":"IB018"},{"day":3,"utc":"13:29:00","flight":"IB964"},{"day":3,"utc":"12:38:00","flight":"IB624"},{"day":3,"utc":"10:36:00","flight":"IB669"},{"day":3,"utc":"08:04:00","flight":"IB197"},{"day":4,"utc":"12:22:00","flight":"IB996"},{"day":4,"utc":"04:06:00","flight":"IB993"},{"day":5,"utc":"23:47:00","flight":"IB908"},{"day":5,"utc":"14:46:00","flight":"IB733"},{"day":5,"utc":"13:22:00","flight":"IB179"},{"day":5,"utc":"09:30:00","flight":"IB756"},{"day":5,"utc":"02:34:00","flight":"IB330"},{"day":6,"utc":"09:49:00","flight":"IB373"}],"distance":5473.02190096011}