{"id":21633,"type":"route","airline":"DL","airlineid":"airline_2009","sourceairport":"RAP","destinationairport":"SLC","stops":0,"equipment":"CRJ","schedule":[{"day":0,"utc":"15:28:00","flight":"DL271"},{"day":0,"utc":"14:26:00","flight":"DL705"},{"day":0,"utc":"09:44:00","flight":"DL454"},{"day":1,"utc":"03:54:00","flight":"DL327"},{"day":1,"utc":"14:45:00","flight":"DL284"},{"day":1,"utc":"23:21:00","flight":"DL903"},{"day":1,"utc":"05:59:00","flight":"DL867"},{"day":1,"utc":"09:31:00","flight":"DL127"},{"day":2,"utc":"09:26:00","flight":"DL770"},{"day":2,"utc":"04:50:00","flight":"DL320"},{"day":2,"utc":"13:59:00","flight":"DL040"},{"day":2,"utc":"16:42:00","flight":"DL716"},{"day":3,"utc":"21:43:00","flight":"DL994"},{"day":3,"utc":"06:42:00","flight":"DL442"},{"day":3,"utc":"06:13:00","flight":"DL655"},{"day":4,"utc":"00:00:00","flight":"DL184"},{"day":4,"utc":"23:51:00","flight":"DL290"},{"day":5,"utc":"08:51:00","flight":"DL492"},{"day":5,"utc":"16:35:00","flight":"DL646"},{"day":5,"utc":"11:43:00","flight":"DL613"},{"day":5,"utc":"14:30:00","flight":"DL628"},{"day":5,"utc":"21:26:00","flight":"DL096"},{"day":6,"utc":"00:16:00","flight":"DL395"},{"day":6,"utc":"10:42:00","flight":"DL034"}],"distance":816.3360073770474}