{"id":35559,"type":"route","airline":"K5","airlineid":"airline_10765","sourceairport":"MKL","destinationairport":"BNA","stops":0,"equipment":"CNC","schedule":[{"day":0,"utc":"00:53:00","flight":"K5493"},{"day":1,"utc":"10:40:00","flight":"K5309"},{"day":1,"utc":"03:37:00","flight":"K5088"},{"day":2,"utc":"18:17:00","flight":"K5226"},{"day":2,"utc":"23:35:00","flight":"K5451"},{"day":3,"utc":"17:25:00","flight":"K5301"},{"day":3,"utc":"07:14:00","flight":"K5634"},{"day":3,"utc":"09:54:00","flight":"K5250"},{"day":4,"utc":"04:41:00","flight":"K5821"},{"day":4,"utc":"23:17:00","flight":"K5110"},{"day":5,"utc":"03:12:00","flight":"K5718"},{"day":5,"utc":"11:56:00","flight":"K5991"},{"day":5,"utc":"19:03:00","flight":"K5595"},{"day":5,"utc":"02:48:00","flight":"K5980"},{"day":5,"utc":"13:26:00","flight":"K5703"},{"day":6,"utc":"19:52:00","flight":"K5487"},{"day":6,"utc":"06:36:00","flight":"K5102"},{"day":6,"utc":"01:16:00","flight":"K5923"}],"distance":209.88820636683764}