{"id":24431,"type":"route","airline":"F9","airlineid":"airline_2468","sourceairport":"GSO","destinationairport":"DEN","stops":0,"equipment":"319","schedule":[{"day":0,"utc":"03:45:00","flight":"F9990"},{"day":1,"utc":"03:55:00","flight":"F9712"},{"day":1,"utc":"00:12:00","flight":"F9541"},{"day":1,"utc":"20:46:00","flight":"F9830"},{"day":1,"utc":"04:46:00","flight":"F9743"},{"day":1,"utc":"11:34:00","flight":"F9004"},{"day":2,"utc":"23:01:00","flight":"F9350"},{"day":2,"utc":"23:52:00","flight":"F9008"},{"day":3,"utc":"16:26:00","flight":"F9981"},{"day":3,"utc":"20:47:00","flight":"F9921"},{"day":4,"utc":"20:48:00","flight":"F9602"},{"day":4,"utc":"08:11:00","flight":"F9477"},{"day":4,"utc":"13:06:00","flight":"F9851"},{"day":4,"utc":"21:05:00","flight":"F9907"},{"day":4,"utc":"09:12:00","flight":"F9343"},{"day":5,"utc":"07:54:00","flight":"F9249"},{"day":5,"utc":"08:42:00","flight":"F9764"},{"day":6,"utc":"19:20:00","flight":"F9619"},{"day":6,"utc":"05:41:00","flight":"F9297"},{"day":6,"utc":"15:01:00","flight":"F9994"},{"day":6,"utc":"08:21:00","flight":"F9063"}],"distance":2200.6388719301553}