{"id":13980,"type":"route","airline":"B6","airlineid":"airline_3029","sourceairport":"DCA","destinationairport":"SJU","stops":0,"equipment":"320","schedule":[{"day":0,"utc":"00:03:00","flight":"B6004"},{"day":0,"utc":"05:02:00","flight":"B6496"},{"day":1,"utc":"03:50:00","flight":"B6712"},{"day":2,"utc":"22:49:00","flight":"B6985"},{"day":2,"utc":"06:26:00","flight":"B6866"},{"day":3,"utc":"23:10:00","flight":"B6706"},{"day":3,"utc":"17:42:00","flight":"B6943"},{"day":3,"utc":"13:19:00","flight":"B6007"},{"day":3,"utc":"00:38:00","flight":"B6775"},{"day":4,"utc":"17:11:00","flight":"B6965"},{"day":5,"utc":"06:19:00","flight":"B6319"},{"day":5,"utc":"03:53:00","flight":"B6084"},{"day":5,"utc":"09:50:00","flight":"B6366"},{"day":5,"utc":"04:49:00","flight":"B6059"},{"day":6,"utc":"15:19:00","flight":"B6619"},{"day":6,"utc":"01:27:00","flight":"B6646"},{"day":6,"utc":"08:12:00","flight":"B6025"},{"day":6,"utc":"07:57:00","flight":"B6596"}],"distance":2507.484130250771}