{"id":1066,"type":"route","airline":"4M","airlineid":"airline_3201","sourceairport":"MIA","destinationairport":"EZE","stops":0,"equipment":"777 763","schedule":[{"day":0,"utc":"09:52:00","flight":"4M913"},{"day":0,"utc":"12:12:00","flight":"4M947"},{"day":1,"utc":"09:09:00","flight":"4M439"},{"day":1,"utc":"13:47:00","flight":"4M927"},{"day":1,"utc":"21:48:00","flight":"4M249"},{"day":1,"utc":"15:01:00","flight":"4M148"},{"day":1,"utc":"06:33:00","flight":"4M998"},{"day":2,"utc":"05:38:00","flight":"4M899"},{"day":2,"utc":"19:21:00","flight":"4M929"},{"day":2,"utc":"05:50:00","flight":"4M080"},{"day":2,"utc":"16:58:00","flight":"4M093"},{"day":3,"utc":"01:52:00","flight":"4M361"},{"day":3,"utc":"04:33:00","flight":"4M600"},{"day":3,"utc":"12:03:00","flight":"4M134"},{"day":3,"utc":"12:54:00","flight":"4M835"},{"day":4,"utc":"21:49:00","flight":"4M615"},{"day":5,"utc":"17:13:00","flight":"4M655"},{"day":5,"utc":"01:14:00","flight":"4M053"},{"day":5,"utc":"14:35:00","flight":"4M161"},{"day":6,"utc":"20:40:00","flight":"4M976"}],"distance":7118.919665892961}