{"id":63419,"type":"route","airline":"WN","airlineid":"airline_4547","sourceairport":"ABQ","destinationairport":"DEN","stops":0,"equipment":"73W 73C","schedule":[{"day":0,"utc":"03:03:00","flight":"WN819"},{"day":0,"utc":"10:12:00","flight":"WN957"},{"day":0,"utc":"04:48:00","flight":"WN449"},{"day":0,"utc":"06:29:00","flight":"WN733"},{"day":0,"utc":"08:02:00","flight":"WN055"},{"day":1,"utc":"18:08:00","flight":"WN279"},{"day":1,"utc":"01:04:00","flight":"WN133"},{"day":1,"utc":"08:52:00","flight":"WN707"},{"day":2,"utc":"06:08:00","flight":"WN921"},{"day":2,"utc":"17:21:00","flight":"WN610"},{"day":2,"utc":"22:34:00","flight":"WN544"},{"day":2,"utc":"09:42:00","flight":"WN787"},{"day":3,"utc":"06:06:00","flight":"WN924"},{"day":4,"utc":"02:02:00","flight":"WN249"},{"day":4,"utc":"02:51:00","flight":"WN002"},{"day":4,"utc":"10:06:00","flight":"WN074"},{"day":4,"utc":"14:31:00","flight":"WN286"},{"day":4,"utc":"00:36:00","flight":"WN555"},{"day":5,"utc":"19:38:00","flight":"WN525"},{"day":5,"utc":"11:21:00","flight":"WN941"},{"day":5,"utc":"10:46:00","flight":"WN619"},{"day":6,"utc":"22:22:00","flight":"WN381"},{"day":6,"utc":"05:08:00","flight":"WN126"},{"day":6,"utc":"07:22:00","flight":"WN035"},{"day":6,"utc":"04:35:00","flight":"WN223"}],"distance":562.6564189795952}