{"id":35918,"type":"route","airline":"KE","airlineid":"airline_3163","sourceairport":"ICN","destinationairport":"ATL","stops":0,"equipment":"77W","schedule":[{"day":0,"utc":"22:30:00","flight":"KE743"},{"day":0,"utc":"13:54:00","flight":"KE242"},{"day":0,"utc":"02:02:00","flight":"KE408"},{"day":0,"utc":"05:51:00","flight":"KE693"},{"day":1,"utc":"10:47:00","flight":"KE298"},{"day":2,"utc":"21:53:00","flight":"KE804"},{"day":2,"utc":"05:34:00","flight":"KE469"},{"day":2,"utc":"01:23:00","flight":"KE284"},{"day":2,"utc":"07:37:00","flight":"KE502"},{"day":2,"utc":"17:23:00","flight":"KE511"},{"day":3,"utc":"07:43:00","flight":"KE067"},{"day":3,"utc":"09:27:00","flight":"KE013"},{"day":3,"utc":"14:14:00","flight":"KE390"},{"day":3,"utc":"01:15:00","flight":"KE377"},{"day":4,"utc":"21:50:00","flight":"KE551"},{"day":4,"utc":"17:06:00","flight":"KE936"},{"day":4,"utc":"01:03:00","flight":"KE448"},{"day":4,"utc":"08:39:00","flight":"KE038"},{"day":5,"utc":"02:04:00","flight":"KE235"},{"day":5,"utc":"18:52:00","flight":"KE826"},{"day":5,"utc":"09:31:00","flight":"KE133"},{"day":5,"utc":"13:02:00","flight":"KE239"},{"day":5,"utc":"02:16:00","flight":"KE566"},{"day":6,"utc":"22:43:00","flight":"KE754"},{"day":6,"utc":"10:00:00","flight":"KE535"}],"distance":11487.150276988361}