{"id":14253,"type":"route","airline":"B6","airlineid":"airline_3029","sourceairport":"SJU","destinationairport":"FLL","stops":0,"equipment":"320 E90","schedule":[{"day":0,"utc":"17:07:00","flight":"B6970"},{"day":0,"utc":"08:53:00","flight":"B6601"},{"day":0,"utc":"17:13:00","flight":"B6947"},{"day":0,"utc":"23:38:00","flight":"B6687"},{"day":1,"utc":"22:24:00","flight":"B6948"},{"day":1,"utc":"20:08:00","flight":"B6987"},{"day":1,"utc":"01:06:00","flight":"B6941"},{"day":1,"utc":"07:55:00","flight":"B6980"},{"day":1,"utc":"02:46:00","flight":"B6298"},{"day":2,"utc":"13:51:00","flight":"B6397"},{"day":2,"utc":"12:47:00","flight":"B6178"},{"day":2,"utc":"08:17:00","flight":"B6474"},{"day":2,"utc":"07:26:00","flight":"B6008"},{"day":2,"utc":"08:36:00","flight":"B6946"},{"day":3,"utc":"17:05:00","flight":"B6044"},{"day":3,"utc":"08:12:00","flight":"B6120"},{"day":3,"utc":"01:57:00","flight":"B6399"},{"day":3,"utc":"23:19:00","flight":"B6995"},{"day":3,"utc":"19:29:00","flight":"B6688"},{"day":4,"utc":"14:24:00","flight":"B6639"},{"day":4,"utc":"10:38:00","flight":"B6378"},{"day":4,"utc":"14:31:00","flight":"B6738"},{"day":4,"utc":"04:03:00","flight":"B6347"},{"day":4,"utc":"08:28:00","flight":"B6606"},{"day":5,"utc":"07:18:00","flight":"B6859"},{"day":5,"utc":"22:50:00","flight":"B6812"},{"day":5,"utc":"16:35:00","flight":"B6748"},{"day":5,"utc":"19:41:00","flight":"B6765"},{"day":5,"utc":"04:30:00","flight":"B6582"},{"day":6,"utc":"07:55:00","flight":"B6417"}],"distance":1683.715895000941}