{"title":"San Francisco/SoMa","name":"Dottie's True Blue Cafe","alt":null,"address":"28 6th St","directions":"between Market St and Mission St","phone":"+1 415 885-2767","tollfree":null,"email":null,"url":"http://dotties.biz/","hours":"M, Th-F 7:30AM-3PM, Sa-Su 7:30AM-4PM","image":null,"price":"$3-$12","content":"Top-rated breakfast cafe and a top contender in San Francisco proper. Affordable food with friendly service; comfortable, intimate atmosphere, and excellent food. Arrive early to stand in line with all the other admirers.","geo":{"lat":37.7817,"lon":-122.41,"accuracy":"APPROXIMATE"},"activity":"eat","type":"landmark","id":25995,"country":"United States","city":"San Francisco","state":"California"}