{"id":45572,"type":"route","airline":"PC","airlineid":"airline_3926","sourceairport":"SAW","destinationairport":"STN","stops":0,"equipment":"738","schedule":[{"day":0,"utc":"19:24:00","flight":"PC878"},{"day":1,"utc":"04:16:00","flight":"PC944"},{"day":1,"utc":"19:20:00","flight":"PC511"},{"day":2,"utc":"12:04:00","flight":"PC691"},{"day":2,"utc":"10:48:00","flight":"PC314"},{"day":2,"utc":"12:55:00","flight":"PC838"},{"day":2,"utc":"21:45:00","flight":"PC043"},{"day":2,"utc":"17:27:00","flight":"PC250"},{"day":3,"utc":"23:22:00","flight":"PC622"},{"day":3,"utc":"11:39:00","flight":"PC667"},{"day":3,"utc":"03:19:00","flight":"PC274"},{"day":3,"utc":"07:21:00","flight":"PC085"},{"day":4,"utc":"22:08:00","flight":"PC089"},{"day":4,"utc":"07:12:00","flight":"PC966"},{"day":4,"utc":"00:30:00","flight":"PC551"},{"day":5,"utc":"09:21:00","flight":"PC497"},{"day":5,"utc":"16:34:00","flight":"PC874"},{"day":5,"utc":"06:24:00","flight":"PC758"},{"day":6,"utc":"02:08:00","flight":"PC570"}],"distance":2518.4378601239723}