{"id":28296,"type":"route","airline":"FS","airlineid":"airline_4513","sourceairport":"TUN","destinationairport":"CDG","stops":0,"equipment":"319","schedule":[{"day":0,"utc":"07:05:00","flight":"FS661"},{"day":0,"utc":"13:38:00","flight":"FS773"},{"day":1,"utc":"11:50:00","flight":"FS722"},{"day":1,"utc":"16:10:00","flight":"FS391"},{"day":1,"utc":"05:35:00","flight":"FS902"},{"day":1,"utc":"00:31:00","flight":"FS182"},{"day":1,"utc":"00:51:00","flight":"FS625"},{"day":2,"utc":"16:13:00","flight":"FS295"},{"day":2,"utc":"11:38:00","flight":"FS600"},{"day":2,"utc":"09:33:00","flight":"FS587"},{"day":2,"utc":"10:27:00","flight":"FS612"},{"day":2,"utc":"14:23:00","flight":"FS855"},{"day":3,"utc":"01:05:00","flight":"FS592"},{"day":3,"utc":"20:40:00","flight":"FS083"},{"day":3,"utc":"22:08:00","flight":"FS599"},{"day":3,"utc":"20:24:00","flight":"FS345"},{"day":4,"utc":"01:35:00","flight":"FS852"},{"day":4,"utc":"15:16:00","flight":"FS498"},{"day":5,"utc":"02:23:00","flight":"FS047"},{"day":5,"utc":"11:23:00","flight":"FS017"},{"day":5,"utc":"14:21:00","flight":"FS015"},{"day":6,"utc":"03:47:00","flight":"FS094"}],"distance":1487.9098005221067}