{"id":56309,"type":"route","airline":"UA","airlineid":"airline_5209","sourceairport":"EWR","destinationairport":"CUN","stops":0,"equipment":"739 738 752","schedule":[{"day":0,"utc":"15:51:00","flight":"UA542"},{"day":0,"utc":"17:08:00","flight":"UA942"},{"day":1,"utc":"17:06:00","flight":"UA355"},{"day":1,"utc":"17:54:00","flight":"UA050"},{"day":2,"utc":"13:37:00","flight":"UA870"},{"day":2,"utc":"10:20:00","flight":"UA846"},{"day":2,"utc":"20:49:00","flight":"UA871"},{"day":2,"utc":"14:19:00","flight":"UA357"},{"day":2,"utc":"12:18:00","flight":"UA750"},{"day":3,"utc":"13:18:00","flight":"UA377"},{"day":3,"utc":"14:49:00","flight":"UA055"},{"day":4,"utc":"00:36:00","flight":"UA009"},{"day":4,"utc":"20:55:00","flight":"UA273"},{"day":4,"utc":"10:39:00","flight":"UA810"},{"day":4,"utc":"21:20:00","flight":"UA131"},{"day":4,"utc":"08:06:00","flight":"UA970"},{"day":5,"utc":"12:58:00","flight":"UA933"},{"day":6,"utc":"09:20:00","flight":"UA442"},{"day":6,"utc":"02:02:00","flight":"UA394"},{"day":6,"utc":"06:22:00","flight":"UA652"}],"distance":2493.3305040638024}