{"id":6824,"type":"route","airline":"AA","airlineid":"airline_24","sourceairport":"SKB","destinationairport":"MIA","stops":0,"equipment":"738","schedule":[{"day":0,"utc":"15:25:00","flight":"AA263"},{"day":0,"utc":"12:18:00","flight":"AA572"},{"day":1,"utc":"02:10:00","flight":"AA122"},{"day":1,"utc":"02:07:00","flight":"AA538"},{"day":1,"utc":"14:14:00","flight":"AA378"},{"day":1,"utc":"14:19:00","flight":"AA693"},{"day":1,"utc":"05:24:00","flight":"AA409"},{"day":2,"utc":"17:00:00","flight":"AA512"},{"day":3,"utc":"20:43:00","flight":"AA742"},{"day":3,"utc":"16:59:00","flight":"AA075"},{"day":3,"utc":"08:22:00","flight":"AA867"},{"day":3,"utc":"07:41:00","flight":"AA520"},{"day":3,"utc":"03:10:00","flight":"AA053"},{"day":4,"utc":"05:49:00","flight":"AA423"},{"day":4,"utc":"09:11:00","flight":"AA771"},{"day":4,"utc":"06:30:00","flight":"AA903"},{"day":4,"utc":"05:34:00","flight":"AA947"},{"day":5,"utc":"06:11:00","flight":"AA404"},{"day":5,"utc":"12:02:00","flight":"AA997"},{"day":6,"utc":"04:29:00","flight":"AA742"},{"day":6,"utc":"06:05:00","flight":"AA573"},{"day":6,"utc":"08:15:00","flight":"AA611"},{"day":6,"utc":"20:01:00","flight":"AA147"},{"day":6,"utc":"14:22:00","flight":"AA577"}],"distance":2044.4342594731274}