{"id":53222,"type":"route","airline":"TO","airlineid":"airline_8745","sourceairport":"LIL","destinationairport":"OUD","stops":0,"equipment":"73H","schedule":[{"day":0,"utc":"12:22:00","flight":"TO694"},{"day":1,"utc":"02:08:00","flight":"TO382"},{"day":2,"utc":"02:43:00","flight":"TO202"},{"day":2,"utc":"04:16:00","flight":"TO607"},{"day":2,"utc":"15:49:00","flight":"TO661"},{"day":2,"utc":"09:50:00","flight":"TO602"},{"day":3,"utc":"08:44:00","flight":"TO195"},{"day":4,"utc":"18:27:00","flight":"TO800"},{"day":4,"utc":"06:56:00","flight":"TO257"},{"day":4,"utc":"17:05:00","flight":"TO212"},{"day":4,"utc":"00:44:00","flight":"TO026"},{"day":5,"utc":"05:10:00","flight":"TO392"},{"day":5,"utc":"16:02:00","flight":"TO969"},{"day":5,"utc":"06:46:00","flight":"TO040"},{"day":6,"utc":"13:30:00","flight":"TO608"},{"day":6,"utc":"17:52:00","flight":"TO615"},{"day":6,"utc":"07:12:00","flight":"TO157"}],"distance":1800.2598312819737}