{"id":10044,"type":"route","airline":"AH","airlineid":"airline_794","sourceairport":"AAE","destinationairport":"MRS","stops":0,"equipment":"738","schedule":[{"day":0,"utc":"04:45:00","flight":"AH209"},{"day":0,"utc":"05:00:00","flight":"AH854"},{"day":0,"utc":"19:40:00","flight":"AH493"},{"day":0,"utc":"07:29:00","flight":"AH264"},{"day":0,"utc":"06:24:00","flight":"AH459"},{"day":1,"utc":"13:42:00","flight":"AH528"},{"day":2,"utc":"01:57:00","flight":"AH192"},{"day":2,"utc":"03:10:00","flight":"AH213"},{"day":2,"utc":"19:36:00","flight":"AH018"},{"day":3,"utc":"07:17:00","flight":"AH699"},{"day":4,"utc":"15:24:00","flight":"AH377"},{"day":5,"utc":"19:30:00","flight":"AH083"},{"day":6,"utc":"03:01:00","flight":"AH477"},{"day":6,"utc":"23:41:00","flight":"AH751"},{"day":6,"utc":"22:18:00","flight":"AH546"},{"day":6,"utc":"20:31:00","flight":"AH047"},{"day":6,"utc":"09:31:00","flight":"AH658"}],"distance":767.6526005881392}