{"title":"San Francisco/The Avenues","name":"Joe's Ice Cream","alt":null,"address":"5420 Geary Blvd","directions":"between 18th Ave and 19th","phone":"+1 415 751-1950","tollfree":null,"email":null,"url":"http://www.joesicecream.com/","hours":"Su, Tu-Th 11AM-10PM, F-Sa 11AM-11PM, closed Mondays (grill closes at 9PM)","image":null,"price":null,"content":"A classic American ice cream parlor with an Asian twist.","geo":{"lat":37.7807,"lon":-122.4777,"accuracy":"RANGE_INTERPOLATED"},"activity":"eat","type":"landmark","id":26086,"country":"United States","city":"San Francisco","state":"California"}