{"id":30219,"type":"route","airline":"GS","airlineid":"airline_690","sourceairport":"DSN","destinationairport":"WUH","stops":0,"equipment":"ERJ","schedule":[{"day":0,"utc":"16:06:00","flight":"GS616"},{"day":0,"utc":"01:36:00","flight":"GS252"},{"day":1,"utc":"07:05:00","flight":"GS801"},{"day":1,"utc":"01:41:00","flight":"GS129"},{"day":2,"utc":"15:47:00","flight":"GS385"},{"day":2,"utc":"21:51:00","flight":"GS594"},{"day":2,"utc":"05:40:00","flight":"GS921"},{"day":2,"utc":"15:49:00","flight":"GS453"},{"day":3,"utc":"13:46:00","flight":"GS575"},{"day":3,"utc":"17:15:00","flight":"GS322"},{"day":3,"utc":"06:05:00","flight":"GS692"},{"day":3,"utc":"15:39:00","flight":"GS830"},{"day":3,"utc":"03:22:00","flight":"GS953"},{"day":4,"utc":"14:49:00","flight":"GS726"},{"day":4,"utc":"22:30:00","flight":"GS606"},{"day":4,"utc":"19:04:00","flight":"GS060"},{"day":4,"utc":"09:22:00","flight":"GS462"},{"day":5,"utc":"23:03:00","flight":"GS941"},{"day":5,"utc":"21:26:00","flight":"GS018"},{"day":5,"utc":"22:41:00","flight":"GS101"},{"day":5,"utc":"22:32:00","flight":"GS380"},{"day":5,"utc":"09:47:00","flight":"GS524"},{"day":6,"utc":"18:45:00","flight":"GS278"},{"day":6,"utc":"10:09:00","flight":"GS599"},{"day":6,"utc":"10:22:00","flight":"GS117"}],"distance":1076.5837909775767}