{"id":25365,"type":"route","airline":"FL","airlineid":"airline_1316","sourceairport":"OAK","destinationairport":"MDW","stops":0,"equipment":"73H","schedule":[{"day":0,"utc":"16:37:00","flight":"FL481"},{"day":0,"utc":"21:32:00","flight":"FL622"},{"day":0,"utc":"11:51:00","flight":"FL436"},{"day":1,"utc":"14:42:00","flight":"FL389"},{"day":1,"utc":"22:44:00","flight":"FL737"},{"day":1,"utc":"21:43:00","flight":"FL808"},{"day":2,"utc":"13:54:00","flight":"FL581"},{"day":2,"utc":"15:45:00","flight":"FL034"},{"day":2,"utc":"13:10:00","flight":"FL434"},{"day":2,"utc":"10:53:00","flight":"FL158"},{"day":3,"utc":"20:16:00","flight":"FL887"},{"day":3,"utc":"02:03:00","flight":"FL055"},{"day":3,"utc":"03:29:00","flight":"FL173"},{"day":3,"utc":"09:29:00","flight":"FL472"},{"day":3,"utc":"16:23:00","flight":"FL633"},{"day":4,"utc":"19:46:00","flight":"FL161"},{"day":4,"utc":"10:54:00","flight":"FL202"},{"day":4,"utc":"10:06:00","flight":"FL553"},{"day":4,"utc":"12:07:00","flight":"FL880"},{"day":5,"utc":"08:46:00","flight":"FL203"},{"day":5,"utc":"08:18:00","flight":"FL634"},{"day":5,"utc":"13:47:00","flight":"FL752"},{"day":5,"utc":"09:57:00","flight":"FL451"},{"day":5,"utc":"08:17:00","flight":"FL708"},{"day":6,"utc":"20:56:00","flight":"FL450"}],"distance":2960.840784910889}