{"id":13715,"type":"route","airline":"AZ","airlineid":"airline_596","sourceairport":"TLS","destinationairport":"CDG","stops":0,"equipment":"320 319","schedule":[{"day":0,"utc":"10:59:00","flight":"AZ503"},{"day":0,"utc":"02:25:00","flight":"AZ608"},{"day":1,"utc":"21:09:00","flight":"AZ013"},{"day":1,"utc":"22:36:00","flight":"AZ108"},{"day":1,"utc":"17:38:00","flight":"AZ730"},{"day":2,"utc":"17:39:00","flight":"AZ527"},{"day":2,"utc":"21:44:00","flight":"AZ506"},{"day":2,"utc":"10:12:00","flight":"AZ072"},{"day":2,"utc":"21:42:00","flight":"AZ661"},{"day":3,"utc":"16:32:00","flight":"AZ873"},{"day":3,"utc":"18:21:00","flight":"AZ005"},{"day":3,"utc":"17:58:00","flight":"AZ573"},{"day":4,"utc":"10:20:00","flight":"AZ318"},{"day":4,"utc":"13:33:00","flight":"AZ537"},{"day":4,"utc":"14:18:00","flight":"AZ187"},{"day":4,"utc":"12:28:00","flight":"AZ590"},{"day":5,"utc":"22:03:00","flight":"AZ997"},{"day":6,"utc":"21:20:00","flight":"AZ915"},{"day":6,"utc":"17:48:00","flight":"AZ927"},{"day":6,"utc":"05:58:00","flight":"AZ073"}],"distance":605.5094451553542}