{"id":15442,"type":"route","airline":"BK","airlineid":"airline_4026","sourceairport":"CSX","destinationairport":"XMN","stops":0,"equipment":"738","schedule":[{"day":0,"utc":"12:40:00","flight":"BK929"},{"day":0,"utc":"19:33:00","flight":"BK818"},{"day":1,"utc":"00:08:00","flight":"BK993"},{"day":1,"utc":"03:07:00","flight":"BK089"},{"day":2,"utc":"08:36:00","flight":"BK106"},{"day":2,"utc":"23:20:00","flight":"BK853"},{"day":3,"utc":"03:53:00","flight":"BK794"},{"day":3,"utc":"23:30:00","flight":"BK579"},{"day":3,"utc":"11:13:00","flight":"BK934"},{"day":3,"utc":"16:32:00","flight":"BK463"},{"day":3,"utc":"06:48:00","flight":"BK131"},{"day":4,"utc":"19:52:00","flight":"BK306"},{"day":4,"utc":"16:05:00","flight":"BK346"},{"day":5,"utc":"19:20:00","flight":"BK323"},{"day":5,"utc":"09:07:00","flight":"BK366"},{"day":6,"utc":"18:33:00","flight":"BK561"},{"day":6,"utc":"12:25:00","flight":"BK109"},{"day":6,"utc":"00:11:00","flight":"BK276"},{"day":6,"utc":"16:22:00","flight":"BK234"}],"distance":634.9943710810196}