{"title":"Birmingham (England)","name":"Soho House","alt":null,"address":"Soho Ave, Handsworth, B18 5LB","directions":"Located off Soho Rd, Buses: 74, 78 and 79, Metro: Benson Road (there is a steep uphill walk to the house)","phone":"+44 121 554-9122","tollfree":null,"email":"contact@birmingham.gov.uk","url":"http://www.birmingham.gov.uk/sohohouse","hours":"8 Apr-29 Oct, Tu-Su 11:30AM-4PM (closed Mondays except Bank Holidays)","image":null,"price":"Free entrance","content":"The elegant home of industrial pioneer Matthew Boulton, who lived at the house from 1766 to 1809. Here, he met with some of the most important scientists, engineers and thinkers of his time - the Lunar Society.","geo":{"lat":52.5,"lon":-1.9225,"accuracy":"RANGE_INTERPOLATED"},"activity":"see","type":"landmark","id":3503,"country":"United Kingdom","city":"Birmingham","state":null}