{"title":"San Diego/Point Loma-Ocean Beach","name":"Dog Beach","alt":null,"address":null,"directions":null,"phone":null,"tollfree":null,"email":null,"url":null,"hours":null,"image":null,"price":null,"content":"At the northern end of Ocean Beach, dog lovers can bring their pets along for a romp in the waves or a swim in the flood channel.","geo":{"lat":32.75418,"lon":-117.25221,"accuracy":"APPROXIMATE"},"activity":"do","type":"landmark","id":25307,"country":"United States","city":"San Diego","state":"California"}