{"id":53367,"type":"route","airline":"TO","airlineid":"airline_8745","sourceairport":"ORY","destinationairport":"PSA","stops":0,"equipment":"73H","schedule":[{"day":0,"utc":"21:40:00","flight":"TO540"},{"day":0,"utc":"04:27:00","flight":"TO031"},{"day":1,"utc":"22:48:00","flight":"TO133"},{"day":2,"utc":"17:13:00","flight":"TO951"},{"day":2,"utc":"21:53:00","flight":"TO477"},{"day":2,"utc":"05:19:00","flight":"TO132"},{"day":3,"utc":"17:23:00","flight":"TO406"},{"day":3,"utc":"02:28:00","flight":"TO820"},{"day":3,"utc":"11:20:00","flight":"TO039"},{"day":3,"utc":"16:36:00","flight":"TO132"},{"day":3,"utc":"11:13:00","flight":"TO984"},{"day":4,"utc":"21:27:00","flight":"TO644"},{"day":5,"utc":"05:08:00","flight":"TO862"},{"day":5,"utc":"06:51:00","flight":"TO607"},{"day":6,"utc":"17:30:00","flight":"TO010"},{"day":6,"utc":"16:03:00","flight":"TO572"}],"distance":833.6987696468639}