{"id":11840,"type":"route","airline":"AS","airlineid":"airline_439","sourceairport":"PDX","destinationairport":"RNO","stops":0,"equipment":"DH4","schedule":[{"day":0,"utc":"12:33:00","flight":"AS081"},{"day":0,"utc":"13:39:00","flight":"AS905"},{"day":0,"utc":"02:40:00","flight":"AS687"},{"day":1,"utc":"19:59:00","flight":"AS059"},{"day":1,"utc":"18:34:00","flight":"AS685"},{"day":2,"utc":"07:46:00","flight":"AS551"},{"day":2,"utc":"21:09:00","flight":"AS433"},{"day":2,"utc":"17:59:00","flight":"AS187"},{"day":3,"utc":"10:14:00","flight":"AS053"},{"day":3,"utc":"21:06:00","flight":"AS198"},{"day":3,"utc":"17:14:00","flight":"AS242"},{"day":3,"utc":"00:16:00","flight":"AS431"},{"day":4,"utc":"16:57:00","flight":"AS407"},{"day":5,"utc":"10:59:00","flight":"AS744"},{"day":5,"utc":"08:54:00","flight":"AS694"},{"day":6,"utc":"17:11:00","flight":"AS588"},{"day":6,"utc":"21:16:00","flight":"AS473"},{"day":6,"utc":"12:20:00","flight":"AS738"},{"day":6,"utc":"00:37:00","flight":"AS370"},{"day":6,"utc":"10:16:00","flight":"AS881"}],"distance":715.5809123214926}