{"id":20188,"type":"route","airline":"DL","airlineid":"airline_2009","sourceairport":"ATL","destinationairport":"MLB","stops":0,"equipment":"M88","schedule":[{"day":0,"utc":"17:40:00","flight":"DL311"},{"day":0,"utc":"05:23:00","flight":"DL728"},{"day":0,"utc":"15:30:00","flight":"DL325"},{"day":0,"utc":"16:22:00","flight":"DL839"},{"day":0,"utc":"17:17:00","flight":"DL474"},{"day":1,"utc":"06:26:00","flight":"DL605"},{"day":1,"utc":"23:45:00","flight":"DL422"},{"day":1,"utc":"16:10:00","flight":"DL239"},{"day":1,"utc":"19:48:00","flight":"DL760"},{"day":2,"utc":"19:08:00","flight":"DL090"},{"day":2,"utc":"16:23:00","flight":"DL091"},{"day":2,"utc":"17:15:00","flight":"DL638"},{"day":2,"utc":"07:09:00","flight":"DL785"},{"day":3,"utc":"17:50:00","flight":"DL696"},{"day":4,"utc":"08:28:00","flight":"DL426"},{"day":4,"utc":"13:17:00","flight":"DL463"},{"day":5,"utc":"13:29:00","flight":"DL020"},{"day":5,"utc":"08:59:00","flight":"DL672"},{"day":6,"utc":"15:27:00","flight":"DL264"},{"day":6,"utc":"11:31:00","flight":"DL602"}],"distance":713.2899161596914}