{"id":64106,"type":"route","airline":"WN","airlineid":"airline_4547","sourceairport":"MDW","destinationairport":"LGA","stops":0,"equipment":"73W 73H","schedule":[{"day":0,"utc":"23:14:00","flight":"WN662"},{"day":0,"utc":"09:46:00","flight":"WN965"},{"day":0,"utc":"19:23:00","flight":"WN534"},{"day":0,"utc":"21:58:00","flight":"WN368"},{"day":1,"utc":"06:09:00","flight":"WN245"},{"day":1,"utc":"00:31:00","flight":"WN695"},{"day":1,"utc":"11:09:00","flight":"WN489"},{"day":1,"utc":"10:37:00","flight":"WN319"},{"day":1,"utc":"15:36:00","flight":"WN528"},{"day":2,"utc":"21:17:00","flight":"WN595"},{"day":2,"utc":"02:00:00","flight":"WN829"},{"day":2,"utc":"03:50:00","flight":"WN225"},{"day":3,"utc":"18:13:00","flight":"WN427"},{"day":4,"utc":"13:38:00","flight":"WN230"},{"day":4,"utc":"04:55:00","flight":"WN154"},{"day":4,"utc":"06:45:00","flight":"WN393"},{"day":5,"utc":"23:05:00","flight":"WN853"},{"day":5,"utc":"14:16:00","flight":"WN584"},{"day":5,"utc":"17:07:00","flight":"WN489"},{"day":6,"utc":"20:59:00","flight":"WN833"},{"day":6,"utc":"20:31:00","flight":"WN376"},{"day":6,"utc":"19:32:00","flight":"WN711"},{"day":6,"utc":"21:03:00","flight":"WN451"}],"distance":1163.9305481730062}