{"id":55759,"type":"route","airline":"UA","airlineid":"airline_5209","sourceairport":"ABJ","destinationairport":"BRU","stops":0,"equipment":"332","schedule":[{"day":0,"utc":"09:07:00","flight":"UA516"},{"day":0,"utc":"12:28:00","flight":"UA107"},{"day":0,"utc":"23:40:00","flight":"UA301"},{"day":0,"utc":"06:13:00","flight":"UA607"},{"day":1,"utc":"05:46:00","flight":"UA529"},{"day":1,"utc":"22:54:00","flight":"UA553"},{"day":2,"utc":"06:57:00","flight":"UA026"},{"day":2,"utc":"06:09:00","flight":"UA213"},{"day":2,"utc":"10:56:00","flight":"UA449"},{"day":2,"utc":"01:08:00","flight":"UA244"},{"day":3,"utc":"05:29:00","flight":"UA534"},{"day":3,"utc":"08:36:00","flight":"UA030"},{"day":4,"utc":"14:11:00","flight":"UA008"},{"day":4,"utc":"18:00:00","flight":"UA706"},{"day":4,"utc":"11:56:00","flight":"UA071"},{"day":4,"utc":"17:04:00","flight":"UA179"},{"day":5,"utc":"13:51:00","flight":"UA868"},{"day":6,"utc":"08:49:00","flight":"UA612"},{"day":6,"utc":"16:49:00","flight":"UA590"},{"day":6,"utc":"21:56:00","flight":"UA235"}],"distance":5134.848507405249}