{"id":63552,"type":"route","airline":"WN","airlineid":"airline_4547","sourceairport":"BNA","destinationairport":"SAN","stops":0,"equipment":"73W","schedule":[{"day":0,"utc":"15:06:00","flight":"WN784"},{"day":1,"utc":"11:32:00","flight":"WN856"},{"day":1,"utc":"21:57:00","flight":"WN905"},{"day":1,"utc":"23:13:00","flight":"WN295"},{"day":1,"utc":"08:10:00","flight":"WN934"},{"day":1,"utc":"00:33:00","flight":"WN336"},{"day":2,"utc":"10:49:00","flight":"WN039"},{"day":2,"utc":"05:45:00","flight":"WN709"},{"day":2,"utc":"11:18:00","flight":"WN065"},{"day":2,"utc":"02:37:00","flight":"WN411"},{"day":2,"utc":"02:19:00","flight":"WN144"},{"day":3,"utc":"04:58:00","flight":"WN944"},{"day":3,"utc":"17:17:00","flight":"WN109"},{"day":3,"utc":"17:50:00","flight":"WN725"},{"day":4,"utc":"18:35:00","flight":"WN055"},{"day":4,"utc":"05:23:00","flight":"WN718"},{"day":4,"utc":"05:55:00","flight":"WN747"},{"day":4,"utc":"07:14:00","flight":"WN175"},{"day":4,"utc":"21:58:00","flight":"WN482"},{"day":5,"utc":"18:43:00","flight":"WN029"},{"day":5,"utc":"18:04:00","flight":"WN542"},{"day":5,"utc":"19:31:00","flight":"WN612"},{"day":5,"utc":"12:23:00","flight":"WN441"},{"day":6,"utc":"20:25:00","flight":"WN183"}],"distance":2812.0461742754032}