{"id":60145,"type":"route","airline":"US","airlineid":"airline_5265","sourceairport":"PHX","destinationairport":"CMH","stops":0,"equipment":"320 319","schedule":[{"day":0,"utc":"12:40:00","flight":"US721"},{"day":0,"utc":"01:56:00","flight":"US109"},{"day":1,"utc":"18:05:00","flight":"US356"},{"day":1,"utc":"13:46:00","flight":"US808"},{"day":1,"utc":"16:56:00","flight":"US712"},{"day":1,"utc":"02:24:00","flight":"US468"},{"day":1,"utc":"08:45:00","flight":"US158"},{"day":2,"utc":"13:21:00","flight":"US085"},{"day":2,"utc":"14:07:00","flight":"US372"},{"day":2,"utc":"13:09:00","flight":"US677"},{"day":2,"utc":"05:36:00","flight":"US866"},{"day":2,"utc":"11:17:00","flight":"US252"},{"day":3,"utc":"20:36:00","flight":"US042"},{"day":3,"utc":"05:36:00","flight":"US759"},{"day":4,"utc":"10:05:00","flight":"US083"},{"day":4,"utc":"20:55:00","flight":"US617"},{"day":4,"utc":"00:36:00","flight":"US515"},{"day":4,"utc":"05:24:00","flight":"US697"},{"day":4,"utc":"06:43:00","flight":"US260"},{"day":5,"utc":"04:01:00","flight":"US053"},{"day":5,"utc":"06:51:00","flight":"US630"},{"day":6,"utc":"15:57:00","flight":"US009"},{"day":6,"utc":"13:59:00","flight":"US631"}],"distance":2682.803389147432}