{"id":38691,"type":"route","airline":"LH","airlineid":"airline_3320","sourceairport":"NCE","destinationairport":"DUS","stops":0,"equipment":"320 319 CR9","schedule":[{"day":0,"utc":"00:55:00","flight":"LH069"},{"day":0,"utc":"17:58:00","flight":"LH569"},{"day":0,"utc":"11:16:00","flight":"LH587"},{"day":0,"utc":"19:56:00","flight":"LH127"},{"day":0,"utc":"10:18:00","flight":"LH233"},{"day":1,"utc":"20:42:00","flight":"LH348"},{"day":1,"utc":"14:49:00","flight":"LH497"},{"day":1,"utc":"18:24:00","flight":"LH576"},{"day":2,"utc":"07:25:00","flight":"LH588"},{"day":2,"utc":"13:39:00","flight":"LH552"},{"day":2,"utc":"03:33:00","flight":"LH873"},{"day":2,"utc":"09:36:00","flight":"LH064"},{"day":2,"utc":"03:28:00","flight":"LH123"},{"day":3,"utc":"06:10:00","flight":"LH371"},{"day":3,"utc":"14:09:00","flight":"LH500"},{"day":4,"utc":"05:55:00","flight":"LH479"},{"day":4,"utc":"03:47:00","flight":"LH891"},{"day":4,"utc":"14:43:00","flight":"LH498"},{"day":4,"utc":"11:51:00","flight":"LH217"},{"day":4,"utc":"09:09:00","flight":"LH525"},{"day":5,"utc":"04:29:00","flight":"LH159"},{"day":5,"utc":"11:37:00","flight":"LH213"},{"day":6,"utc":"18:50:00","flight":"LH047"},{"day":6,"utc":"16:17:00","flight":"LH009"},{"day":6,"utc":"10:12:00","flight":"LH713"},{"day":6,"utc":"19:14:00","flight":"LH619"}],"distance":849.1997048663591}