{"id":58593,"type":"route","airline":"US","airlineid":"airline_5265","sourceairport":"AMS","destinationairport":"PHL","stops":0,"equipment":"752","schedule":[{"day":0,"utc":"12:47:00","flight":"US142"},{"day":0,"utc":"22:20:00","flight":"US586"},{"day":0,"utc":"18:54:00","flight":"US962"},{"day":0,"utc":"12:49:00","flight":"US423"},{"day":0,"utc":"17:41:00","flight":"US665"},{"day":1,"utc":"18:43:00","flight":"US562"},{"day":1,"utc":"22:30:00","flight":"US980"},{"day":1,"utc":"04:13:00","flight":"US086"},{"day":1,"utc":"00:41:00","flight":"US514"},{"day":2,"utc":"00:08:00","flight":"US931"},{"day":2,"utc":"07:00:00","flight":"US345"},{"day":2,"utc":"20:16:00","flight":"US499"},{"day":2,"utc":"08:23:00","flight":"US039"},{"day":3,"utc":"09:57:00","flight":"US662"},{"day":3,"utc":"01:43:00","flight":"US015"},{"day":4,"utc":"21:47:00","flight":"US589"},{"day":4,"utc":"10:24:00","flight":"US909"},{"day":4,"utc":"18:35:00","flight":"US095"},{"day":5,"utc":"03:03:00","flight":"US194"},{"day":6,"utc":"21:40:00","flight":"US004"},{"day":6,"utc":"23:33:00","flight":"US131"},{"day":6,"utc":"21:32:00","flight":"US123"}],"distance":5997.049000161744}