{"id":63505,"type":"route","airline":"WN","airlineid":"airline_4547","sourceairport":"AUS","destinationairport":"SJC","stops":0,"equipment":"73W 733 73C","schedule":[{"day":0,"utc":"22:33:00","flight":"WN904"},{"day":0,"utc":"09:22:00","flight":"WN198"},{"day":0,"utc":"23:08:00","flight":"WN164"},{"day":1,"utc":"05:49:00","flight":"WN225"},{"day":1,"utc":"15:09:00","flight":"WN199"},{"day":2,"utc":"05:34:00","flight":"WN728"},{"day":2,"utc":"17:39:00","flight":"WN186"},{"day":2,"utc":"01:00:00","flight":"WN853"},{"day":2,"utc":"21:26:00","flight":"WN629"},{"day":2,"utc":"23:28:00","flight":"WN944"},{"day":3,"utc":"06:12:00","flight":"WN638"},{"day":3,"utc":"15:26:00","flight":"WN314"},{"day":3,"utc":"00:53:00","flight":"WN954"},{"day":4,"utc":"08:33:00","flight":"WN242"},{"day":4,"utc":"13:12:00","flight":"WN234"},{"day":4,"utc":"20:36:00","flight":"WN543"},{"day":4,"utc":"18:14:00","flight":"WN350"},{"day":5,"utc":"06:29:00","flight":"WN068"},{"day":5,"utc":"17:04:00","flight":"WN806"},{"day":5,"utc":"10:34:00","flight":"WN171"},{"day":5,"utc":"08:53:00","flight":"WN150"},{"day":5,"utc":"11:11:00","flight":"WN469"},{"day":6,"utc":"08:05:00","flight":"WN015"},{"day":6,"utc":"10:34:00","flight":"WN633"},{"day":6,"utc":"17:52:00","flight":"WN600"},{"day":6,"utc":"11:46:00","flight":"WN996"},{"day":6,"utc":"01:13:00","flight":"WN868"}],"distance":2371.413106758051}