{"id":274,"type":"route","airline":"3F","airlineid":"airline_16262","sourceairport":"HYL","destinationairport":"KTB","stops":0,"equipment":"DHP","schedule":[{"day":0,"utc":"00:33:00","flight":"3F994"},{"day":0,"utc":"13:48:00","flight":"3F326"},{"day":0,"utc":"07:17:00","flight":"3F325"},{"day":0,"utc":"10:40:00","flight":"3F371"},{"day":0,"utc":"03:28:00","flight":"3F972"},{"day":1,"utc":"14:36:00","flight":"3F703"},{"day":1,"utc":"21:37:00","flight":"3F892"},{"day":1,"utc":"02:10:00","flight":"3F749"},{"day":1,"utc":"17:49:00","flight":"3F261"},{"day":1,"utc":"19:05:00","flight":"3F095"},{"day":2,"utc":"10:52:00","flight":"3F608"},{"day":3,"utc":"22:23:00","flight":"3F245"},{"day":3,"utc":"13:34:00","flight":"3F081"},{"day":3,"utc":"18:58:00","flight":"3F247"},{"day":4,"utc":"18:30:00","flight":"3F741"},{"day":4,"utc":"00:26:00","flight":"3F501"},{"day":4,"utc":"23:02:00","flight":"3F952"},{"day":5,"utc":"22:59:00","flight":"3F387"},{"day":5,"utc":"05:16:00","flight":"3F491"},{"day":5,"utc":"06:36:00","flight":"3F127"},{"day":5,"utc":"18:41:00","flight":"3F087"},{"day":6,"utc":"14:25:00","flight":"3F218"}],"distance":23.957943869396804}