{"id":4663,"type":"route","airline":"AA","airlineid":"airline_24","sourceairport":"ABZ","destinationairport":"LHR","stops":0,"equipment":"321 320 319","schedule":[{"day":0,"utc":"09:17:00","flight":"AA801"},{"day":0,"utc":"02:10:00","flight":"AA631"},{"day":0,"utc":"13:39:00","flight":"AA236"},{"day":0,"utc":"17:54:00","flight":"AA571"},{"day":0,"utc":"11:18:00","flight":"AA704"},{"day":1,"utc":"21:12:00","flight":"AA543"},{"day":1,"utc":"02:24:00","flight":"AA895"},{"day":1,"utc":"00:44:00","flight":"AA622"},{"day":1,"utc":"23:13:00","flight":"AA802"},{"day":2,"utc":"10:38:00","flight":"AA192"},{"day":2,"utc":"06:00:00","flight":"AA786"},{"day":3,"utc":"05:08:00","flight":"AA739"},{"day":3,"utc":"09:03:00","flight":"AA337"},{"day":4,"utc":"18:56:00","flight":"AA589"},{"day":4,"utc":"06:44:00","flight":"AA182"},{"day":5,"utc":"01:51:00","flight":"AA517"},{"day":6,"utc":"08:14:00","flight":"AA127"}],"distance":646.3485533444561}