{"id":51862,"type":"route","airline":"TCX","airlineid":"airline_4897","sourceairport":"BHX","destinationairport":"PMI","stops":0,"equipment":"752","schedule":[{"day":0,"utc":"03:15:00","flight":"TCX936"},{"day":0,"utc":"00:36:00","flight":"TCX832"},{"day":1,"utc":"00:41:00","flight":"TCX986"},{"day":1,"utc":"15:16:00","flight":"TCX067"},{"day":1,"utc":"23:54:00","flight":"TCX813"},{"day":2,"utc":"15:09:00","flight":"TCX398"},{"day":2,"utc":"18:44:00","flight":"TCX685"},{"day":2,"utc":"02:08:00","flight":"TCX127"},{"day":3,"utc":"20:00:00","flight":"TCX850"},{"day":3,"utc":"01:00:00","flight":"TCX212"},{"day":3,"utc":"06:52:00","flight":"TCX728"},{"day":4,"utc":"02:09:00","flight":"TCX345"},{"day":4,"utc":"22:55:00","flight":"TCX622"},{"day":5,"utc":"05:39:00","flight":"TCX748"},{"day":5,"utc":"11:53:00","flight":"TCX956"},{"day":6,"utc":"00:19:00","flight":"TCX121"}],"distance":1474.7757151712563}