{"id":5249,"type":"route","airline":"AA","airlineid":"airline_24","sourceairport":"DFW","destinationairport":"LFT","stops":0,"equipment":"ERD ER4 CRJ","schedule":[{"day":0,"utc":"20:13:00","flight":"AA986"},{"day":0,"utc":"07:52:00","flight":"AA414"},{"day":0,"utc":"00:47:00","flight":"AA353"},{"day":0,"utc":"21:29:00","flight":"AA986"},{"day":0,"utc":"12:54:00","flight":"AA381"},{"day":1,"utc":"14:45:00","flight":"AA470"},{"day":1,"utc":"10:38:00","flight":"AA512"},{"day":1,"utc":"04:35:00","flight":"AA399"},{"day":2,"utc":"21:03:00","flight":"AA359"},{"day":2,"utc":"07:43:00","flight":"AA605"},{"day":2,"utc":"02:47:00","flight":"AA159"},{"day":2,"utc":"12:51:00","flight":"AA282"},{"day":3,"utc":"10:39:00","flight":"AA781"},{"day":3,"utc":"11:49:00","flight":"AA850"},{"day":4,"utc":"08:51:00","flight":"AA548"},{"day":5,"utc":"01:04:00","flight":"AA668"},{"day":5,"utc":"03:14:00","flight":"AA035"},{"day":6,"utc":"14:02:00","flight":"AA475"},{"day":6,"utc":"06:28:00","flight":"AA628"}],"distance":564.3256641202173}