{"id":36725,"type":"route","airline":"KL","airlineid":"airline_3090","sourceairport":"KTN","destinationairport":"SIT","stops":0,"equipment":"737","schedule":[{"day":0,"utc":"09:39:00","flight":"KL552"},{"day":0,"utc":"20:24:00","flight":"KL503"},{"day":0,"utc":"21:53:00","flight":"KL697"},{"day":1,"utc":"17:51:00","flight":"KL271"},{"day":1,"utc":"07:30:00","flight":"KL204"},{"day":1,"utc":"15:02:00","flight":"KL643"},{"day":2,"utc":"14:08:00","flight":"KL498"},{"day":2,"utc":"08:16:00","flight":"KL808"},{"day":2,"utc":"00:14:00","flight":"KL017"},{"day":3,"utc":"16:37:00","flight":"KL300"},{"day":4,"utc":"09:08:00","flight":"KL400"},{"day":5,"utc":"08:30:00","flight":"KL754"},{"day":5,"utc":"14:22:00","flight":"KL091"},{"day":5,"utc":"16:58:00","flight":"KL633"},{"day":5,"utc":"15:46:00","flight":"KL873"},{"day":5,"utc":"00:29:00","flight":"KL090"},{"day":6,"utc":"22:54:00","flight":"KL845"},{"day":6,"utc":"11:16:00","flight":"KL551"},{"day":6,"utc":"00:07:00","flight":"KL824"}],"distance":293.6875193443657}