{"id":63913,"type":"route","airline":"WN","airlineid":"airline_4547","sourceairport":"LAS","destinationairport":"ALB","stops":0,"equipment":"73W","schedule":[{"day":0,"utc":"18:14:00","flight":"WN478"},{"day":1,"utc":"07:27:00","flight":"WN035"},{"day":1,"utc":"02:43:00","flight":"WN974"},{"day":1,"utc":"01:24:00","flight":"WN286"},{"day":1,"utc":"13:55:00","flight":"WN906"},{"day":1,"utc":"20:56:00","flight":"WN587"},{"day":2,"utc":"06:40:00","flight":"WN402"},{"day":3,"utc":"03:15:00","flight":"WN317"},{"day":4,"utc":"18:26:00","flight":"WN991"},{"day":5,"utc":"11:48:00","flight":"WN452"},{"day":5,"utc":"02:29:00","flight":"WN076"},{"day":5,"utc":"16:21:00","flight":"WN670"},{"day":5,"utc":"11:49:00","flight":"WN268"},{"day":5,"utc":"07:41:00","flight":"WN564"},{"day":6,"utc":"19:04:00","flight":"WN975"},{"day":6,"utc":"13:32:00","flight":"WN644"},{"day":6,"utc":"03:57:00","flight":"WN199"},{"day":6,"utc":"21:55:00","flight":"WN082"},{"day":6,"utc":"07:36:00","flight":"WN986"}],"distance":3591.539470024492}