{"id":64151,"type":"route","airline":"WN","airlineid":"airline_4547","sourceairport":"MKE","destinationairport":"BWI","stops":0,"equipment":"733 73W 73C","schedule":[{"day":0,"utc":"12:09:00","flight":"WN673"},{"day":0,"utc":"06:13:00","flight":"WN955"},{"day":0,"utc":"11:16:00","flight":"WN542"},{"day":0,"utc":"12:44:00","flight":"WN771"},{"day":1,"utc":"21:34:00","flight":"WN053"},{"day":2,"utc":"05:24:00","flight":"WN695"},{"day":2,"utc":"19:20:00","flight":"WN787"},{"day":2,"utc":"12:59:00","flight":"WN572"},{"day":2,"utc":"23:22:00","flight":"WN096"},{"day":2,"utc":"15:12:00","flight":"WN739"},{"day":3,"utc":"23:10:00","flight":"WN755"},{"day":3,"utc":"02:42:00","flight":"WN194"},{"day":4,"utc":"22:33:00","flight":"WN379"},{"day":5,"utc":"19:10:00","flight":"WN142"},{"day":5,"utc":"21:04:00","flight":"WN308"},{"day":5,"utc":"06:17:00","flight":"WN000"},{"day":5,"utc":"14:51:00","flight":"WN803"},{"day":5,"utc":"19:54:00","flight":"WN306"},{"day":6,"utc":"15:45:00","flight":"WN815"}],"distance":1029.494532288899}