{"id":37026,"type":"route","airline":"KM","airlineid":"airline_242","sourceairport":"MLA","destinationairport":"CDG","stops":0,"equipment":"319 320","schedule":[{"day":0,"utc":"18:41:00","flight":"KM964"},{"day":0,"utc":"10:43:00","flight":"KM551"},{"day":1,"utc":"07:51:00","flight":"KM803"},{"day":1,"utc":"06:15:00","flight":"KM605"},{"day":1,"utc":"12:10:00","flight":"KM812"},{"day":1,"utc":"11:50:00","flight":"KM518"},{"day":2,"utc":"11:45:00","flight":"KM122"},{"day":2,"utc":"02:08:00","flight":"KM981"},{"day":2,"utc":"16:23:00","flight":"KM402"},{"day":3,"utc":"23:20:00","flight":"KM017"},{"day":3,"utc":"10:02:00","flight":"KM093"},{"day":3,"utc":"21:59:00","flight":"KM784"},{"day":3,"utc":"00:57:00","flight":"KM628"},{"day":4,"utc":"11:39:00","flight":"KM058"},{"day":5,"utc":"03:35:00","flight":"KM649"},{"day":5,"utc":"06:11:00","flight":"KM807"},{"day":6,"utc":"00:47:00","flight":"KM435"},{"day":6,"utc":"04:21:00","flight":"KM474"},{"day":6,"utc":"06:15:00","flight":"KM187"},{"day":6,"utc":"14:24:00","flight":"KM856"}],"distance":1755.4312069855398}