{"id":12780,"type":"route","airline":"AY","airlineid":"airline_2350","sourceairport":"LHR","destinationairport":"DFW","stops":0,"equipment":"77W 744","schedule":[{"day":0,"utc":"10:14:00","flight":"AY953"},{"day":0,"utc":"13:14:00","flight":"AY221"},{"day":0,"utc":"20:48:00","flight":"AY391"},{"day":1,"utc":"19:34:00","flight":"AY101"},{"day":1,"utc":"09:56:00","flight":"AY770"},{"day":1,"utc":"11:01:00","flight":"AY497"},{"day":1,"utc":"16:32:00","flight":"AY889"},{"day":1,"utc":"18:49:00","flight":"AY442"},{"day":2,"utc":"15:45:00","flight":"AY879"},{"day":2,"utc":"16:50:00","flight":"AY982"},{"day":2,"utc":"20:04:00","flight":"AY326"},{"day":3,"utc":"06:12:00","flight":"AY687"},{"day":3,"utc":"15:07:00","flight":"AY080"},{"day":4,"utc":"08:35:00","flight":"AY721"},{"day":5,"utc":"23:13:00","flight":"AY179"},{"day":5,"utc":"16:51:00","flight":"AY870"},{"day":5,"utc":"20:25:00","flight":"AY405"},{"day":6,"utc":"14:22:00","flight":"AY284"},{"day":6,"utc":"22:05:00","flight":"AY832"},{"day":6,"utc":"13:46:00","flight":"AY188"},{"day":6,"utc":"12:25:00","flight":"AY408"}],"distance":7626.930303021571}