{"id":28916,"type":"route","airline":"G4","airlineid":"airline_35","sourceairport":"BOI","destinationairport":"LAS","stops":0,"equipment":"M80","schedule":[{"day":0,"utc":"00:24:00","flight":"G4378"},{"day":0,"utc":"16:33:00","flight":"G4227"},{"day":0,"utc":"01:39:00","flight":"G4417"},{"day":0,"utc":"16:43:00","flight":"G4434"},{"day":1,"utc":"05:30:00","flight":"G4276"},{"day":1,"utc":"04:22:00","flight":"G4084"},{"day":2,"utc":"19:48:00","flight":"G4312"},{"day":2,"utc":"00:45:00","flight":"G4485"},{"day":2,"utc":"14:01:00","flight":"G4065"},{"day":3,"utc":"16:00:00","flight":"G4375"},{"day":3,"utc":"05:58:00","flight":"G4699"},{"day":3,"utc":"15:33:00","flight":"G4353"},{"day":4,"utc":"18:40:00","flight":"G4982"},{"day":4,"utc":"20:43:00","flight":"G4981"},{"day":4,"utc":"01:50:00","flight":"G4138"},{"day":4,"utc":"06:24:00","flight":"G4041"},{"day":5,"utc":"20:02:00","flight":"G4522"},{"day":5,"utc":"16:09:00","flight":"G4053"},{"day":6,"utc":"10:25:00","flight":"G4206"},{"day":6,"utc":"21:45:00","flight":"G4689"},{"day":6,"utc":"21:07:00","flight":"G4134"}],"distance":837.2022992243012}