{"id":9728,"type":"route","airline":"AF","airlineid":"airline_137","sourceairport":"MLU","destinationairport":"ATL","stops":0,"equipment":"CRJ","schedule":[{"day":0,"utc":"22:51:00","flight":"AF032"},{"day":0,"utc":"09:17:00","flight":"AF668"},{"day":0,"utc":"15:28:00","flight":"AF844"},{"day":1,"utc":"12:25:00","flight":"AF861"},{"day":1,"utc":"10:07:00","flight":"AF915"},{"day":1,"utc":"14:38:00","flight":"AF140"},{"day":1,"utc":"07:10:00","flight":"AF834"},{"day":2,"utc":"08:50:00","flight":"AF148"},{"day":3,"utc":"01:00:00","flight":"AF029"},{"day":3,"utc":"04:31:00","flight":"AF362"},{"day":3,"utc":"04:52:00","flight":"AF718"},{"day":3,"utc":"05:35:00","flight":"AF331"},{"day":4,"utc":"16:51:00","flight":"AF406"},{"day":4,"utc":"22:38:00","flight":"AF745"},{"day":5,"utc":"18:59:00","flight":"AF663"},{"day":5,"utc":"02:36:00","flight":"AF100"},{"day":5,"utc":"16:18:00","flight":"AF133"},{"day":6,"utc":"13:04:00","flight":"AF647"}],"distance":719.8364645208517}