{"id":58710,"type":"route","airline":"US","airlineid":"airline_5265","sourceairport":"BZE","destinationairport":"MIA","stops":0,"equipment":"738","schedule":[{"day":0,"utc":"16:38:00","flight":"US920"},{"day":0,"utc":"06:25:00","flight":"US717"},{"day":0,"utc":"15:37:00","flight":"US924"},{"day":0,"utc":"00:00:00","flight":"US506"},{"day":1,"utc":"21:10:00","flight":"US078"},{"day":2,"utc":"19:18:00","flight":"US973"},{"day":2,"utc":"00:36:00","flight":"US743"},{"day":2,"utc":"23:07:00","flight":"US246"},{"day":2,"utc":"23:33:00","flight":"US511"},{"day":2,"utc":"11:19:00","flight":"US007"},{"day":3,"utc":"09:09:00","flight":"US626"},{"day":3,"utc":"10:13:00","flight":"US710"},{"day":3,"utc":"07:09:00","flight":"US230"},{"day":3,"utc":"19:40:00","flight":"US721"},{"day":4,"utc":"08:51:00","flight":"US669"},{"day":4,"utc":"00:56:00","flight":"US675"},{"day":4,"utc":"01:19:00","flight":"US771"},{"day":4,"utc":"23:11:00","flight":"US565"},{"day":5,"utc":"07:52:00","flight":"US433"},{"day":5,"utc":"21:14:00","flight":"US875"},{"day":5,"utc":"09:48:00","flight":"US870"},{"day":5,"utc":"20:47:00","flight":"US511"},{"day":6,"utc":"04:45:00","flight":"US541"},{"day":6,"utc":"05:34:00","flight":"US059"},{"day":6,"utc":"04:08:00","flight":"US497"}],"distance":1235.6988329177614}