{"id":5971,"type":"route","airline":"AA","airlineid":"airline_24","sourceairport":"MDT","destinationairport":"CLT","stops":0,"equipment":"319 CR7 CRJ","schedule":[{"day":0,"utc":"04:29:00","flight":"AA725"},{"day":0,"utc":"14:27:00","flight":"AA266"},{"day":0,"utc":"13:26:00","flight":"AA540"},{"day":0,"utc":"23:24:00","flight":"AA380"},{"day":0,"utc":"02:08:00","flight":"AA107"},{"day":1,"utc":"11:44:00","flight":"AA506"},{"day":1,"utc":"07:12:00","flight":"AA396"},{"day":1,"utc":"14:31:00","flight":"AA499"},{"day":2,"utc":"12:49:00","flight":"AA461"},{"day":2,"utc":"17:37:00","flight":"AA373"},{"day":2,"utc":"11:07:00","flight":"AA619"},{"day":3,"utc":"05:12:00","flight":"AA447"},{"day":3,"utc":"23:46:00","flight":"AA555"},{"day":3,"utc":"09:27:00","flight":"AA383"},{"day":3,"utc":"11:43:00","flight":"AA273"},{"day":3,"utc":"16:00:00","flight":"AA386"},{"day":4,"utc":"23:23:00","flight":"AA884"},{"day":5,"utc":"04:52:00","flight":"AA360"},{"day":6,"utc":"11:38:00","flight":"AA727"}],"distance":664.4783660387076}