{"id":64385,"type":"route","airline":"WN","airlineid":"airline_4547","sourceairport":"SAN","destinationairport":"RNO","stops":0,"equipment":"73W","schedule":[{"day":0,"utc":"23:20:00","flight":"WN587"},{"day":0,"utc":"23:11:00","flight":"WN653"},{"day":0,"utc":"12:44:00","flight":"WN662"},{"day":0,"utc":"11:38:00","flight":"WN509"},{"day":1,"utc":"21:32:00","flight":"WN305"},{"day":1,"utc":"07:18:00","flight":"WN873"},{"day":1,"utc":"18:28:00","flight":"WN166"},{"day":1,"utc":"19:32:00","flight":"WN444"},{"day":2,"utc":"18:03:00","flight":"WN717"},{"day":3,"utc":"06:58:00","flight":"WN079"},{"day":4,"utc":"22:21:00","flight":"WN519"},{"day":5,"utc":"01:36:00","flight":"WN916"},{"day":5,"utc":"10:19:00","flight":"WN485"},{"day":5,"utc":"13:23:00","flight":"WN607"},{"day":5,"utc":"11:32:00","flight":"WN025"},{"day":6,"utc":"10:07:00","flight":"WN076"},{"day":6,"utc":"22:04:00","flight":"WN979"}],"distance":787.0362177896061}