{"id":43388,"type":"route","airline":"NK","airlineid":"airline_4687","sourceairport":"DTW","destinationairport":"ACY","stops":0,"equipment":"319","schedule":[{"day":0,"utc":"20:30:00","flight":"NK657"},{"day":0,"utc":"07:16:00","flight":"NK231"},{"day":0,"utc":"02:35:00","flight":"NK307"},{"day":0,"utc":"02:52:00","flight":"NK969"},{"day":0,"utc":"08:03:00","flight":"NK252"},{"day":1,"utc":"21:00:00","flight":"NK647"},{"day":1,"utc":"05:34:00","flight":"NK903"},{"day":1,"utc":"20:51:00","flight":"NK578"},{"day":1,"utc":"11:10:00","flight":"NK566"},{"day":1,"utc":"06:43:00","flight":"NK479"},{"day":2,"utc":"22:26:00","flight":"NK120"},{"day":2,"utc":"04:20:00","flight":"NK227"},{"day":3,"utc":"09:44:00","flight":"NK084"},{"day":4,"utc":"07:02:00","flight":"NK709"},{"day":4,"utc":"07:15:00","flight":"NK629"},{"day":4,"utc":"23:57:00","flight":"NK297"},{"day":4,"utc":"11:29:00","flight":"NK290"},{"day":4,"utc":"02:33:00","flight":"NK833"},{"day":5,"utc":"02:00:00","flight":"NK488"},{"day":5,"utc":"14:03:00","flight":"NK415"},{"day":5,"utc":"15:32:00","flight":"NK595"},{"day":5,"utc":"22:38:00","flight":"NK380"},{"day":5,"utc":"15:03:00","flight":"NK094"},{"day":6,"utc":"05:02:00","flight":"NK236"},{"day":6,"utc":"10:56:00","flight":"NK654"},{"day":6,"utc":"06:54:00","flight":"NK988"},{"day":6,"utc":"11:59:00","flight":"NK678"},{"day":6,"utc":"14:02:00","flight":"NK233"}],"distance":798.8650148003782}