{"id":46586,"type":"route","airline":"Q5","airlineid":"airline_10","sourceairport":"FAI","destinationairport":"HKB","stops":0,"equipment":"CNA","schedule":[{"day":0,"utc":"12:40:00","flight":"Q5188"},{"day":0,"utc":"21:53:00","flight":"Q5630"},{"day":0,"utc":"07:47:00","flight":"Q5530"},{"day":0,"utc":"01:10:00","flight":"Q5132"},{"day":0,"utc":"20:11:00","flight":"Q5746"},{"day":1,"utc":"08:07:00","flight":"Q5413"},{"day":2,"utc":"17:39:00","flight":"Q5263"},{"day":2,"utc":"01:55:00","flight":"Q5564"},{"day":2,"utc":"00:09:00","flight":"Q5970"},{"day":2,"utc":"21:24:00","flight":"Q5295"},{"day":2,"utc":"04:41:00","flight":"Q5051"},{"day":3,"utc":"00:16:00","flight":"Q5023"},{"day":3,"utc":"11:45:00","flight":"Q5554"},{"day":3,"utc":"22:22:00","flight":"Q5619"},{"day":4,"utc":"23:19:00","flight":"Q5279"},{"day":4,"utc":"13:35:00","flight":"Q5652"},{"day":4,"utc":"17:53:00","flight":"Q5631"},{"day":4,"utc":"21:54:00","flight":"Q5105"},{"day":5,"utc":"01:19:00","flight":"Q5559"},{"day":5,"utc":"17:36:00","flight":"Q5600"},{"day":6,"utc":"22:59:00","flight":"Q5854"},{"day":6,"utc":"11:58:00","flight":"Q5217"},{"day":6,"utc":"06:32:00","flight":"Q5756"},{"day":6,"utc":"15:14:00","flight":"Q5151"}],"distance":118.20183585107631}