{"title":"London/South Kensington-Chelsea","name":"Troubadour Wines","alt":null,"address":"267 Old Brompton Rd, SW5 9JA","directions":"Right next door to its famous sister, The Troubadour Cafe; tube: Earl's Court or West Brompton","phone":"+44 20 7341-6341","tollfree":null,"email":null,"url":"http://troubadour.co.uk/troubadour-wines/","hours":"12:00–22:00","image":null,"price":null,"content":"This cozy wine bar is a quieter alternative to the buzz next door. With a great selection of wines from around the world, many of which are not available anywhere else in London, this is a peaceful oasis where you can discover delicious and good value wines. Drink in or take home.","geo":{"lat":51.48894,"lon":-0.19168,"accuracy":"RANGE_INTERPOLATED"},"activity":"drink","type":"landmark","id":16430,"country":"United Kingdom","city":"London","state":null}