{"id":26288,"type":"route","airline":"FR","airlineid":"airline_4296","sourceairport":"BVA","destinationairport":"ACE","stops":0,"equipment":"738","schedule":[{"day":0,"utc":"21:35:00","flight":"FR358"},{"day":0,"utc":"08:36:00","flight":"FR062"},{"day":0,"utc":"12:05:00","flight":"FR640"},{"day":1,"utc":"00:36:00","flight":"FR529"},{"day":1,"utc":"15:52:00","flight":"FR149"},{"day":2,"utc":"07:18:00","flight":"FR270"},{"day":3,"utc":"06:07:00","flight":"FR903"},{"day":4,"utc":"16:17:00","flight":"FR782"},{"day":4,"utc":"18:10:00","flight":"FR962"},{"day":4,"utc":"22:00:00","flight":"FR860"},{"day":4,"utc":"04:10:00","flight":"FR961"},{"day":4,"utc":"07:28:00","flight":"FR887"},{"day":5,"utc":"23:20:00","flight":"FR317"},{"day":5,"utc":"23:52:00","flight":"FR443"},{"day":5,"utc":"04:55:00","flight":"FR204"},{"day":5,"utc":"12:09:00","flight":"FR362"},{"day":5,"utc":"00:53:00","flight":"FR483"},{"day":6,"utc":"16:18:00","flight":"FR358"},{"day":6,"utc":"23:06:00","flight":"FR920"},{"day":6,"utc":"00:06:00","flight":"FR338"}],"distance":2640.3309100492606}