{"id":3630,"type":"route","airline":"9K","airlineid":"airline_1629","sourceairport":"BOS","destinationairport":"RUT","stops":0,"equipment":"CNA","schedule":[{"day":0,"utc":"01:56:00","flight":"9K591"},{"day":0,"utc":"06:55:00","flight":"9K539"},{"day":1,"utc":"00:19:00","flight":"9K724"},{"day":1,"utc":"10:05:00","flight":"9K521"},{"day":1,"utc":"15:18:00","flight":"9K718"},{"day":2,"utc":"02:49:00","flight":"9K403"},{"day":2,"utc":"06:30:00","flight":"9K850"},{"day":2,"utc":"19:25:00","flight":"9K288"},{"day":2,"utc":"15:31:00","flight":"9K225"},{"day":2,"utc":"19:17:00","flight":"9K833"},{"day":3,"utc":"18:26:00","flight":"9K497"},{"day":3,"utc":"05:04:00","flight":"9K942"},{"day":3,"utc":"23:31:00","flight":"9K182"},{"day":3,"utc":"12:44:00","flight":"9K176"},{"day":4,"utc":"13:10:00","flight":"9K557"},{"day":4,"utc":"20:57:00","flight":"9K595"},{"day":5,"utc":"02:08:00","flight":"9K002"},{"day":5,"utc":"00:09:00","flight":"9K905"},{"day":6,"utc":"02:01:00","flight":"9K889"},{"day":6,"utc":"23:20:00","flight":"9K782"}],"distance":204.5126204909387}