{"id":21408,"type":"route","airline":"DL","airlineid":"airline_2009","sourceairport":"MSP","destinationairport":"MBS","stops":0,"equipment":"CRJ","schedule":[{"day":0,"utc":"00:49:00","flight":"DL387"},{"day":0,"utc":"10:35:00","flight":"DL339"},{"day":0,"utc":"14:50:00","flight":"DL933"},{"day":0,"utc":"16:51:00","flight":"DL818"},{"day":1,"utc":"20:10:00","flight":"DL917"},{"day":1,"utc":"09:04:00","flight":"DL548"},{"day":1,"utc":"18:52:00","flight":"DL837"},{"day":1,"utc":"03:10:00","flight":"DL025"},{"day":1,"utc":"22:39:00","flight":"DL507"},{"day":2,"utc":"22:12:00","flight":"DL725"},{"day":2,"utc":"02:08:00","flight":"DL571"},{"day":2,"utc":"10:25:00","flight":"DL467"},{"day":3,"utc":"00:38:00","flight":"DL700"},{"day":3,"utc":"07:32:00","flight":"DL468"},{"day":4,"utc":"11:27:00","flight":"DL109"},{"day":4,"utc":"22:19:00","flight":"DL650"},{"day":4,"utc":"19:46:00","flight":"DL432"},{"day":4,"utc":"00:09:00","flight":"DL731"},{"day":5,"utc":"13:54:00","flight":"DL664"},{"day":5,"utc":"05:02:00","flight":"DL038"},{"day":5,"utc":"04:44:00","flight":"DL064"},{"day":5,"utc":"20:01:00","flight":"DL285"},{"day":5,"utc":"17:40:00","flight":"DL163"},{"day":6,"utc":"14:52:00","flight":"DL021"},{"day":6,"utc":"00:55:00","flight":"DL601"},{"day":6,"utc":"03:21:00","flight":"DL451"},{"day":6,"utc":"16:38:00","flight":"DL193"},{"day":6,"utc":"03:21:00","flight":"DL484"}],"distance":743.5368462856758}