{"id":56831,"type":"route","airline":"UA","airlineid":"airline_5209","sourceairport":"IAH","destinationairport":"SAT","stops":0,"equipment":"738 319 73G 739 320","schedule":[{"day":0,"utc":"19:14:00","flight":"UA523"},{"day":1,"utc":"20:13:00","flight":"UA294"},{"day":2,"utc":"18:15:00","flight":"UA005"},{"day":2,"utc":"05:54:00","flight":"UA656"},{"day":3,"utc":"20:30:00","flight":"UA721"},{"day":4,"utc":"15:33:00","flight":"UA298"},{"day":4,"utc":"16:24:00","flight":"UA097"},{"day":5,"utc":"07:51:00","flight":"UA269"},{"day":5,"utc":"15:50:00","flight":"UA512"},{"day":5,"utc":"20:32:00","flight":"UA570"},{"day":6,"utc":"09:36:00","flight":"UA782"}],"distance":306.1003949835949}