{"id":24870,"type":"route","airline":"FL","airlineid":"airline_1316","sourceairport":"ATL","destinationairport":"FLL","stops":0,"equipment":"717","schedule":[{"day":0,"utc":"21:42:00","flight":"FL863"},{"day":0,"utc":"02:21:00","flight":"FL520"},{"day":0,"utc":"20:53:00","flight":"FL265"},{"day":0,"utc":"04:10:00","flight":"FL170"},{"day":1,"utc":"05:59:00","flight":"FL627"},{"day":1,"utc":"23:53:00","flight":"FL661"},{"day":1,"utc":"03:17:00","flight":"FL644"},{"day":1,"utc":"17:10:00","flight":"FL289"},{"day":2,"utc":"12:38:00","flight":"FL930"},{"day":2,"utc":"14:02:00","flight":"FL682"},{"day":2,"utc":"11:39:00","flight":"FL714"},{"day":2,"utc":"10:53:00","flight":"FL256"},{"day":2,"utc":"15:33:00","flight":"FL793"},{"day":3,"utc":"04:59:00","flight":"FL709"},{"day":3,"utc":"18:46:00","flight":"FL893"},{"day":3,"utc":"16:45:00","flight":"FL425"},{"day":4,"utc":"12:33:00","flight":"FL033"},{"day":4,"utc":"08:21:00","flight":"FL032"},{"day":5,"utc":"03:14:00","flight":"FL389"},{"day":5,"utc":"07:22:00","flight":"FL268"},{"day":5,"utc":"14:08:00","flight":"FL112"},{"day":6,"utc":"17:05:00","flight":"FL299"},{"day":6,"utc":"02:49:00","flight":"FL302"},{"day":6,"utc":"08:12:00","flight":"FL710"},{"day":6,"utc":"12:33:00","flight":"FL560"},{"day":6,"utc":"15:48:00","flight":"FL138"}],"distance":936.4413803424311}