{"id":20219,"type":"route","airline":"DL","airlineid":"airline_2009","sourceairport":"ATL","destinationairport":"PWM","stops":0,"equipment":"M88","schedule":[{"day":0,"utc":"03:19:00","flight":"DL422"},{"day":0,"utc":"13:05:00","flight":"DL401"},{"day":1,"utc":"21:54:00","flight":"DL758"},{"day":1,"utc":"16:16:00","flight":"DL364"},{"day":1,"utc":"16:51:00","flight":"DL396"},{"day":2,"utc":"06:10:00","flight":"DL333"},{"day":2,"utc":"03:35:00","flight":"DL742"},{"day":2,"utc":"17:43:00","flight":"DL768"},{"day":2,"utc":"06:25:00","flight":"DL377"},{"day":2,"utc":"01:58:00","flight":"DL829"},{"day":3,"utc":"20:18:00","flight":"DL075"},{"day":3,"utc":"04:46:00","flight":"DL447"},{"day":4,"utc":"03:42:00","flight":"DL203"},{"day":4,"utc":"09:18:00","flight":"DL904"},{"day":4,"utc":"18:53:00","flight":"DL718"},{"day":5,"utc":"09:50:00","flight":"DL190"},{"day":5,"utc":"22:55:00","flight":"DL461"},{"day":5,"utc":"07:31:00","flight":"DL977"},{"day":6,"utc":"17:08:00","flight":"DL698"},{"day":6,"utc":"10:17:00","flight":"DL345"},{"day":6,"utc":"16:45:00","flight":"DL220"}],"distance":1651.7414977725543}