{"id":14204,"type":"route","airline":"B6","airlineid":"airline_3029","sourceairport":"POS","destinationairport":"JFK","stops":0,"equipment":"320","schedule":[{"day":0,"utc":"00:51:00","flight":"B6394"},{"day":1,"utc":"14:35:00","flight":"B6514"},{"day":1,"utc":"13:57:00","flight":"B6650"},{"day":2,"utc":"14:21:00","flight":"B6223"},{"day":2,"utc":"01:46:00","flight":"B6433"},{"day":2,"utc":"20:02:00","flight":"B6131"},{"day":3,"utc":"15:32:00","flight":"B6423"},{"day":4,"utc":"22:15:00","flight":"B6709"},{"day":4,"utc":"00:27:00","flight":"B6102"},{"day":4,"utc":"13:46:00","flight":"B6626"},{"day":4,"utc":"07:41:00","flight":"B6979"},{"day":4,"utc":"08:20:00","flight":"B6044"},{"day":5,"utc":"03:35:00","flight":"B6100"},{"day":5,"utc":"08:29:00","flight":"B6881"},{"day":5,"utc":"03:50:00","flight":"B6199"},{"day":6,"utc":"12:45:00","flight":"B6924"},{"day":6,"utc":"08:09:00","flight":"B6273"}],"distance":3557.35628943404}