{"id":20988,"type":"route","airline":"DL","airlineid":"airline_2009","sourceairport":"JFK","destinationairport":"SFO","stops":0,"equipment":"752","schedule":[{"day":0,"utc":"09:56:00","flight":"DL517"},{"day":0,"utc":"12:53:00","flight":"DL595"},{"day":0,"utc":"04:44:00","flight":"DL699"},{"day":1,"utc":"17:25:00","flight":"DL467"},{"day":1,"utc":"04:42:00","flight":"DL219"},{"day":1,"utc":"16:04:00","flight":"DL663"},{"day":1,"utc":"07:51:00","flight":"DL029"},{"day":1,"utc":"05:23:00","flight":"DL028"},{"day":2,"utc":"00:06:00","flight":"DL194"},{"day":3,"utc":"05:03:00","flight":"DL715"},{"day":3,"utc":"23:56:00","flight":"DL656"},{"day":3,"utc":"04:35:00","flight":"DL338"},{"day":3,"utc":"19:04:00","flight":"DL573"},{"day":4,"utc":"02:43:00","flight":"DL527"},{"day":4,"utc":"08:48:00","flight":"DL290"},{"day":4,"utc":"08:14:00","flight":"DL499"},{"day":4,"utc":"02:00:00","flight":"DL365"},{"day":4,"utc":"10:10:00","flight":"DL505"},{"day":5,"utc":"04:19:00","flight":"DL688"},{"day":5,"utc":"21:49:00","flight":"DL590"},{"day":5,"utc":"20:59:00","flight":"DL069"},{"day":6,"utc":"04:40:00","flight":"DL209"}],"distance":4151.77720839701}