{
  "name": "Haley Rohan",
  "addresses": [
    {
      "type": "work",
      "address": "422 Dillan Station",
      "city": "Austin",
      "country": "United States"
    },
    {
      "type": "home",
      "address": "9399 Kunze Key",
      "city": "Austin",
      "country": "United States"
    }
  ],
  "driving_licence": "99659edc-c4b3-5e33-8ea8-b0cdc81ff2b6",
  "passport": "89faeb1e-d4ea-527c-8646-4bd7a45638fb",
  "preferred_email": "haleyrohan@ka.mz",
  "preferred_phone": "(575) 303-8039",
  "preferred_airline": "inventory.airline.airline_4323",
  "preferred_airport": "inventory.airport.airport_3673",
  "credit_cards": [
    {
      "type": "American Express",
      "number": "340118482047296",
      "expiration": "2021-04"
    }
  ],
  "created": "2020-06-27",
  "updated": "2021-02-19"
}