{"id":59947,"type":"route","airline":"US","airlineid":"airline_5265","sourceairport":"ORD","destinationairport":"OMA","stops":0,"equipment":"CR7","schedule":[{"day":0,"utc":"19:02:00","flight":"US676"},{"day":0,"utc":"19:33:00","flight":"US995"},{"day":1,"utc":"18:29:00","flight":"US698"},{"day":1,"utc":"01:45:00","flight":"US185"},{"day":1,"utc":"17:20:00","flight":"US214"},{"day":1,"utc":"11:53:00","flight":"US690"},{"day":1,"utc":"23:11:00","flight":"US996"},{"day":2,"utc":"21:31:00","flight":"US297"},{"day":2,"utc":"13:23:00","flight":"US614"},{"day":2,"utc":"01:38:00","flight":"US355"},{"day":2,"utc":"02:10:00","flight":"US984"},{"day":2,"utc":"09:17:00","flight":"US960"},{"day":3,"utc":"23:50:00","flight":"US791"},{"day":4,"utc":"02:37:00","flight":"US450"},{"day":5,"utc":"11:01:00","flight":"US505"},{"day":6,"utc":"02:19:00","flight":"US535"}],"distance":667.8796705451464}