{"id":5025,"type":"route","airline":"AA","airlineid":"airline_24","sourceairport":"CMH","destinationairport":"CLT","stops":0,"equipment":"CR9","schedule":[{"day":0,"utc":"03:01:00","flight":"AA097"},{"day":1,"utc":"00:34:00","flight":"AA430"},{"day":1,"utc":"17:25:00","flight":"AA294"},{"day":1,"utc":"04:33:00","flight":"AA072"},{"day":1,"utc":"12:06:00","flight":"AA869"},{"day":1,"utc":"17:10:00","flight":"AA631"},{"day":2,"utc":"09:57:00","flight":"AA456"},{"day":2,"utc":"23:27:00","flight":"AA785"},{"day":2,"utc":"16:42:00","flight":"AA176"},{"day":3,"utc":"13:43:00","flight":"AA888"},{"day":3,"utc":"13:15:00","flight":"AA619"},{"day":3,"utc":"20:00:00","flight":"AA764"},{"day":3,"utc":"08:14:00","flight":"AA984"},{"day":4,"utc":"11:20:00","flight":"AA000"},{"day":4,"utc":"20:59:00","flight":"AA165"},{"day":5,"utc":"19:38:00","flight":"AA675"},{"day":5,"utc":"23:26:00","flight":"AA723"},{"day":5,"utc":"22:27:00","flight":"AA413"},{"day":5,"utc":"14:18:00","flight":"AA132"},{"day":5,"utc":"15:36:00","flight":"AA686"},{"day":6,"utc":"20:40:00","flight":"AA249"},{"day":6,"utc":"10:55:00","flight":"AA922"},{"day":6,"utc":"01:24:00","flight":"AA386"},{"day":6,"utc":"17:35:00","flight":"AA101"}],"distance":558.9237619147331}