{"id":57148,"type":"route","airline":"UA","airlineid":"airline_5209","sourceairport":"MIA","destinationairport":"SAL","stops":0,"equipment":"320 E90","schedule":[{"day":0,"utc":"12:50:00","flight":"UA249"},{"day":0,"utc":"22:57:00","flight":"UA842"},{"day":0,"utc":"14:14:00","flight":"UA324"},{"day":1,"utc":"01:30:00","flight":"UA693"},{"day":1,"utc":"17:25:00","flight":"UA072"},{"day":1,"utc":"01:44:00","flight":"UA259"},{"day":1,"utc":"03:22:00","flight":"UA572"},{"day":1,"utc":"02:36:00","flight":"UA081"},{"day":2,"utc":"06:42:00","flight":"UA779"},{"day":2,"utc":"12:52:00","flight":"UA916"},{"day":2,"utc":"22:30:00","flight":"UA220"},{"day":2,"utc":"04:52:00","flight":"UA841"},{"day":3,"utc":"14:16:00","flight":"UA418"},{"day":3,"utc":"14:46:00","flight":"UA334"},{"day":4,"utc":"06:34:00","flight":"UA403"},{"day":4,"utc":"19:16:00","flight":"UA026"},{"day":4,"utc":"03:42:00","flight":"UA381"},{"day":4,"utc":"05:33:00","flight":"UA004"},{"day":4,"utc":"20:38:00","flight":"UA799"},{"day":5,"utc":"20:34:00","flight":"UA726"},{"day":5,"utc":"01:37:00","flight":"UA880"},{"day":5,"utc":"20:44:00","flight":"UA182"},{"day":6,"utc":"18:22:00","flight":"UA344"},{"day":6,"utc":"19:48:00","flight":"UA040"},{"day":6,"utc":"01:33:00","flight":"UA480"},{"day":6,"utc":"16:46:00","flight":"UA834"},{"day":6,"utc":"20:39:00","flight":"UA212"}],"distance":1650.6637776627813}