{"id":6778,"type":"route","airline":"AA","airlineid":"airline_24","sourceairport":"SFO","destinationairport":"PDX","stops":0,"equipment":"737 DH4","schedule":[{"day":0,"utc":"09:58:00","flight":"AA952"},{"day":1,"utc":"16:27:00","flight":"AA887"},{"day":1,"utc":"11:44:00","flight":"AA296"},{"day":1,"utc":"11:22:00","flight":"AA912"},{"day":1,"utc":"07:44:00","flight":"AA759"},{"day":1,"utc":"12:20:00","flight":"AA889"},{"day":2,"utc":"23:38:00","flight":"AA009"},{"day":2,"utc":"04:34:00","flight":"AA607"},{"day":3,"utc":"02:39:00","flight":"AA144"},{"day":3,"utc":"18:36:00","flight":"AA095"},{"day":3,"utc":"21:06:00","flight":"AA856"},{"day":4,"utc":"06:43:00","flight":"AA149"},{"day":4,"utc":"07:47:00","flight":"AA232"},{"day":4,"utc":"10:25:00","flight":"AA560"},{"day":4,"utc":"22:38:00","flight":"AA994"},{"day":5,"utc":"11:27:00","flight":"AA491"},{"day":6,"utc":"21:02:00","flight":"AA484"},{"day":6,"utc":"03:46:00","flight":"AA221"}],"distance":886.3879904250963}