{"id":53019,"type":"route","airline":"TO","airlineid":"airline_8745","sourceairport":"AYT","destinationairport":"LGW","stops":0,"equipment":"73H 75W","schedule":[{"day":0,"utc":"08:49:00","flight":"TO246"},{"day":0,"utc":"13:23:00","flight":"TO343"},{"day":0,"utc":"15:55:00","flight":"TO663"},{"day":0,"utc":"00:15:00","flight":"TO831"},{"day":0,"utc":"16:30:00","flight":"TO004"},{"day":1,"utc":"10:47:00","flight":"TO266"},{"day":1,"utc":"23:44:00","flight":"TO640"},{"day":1,"utc":"03:21:00","flight":"TO857"},{"day":1,"utc":"09:10:00","flight":"TO786"},{"day":2,"utc":"06:44:00","flight":"TO141"},{"day":2,"utc":"02:38:00","flight":"TO149"},{"day":2,"utc":"02:28:00","flight":"TO126"},{"day":2,"utc":"09:36:00","flight":"TO617"},{"day":2,"utc":"16:39:00","flight":"TO160"},{"day":3,"utc":"18:52:00","flight":"TO846"},{"day":3,"utc":"22:18:00","flight":"TO480"},{"day":3,"utc":"08:38:00","flight":"TO007"},{"day":3,"utc":"14:15:00","flight":"TO054"},{"day":3,"utc":"08:29:00","flight":"TO362"},{"day":4,"utc":"05:49:00","flight":"TO479"},{"day":5,"utc":"15:33:00","flight":"TO409"},{"day":5,"utc":"13:37:00","flight":"TO265"},{"day":5,"utc":"08:57:00","flight":"TO029"},{"day":6,"utc":"08:37:00","flight":"TO203"},{"day":6,"utc":"11:57:00","flight":"TO833"},{"day":6,"utc":"18:38:00","flight":"TO040"},{"day":6,"utc":"10:12:00","flight":"TO860"}],"distance":2908.0508995144473}