{"id":43449,"type":"route","airline":"NK","airlineid":"airline_4687","sourceairport":"IAH","destinationairport":"LAX","stops":0,"equipment":"320","schedule":[{"day":0,"utc":"11:44:00","flight":"NK525"},{"day":0,"utc":"18:49:00","flight":"NK743"},{"day":0,"utc":"05:07:00","flight":"NK170"},{"day":0,"utc":"07:54:00","flight":"NK029"},{"day":1,"utc":"21:43:00","flight":"NK930"},{"day":1,"utc":"03:22:00","flight":"NK970"},{"day":1,"utc":"09:45:00","flight":"NK483"},{"day":1,"utc":"17:19:00","flight":"NK326"},{"day":2,"utc":"05:52:00","flight":"NK152"},{"day":2,"utc":"12:27:00","flight":"NK596"},{"day":2,"utc":"03:32:00","flight":"NK401"},{"day":2,"utc":"01:34:00","flight":"NK741"},{"day":2,"utc":"19:25:00","flight":"NK538"},{"day":3,"utc":"04:31:00","flight":"NK924"},{"day":3,"utc":"05:26:00","flight":"NK175"},{"day":3,"utc":"00:21:00","flight":"NK290"},{"day":3,"utc":"22:13:00","flight":"NK740"},{"day":4,"utc":"15:46:00","flight":"NK138"},{"day":4,"utc":"16:17:00","flight":"NK181"},{"day":4,"utc":"01:47:00","flight":"NK628"},{"day":5,"utc":"05:41:00","flight":"NK579"},{"day":5,"utc":"20:13:00","flight":"NK232"},{"day":5,"utc":"19:38:00","flight":"NK947"},{"day":6,"utc":"03:01:00","flight":"NK354"},{"day":6,"utc":"20:51:00","flight":"NK930"}],"distance":2215.0760336492654}