{"id":55762,"type":"route","airline":"UA","airlineid":"airline_5209","sourceairport":"ABQ","destinationairport":"DEN","stops":0,"equipment":"CR7 DH4 CRJ E70","schedule":[{"day":0,"utc":"02:22:00","flight":"UA719"},{"day":0,"utc":"09:49:00","flight":"UA072"},{"day":0,"utc":"15:01:00","flight":"UA995"},{"day":1,"utc":"19:38:00","flight":"UA029"},{"day":2,"utc":"06:26:00","flight":"UA679"},{"day":3,"utc":"01:21:00","flight":"UA909"},{"day":3,"utc":"10:31:00","flight":"UA224"},{"day":3,"utc":"13:43:00","flight":"UA312"},{"day":3,"utc":"10:18:00","flight":"UA691"},{"day":4,"utc":"03:34:00","flight":"UA076"},{"day":4,"utc":"23:12:00","flight":"UA685"},{"day":5,"utc":"19:11:00","flight":"UA533"},{"day":5,"utc":"00:42:00","flight":"UA748"},{"day":6,"utc":"22:10:00","flight":"UA885"},{"day":6,"utc":"20:30:00","flight":"UA319"},{"day":6,"utc":"16:16:00","flight":"UA629"},{"day":6,"utc":"12:40:00","flight":"UA441"}],"distance":562.6564189795952}