{"id":36908,"type":"route","airline":"KL","airlineid":"airline_3090","sourceairport":"SJD","destinationairport":"ATL","stops":0,"equipment":"73W 738","schedule":[{"day":0,"utc":"07:05:00","flight":"KL990"},{"day":0,"utc":"00:52:00","flight":"KL998"},{"day":1,"utc":"03:51:00","flight":"KL503"},{"day":1,"utc":"01:33:00","flight":"KL242"},{"day":1,"utc":"15:30:00","flight":"KL717"},{"day":2,"utc":"17:43:00","flight":"KL063"},{"day":2,"utc":"08:49:00","flight":"KL180"},{"day":2,"utc":"06:06:00","flight":"KL730"},{"day":3,"utc":"02:31:00","flight":"KL034"},{"day":4,"utc":"10:05:00","flight":"KL641"},{"day":4,"utc":"02:49:00","flight":"KL369"},{"day":4,"utc":"02:36:00","flight":"KL333"},{"day":4,"utc":"06:39:00","flight":"KL937"},{"day":5,"utc":"23:11:00","flight":"KL031"},{"day":5,"utc":"04:37:00","flight":"KL929"},{"day":5,"utc":"06:56:00","flight":"KL772"},{"day":6,"utc":"11:06:00","flight":"KL341"}],"distance":2724.9604356056057}