{"id":39311,"type":"route","airline":"LS","airlineid":"airline_3026","sourceairport":"FAO","destinationairport":"EDI","stops":0,"equipment":"733","schedule":[{"day":0,"utc":"21:37:00","flight":"LS732"},{"day":0,"utc":"04:06:00","flight":"LS327"},{"day":0,"utc":"16:39:00","flight":"LS181"},{"day":0,"utc":"17:07:00","flight":"LS891"},{"day":0,"utc":"06:17:00","flight":"LS969"},{"day":1,"utc":"10:03:00","flight":"LS216"},{"day":1,"utc":"21:29:00","flight":"LS249"},{"day":1,"utc":"10:38:00","flight":"LS041"},{"day":1,"utc":"08:28:00","flight":"LS529"},{"day":2,"utc":"17:51:00","flight":"LS643"},{"day":2,"utc":"08:13:00","flight":"LS068"},{"day":3,"utc":"04:37:00","flight":"LS390"},{"day":3,"utc":"22:47:00","flight":"LS828"},{"day":3,"utc":"10:58:00","flight":"LS238"},{"day":3,"utc":"13:33:00","flight":"LS318"},{"day":3,"utc":"12:37:00","flight":"LS330"},{"day":4,"utc":"07:16:00","flight":"LS221"},{"day":5,"utc":"07:24:00","flight":"LS953"},{"day":5,"utc":"22:35:00","flight":"LS860"},{"day":5,"utc":"04:41:00","flight":"LS618"},{"day":5,"utc":"08:17:00","flight":"LS676"},{"day":6,"utc":"17:00:00","flight":"LS535"},{"day":6,"utc":"04:29:00","flight":"LS223"},{"day":6,"utc":"10:29:00","flight":"LS188"},{"day":6,"utc":"03:06:00","flight":"LS078"},{"day":6,"utc":"01:32:00","flight":"LS134"}],"distance":2133.55325955049}