{"id":9840,"type":"route","airline":"AF","airlineid":"airline_137","sourceairport":"ORY","destinationairport":"BIA","stops":0,"equipment":"321 319","schedule":[{"day":0,"utc":"03:32:00","flight":"AF652"},{"day":0,"utc":"13:01:00","flight":"AF175"},{"day":0,"utc":"02:45:00","flight":"AF394"},{"day":1,"utc":"01:41:00","flight":"AF792"},{"day":1,"utc":"12:36:00","flight":"AF077"},{"day":2,"utc":"01:15:00","flight":"AF982"},{"day":2,"utc":"23:15:00","flight":"AF974"},{"day":2,"utc":"14:56:00","flight":"AF599"},{"day":2,"utc":"17:02:00","flight":"AF349"},{"day":2,"utc":"07:26:00","flight":"AF940"},{"day":3,"utc":"12:19:00","flight":"AF041"},{"day":3,"utc":"09:23:00","flight":"AF749"},{"day":3,"utc":"07:04:00","flight":"AF398"},{"day":3,"utc":"04:27:00","flight":"AF218"},{"day":4,"utc":"21:12:00","flight":"AF207"},{"day":4,"utc":"05:57:00","flight":"AF086"},{"day":4,"utc":"02:49:00","flight":"AF816"},{"day":4,"utc":"00:19:00","flight":"AF319"},{"day":5,"utc":"18:00:00","flight":"AF054"},{"day":5,"utc":"05:40:00","flight":"AF198"},{"day":5,"utc":"20:59:00","flight":"AF780"},{"day":6,"utc":"21:36:00","flight":"AF165"},{"day":6,"utc":"17:22:00","flight":"AF287"},{"day":6,"utc":"20:31:00","flight":"AF333"},{"day":6,"utc":"14:23:00","flight":"AF662"}],"distance":881.1608598727772}