{"id":20167,"type":"route","airline":"DL","airlineid":"airline_2009","sourceairport":"ATL","destinationairport":"LGA","stops":0,"equipment":"320 757 M88 738 739 73H 73W","schedule":[{"day":0,"utc":"00:31:00","flight":"DL460"},{"day":1,"utc":"07:58:00","flight":"DL838"},{"day":1,"utc":"17:52:00","flight":"DL435"},{"day":1,"utc":"16:47:00","flight":"DL974"},{"day":1,"utc":"00:00:00","flight":"DL599"},{"day":2,"utc":"21:50:00","flight":"DL079"},{"day":3,"utc":"08:38:00","flight":"DL051"},{"day":3,"utc":"18:51:00","flight":"DL192"},{"day":4,"utc":"22:29:00","flight":"DL182"},{"day":4,"utc":"23:07:00","flight":"DL904"},{"day":5,"utc":"07:14:00","flight":"DL702"},{"day":5,"utc":"19:52:00","flight":"DL055"},{"day":5,"utc":"03:42:00","flight":"DL294"},{"day":6,"utc":"06:32:00","flight":"DL605"}],"distance":1224.8661560257294}