{"title":"Paris/2nd arrondissement","name":"Grillé","alt":null,"address":"15, rue Saint-Augustin","directions":"Métro Quatre-Septembre","phone":null,"tollfree":null,"email":null,"url":null,"hours":"M-F 09:00-19:00","image":null,"price":"€8 kebab, €10 formule","content":"A fast food restaurant that makes a &quot;healthy&quot; version of kebab (good herbs, better salad). Three cooks, Marie Carcassonne, Hugo Desnoyer, and Frédéric Peneau worked on this creation.","geo":{"lat":48.868854,"lon":2.336547,"accuracy":"RANGE_INTERPOLATED"},"activity":"eat","type":"landmark","id":21743,"country":"France","city":"Paris","state":"Île-de-France"}