{"title":"Paris/7th arrondissement","name":"58 Tour Eiffel","alt":null,"address":"Tour Eiffel 1st floor","directions":"Metro Ecole Militaire","phone":"+33 1 76 64 14 64","tollfree":null,"email":null,"url":"http://www.restaurants-toureiffel.com/","hours":"11:30–15:30, 18:30–23:00","image":null,"price":null,"content":"The restaurant in the first floor of the Eiffel Tower. One pays of course for the view, not so much for the food.","geo":{"lat":48.85804,"lon":2.2945,"accuracy":"ROOFTOP"},"activity":"eat","type":"landmark","id":21809,"country":"France","city":"Paris","state":"Île-de-France"}