{"title":"Hollywood","name":"Mel's Drive-In","alt":null,"address":"1660 N Highland Ave","directions":null,"phone":"+1 323 465-3111","tollfree":null,"email":null,"url":"http://www.melsdrive-in.com","hours":"Su-Th 6:30AM-3AM, F-Sa 24 hrs","image":null,"price":null,"content":"Come here for traditional diner fare: cheeseburgers, French fries, and milkshakes. Part of the chain that opened in San Francisco in the late '40s. There is another location on the Sunset Strip in [[West Hollywood]].","geo":{"lat":34.100856,"lon":-118.338454,"accuracy":"RANGE_INTERPOLATED"},"activity":"eat","type":"landmark","id":11773,"country":"United States","city":"Los Angeles","state":"California"}