{"id":21721,"type":"route","airline":"DL","airlineid":"airline_2009","sourceairport":"SDQ","destinationairport":"GIG","stops":0,"equipment":"738","schedule":[{"day":0,"utc":"04:41:00","flight":"DL837"},{"day":0,"utc":"17:20:00","flight":"DL736"},{"day":0,"utc":"11:30:00","flight":"DL461"},{"day":1,"utc":"04:55:00","flight":"DL772"},{"day":1,"utc":"02:57:00","flight":"DL830"},{"day":2,"utc":"07:58:00","flight":"DL101"},{"day":2,"utc":"22:26:00","flight":"DL198"},{"day":2,"utc":"03:50:00","flight":"DL387"},{"day":2,"utc":"12:26:00","flight":"DL779"},{"day":3,"utc":"15:47:00","flight":"DL138"},{"day":3,"utc":"22:45:00","flight":"DL043"},{"day":3,"utc":"10:32:00","flight":"DL164"},{"day":3,"utc":"02:33:00","flight":"DL652"},{"day":3,"utc":"22:06:00","flight":"DL924"},{"day":4,"utc":"19:29:00","flight":"DL398"},{"day":4,"utc":"16:15:00","flight":"DL624"},{"day":4,"utc":"19:47:00","flight":"DL682"},{"day":4,"utc":"02:33:00","flight":"DL924"},{"day":4,"utc":"07:31:00","flight":"DL829"},{"day":5,"utc":"20:15:00","flight":"DL581"},{"day":5,"utc":"13:53:00","flight":"DL774"},{"day":5,"utc":"15:02:00","flight":"DL166"},{"day":5,"utc":"13:22:00","flight":"DL610"},{"day":6,"utc":"03:46:00","flight":"DL388"}],"distance":5410.142844973191}