{"id":56535,"type":"route","airline":"UA","airlineid":"airline_5209","sourceairport":"GUA","destinationairport":"MIA","stops":0,"equipment":"E90","schedule":[{"day":0,"utc":"07:39:00","flight":"UA019"},{"day":0,"utc":"03:20:00","flight":"UA716"},{"day":1,"utc":"20:40:00","flight":"UA161"},{"day":1,"utc":"08:55:00","flight":"UA654"},{"day":1,"utc":"06:58:00","flight":"UA486"},{"day":2,"utc":"22:33:00","flight":"UA578"},{"day":2,"utc":"08:58:00","flight":"UA774"},{"day":2,"utc":"15:18:00","flight":"UA100"},{"day":2,"utc":"00:21:00","flight":"UA329"},{"day":2,"utc":"18:58:00","flight":"UA920"},{"day":3,"utc":"21:08:00","flight":"UA023"},{"day":4,"utc":"01:12:00","flight":"UA557"},{"day":5,"utc":"22:53:00","flight":"UA218"},{"day":5,"utc":"17:09:00","flight":"UA768"},{"day":6,"utc":"10:26:00","flight":"UA908"},{"day":6,"utc":"06:11:00","flight":"UA796"},{"day":6,"utc":"17:54:00","flight":"UA885"},{"day":6,"utc":"01:30:00","flight":"UA032"},{"day":6,"utc":"02:19:00","flight":"UA600"}],"distance":1640.0146986825512}