{"id":29038,"type":"route","airline":"G4","airlineid":"airline_35","sourceairport":"LAS","destinationairport":"SHV","stops":0,"equipment":"M80","schedule":[{"day":0,"utc":"18:06:00","flight":"G4992"},{"day":1,"utc":"16:14:00","flight":"G4645"},{"day":1,"utc":"07:55:00","flight":"G4851"},{"day":1,"utc":"13:35:00","flight":"G4133"},{"day":2,"utc":"01:21:00","flight":"G4257"},{"day":2,"utc":"19:08:00","flight":"G4839"},{"day":2,"utc":"00:04:00","flight":"G4109"},{"day":2,"utc":"15:24:00","flight":"G4489"},{"day":2,"utc":"05:02:00","flight":"G4307"},{"day":3,"utc":"05:44:00","flight":"G4696"},{"day":3,"utc":"11:38:00","flight":"G4572"},{"day":3,"utc":"23:12:00","flight":"G4602"},{"day":3,"utc":"23:27:00","flight":"G4880"},{"day":4,"utc":"00:14:00","flight":"G4882"},{"day":4,"utc":"19:29:00","flight":"G4341"},{"day":5,"utc":"01:14:00","flight":"G4331"},{"day":5,"utc":"05:52:00","flight":"G4922"},{"day":5,"utc":"10:10:00","flight":"G4228"},{"day":5,"utc":"04:48:00","flight":"G4317"},{"day":6,"utc":"22:45:00","flight":"G4382"},{"day":6,"utc":"01:13:00","flight":"G4412"},{"day":6,"utc":"14:15:00","flight":"G4627"},{"day":6,"utc":"01:56:00","flight":"G4642"},{"day":6,"utc":"16:39:00","flight":"G4791"}],"distance":1996.7706341974983}