{"id":63440,"type":"route","airline":"WN","airlineid":"airline_4547","sourceairport":"ATL","destinationairport":"AUS","stops":0,"equipment":"733 73W","schedule":[{"day":0,"utc":"01:34:00","flight":"WN418"},{"day":0,"utc":"01:48:00","flight":"WN654"},{"day":0,"utc":"11:16:00","flight":"WN311"},{"day":0,"utc":"02:54:00","flight":"WN613"},{"day":0,"utc":"20:19:00","flight":"WN277"},{"day":1,"utc":"13:13:00","flight":"WN331"},{"day":1,"utc":"15:21:00","flight":"WN404"},{"day":1,"utc":"06:17:00","flight":"WN996"},{"day":1,"utc":"13:36:00","flight":"WN897"},{"day":1,"utc":"06:24:00","flight":"WN053"},{"day":2,"utc":"18:18:00","flight":"WN728"},{"day":3,"utc":"09:22:00","flight":"WN617"},{"day":3,"utc":"22:15:00","flight":"WN427"},{"day":4,"utc":"13:24:00","flight":"WN732"},{"day":4,"utc":"14:17:00","flight":"WN244"},{"day":4,"utc":"21:53:00","flight":"WN111"},{"day":5,"utc":"15:22:00","flight":"WN460"},{"day":5,"utc":"18:40:00","flight":"WN363"},{"day":5,"utc":"19:14:00","flight":"WN149"},{"day":5,"utc":"08:45:00","flight":"WN170"},{"day":6,"utc":"00:07:00","flight":"WN678"},{"day":6,"utc":"11:21:00","flight":"WN964"},{"day":6,"utc":"01:40:00","flight":"WN309"},{"day":6,"utc":"08:55:00","flight":"WN647"},{"day":6,"utc":"12:01:00","flight":"WN633"}],"distance":1305.9928513978116}