{"id":36322,"type":"route","airline":"KL","airlineid":"airline_3090","sourceairport":"ATL","destinationairport":"AUS","stops":0,"equipment":"M90 M88","schedule":[{"day":0,"utc":"09:22:00","flight":"KL380"},{"day":0,"utc":"02:04:00","flight":"KL870"},{"day":0,"utc":"22:45:00","flight":"KL895"},{"day":1,"utc":"02:38:00","flight":"KL687"},{"day":1,"utc":"20:07:00","flight":"KL685"},{"day":2,"utc":"13:28:00","flight":"KL726"},{"day":2,"utc":"11:36:00","flight":"KL556"},{"day":2,"utc":"03:05:00","flight":"KL061"},{"day":2,"utc":"15:38:00","flight":"KL176"},{"day":2,"utc":"20:58:00","flight":"KL888"},{"day":3,"utc":"14:41:00","flight":"KL486"},{"day":3,"utc":"05:57:00","flight":"KL112"},{"day":3,"utc":"15:05:00","flight":"KL708"},{"day":4,"utc":"22:17:00","flight":"KL635"},{"day":4,"utc":"23:21:00","flight":"KL722"},{"day":5,"utc":"23:18:00","flight":"KL724"},{"day":5,"utc":"21:40:00","flight":"KL118"},{"day":5,"utc":"06:05:00","flight":"KL083"},{"day":5,"utc":"13:46:00","flight":"KL206"},{"day":5,"utc":"22:22:00","flight":"KL885"},{"day":6,"utc":"14:07:00","flight":"KL910"},{"day":6,"utc":"14:22:00","flight":"KL568"}],"distance":1305.9928513978116}