{"id":55088,"type":"route","airline":"U2","airlineid":"airline_2297","sourceairport":"LTN","destinationairport":"NCE","stops":0,"equipment":"319 320","schedule":[{"day":0,"utc":"22:34:00","flight":"U2142"},{"day":0,"utc":"16:46:00","flight":"U2587"},{"day":1,"utc":"18:15:00","flight":"U2469"},{"day":1,"utc":"19:15:00","flight":"U2890"},{"day":2,"utc":"04:08:00","flight":"U2351"},{"day":3,"utc":"11:11:00","flight":"U2503"},{"day":3,"utc":"14:58:00","flight":"U2496"},{"day":3,"utc":"11:32:00","flight":"U2083"},{"day":3,"utc":"18:05:00","flight":"U2864"},{"day":3,"utc":"09:33:00","flight":"U2669"},{"day":4,"utc":"19:58:00","flight":"U2319"},{"day":4,"utc":"13:53:00","flight":"U2011"},{"day":4,"utc":"15:19:00","flight":"U2330"},{"day":4,"utc":"23:58:00","flight":"U2706"},{"day":4,"utc":"23:36:00","flight":"U2745"},{"day":5,"utc":"00:01:00","flight":"U2699"},{"day":6,"utc":"14:08:00","flight":"U2947"}],"distance":1073.8636213824523}