{"title":"Paris/1st arrondissement","name":"Chez Denise","alt":"La Tour de Montlhéry","address":"5, rue Prouvaires","directions":"Métro: Les Halles","phone":"+33 1 42 36 21 82","tollfree":null,"email":null,"url":null,"hours":"Tu-Su, noon-14:15 & 19:00-23:00; M, 19:00-23:00","image":null,"price":"Starters from €10-12, main courses €18-25, plus wine","content":"Small, owner-operated bistro with traditional French country food in a nearly rustic setting. As such it's not exactly veggie-friendly.","geo":{"lat":48.861521,"lon":2.344001,"accuracy":"ROOFTOP"},"activity":"eat","type":"landmark","id":21709,"country":"France","city":"Paris","state":"Île-de-France"}