{"title":"Gillingham (Kent)","name":"Hollywood Bowl","alt":null,"address":"4 High Street, ME7 1BB","directions":null,"phone":null,"tollfree":null,"email":null,"url":"http://www.thehollywoodbowl.co.uk","hours":null,"image":null,"price":null,"content":"A newly extended lively restaurant located in the high street, an American Hollywood style restaurant beautifully decorated with old photos and a great menu including burgers and ribs.","geo":{"lat":51.38937,"lon":0.5427,"accuracy":"RANGE_INTERPOLATED"},"activity":"eat","type":"landmark","id":10020,"country":"United Kingdom","city":"Gillingham","state":null}