{"title":"Avignon","name":"L'Epicerie","alt":null,"address":"10, Place Saint Pierre","directions":"tucked in a nice little square just south of the Palais des Papes","phone":"+33 49 0827422","tollfree":null,"email":null,"url":null,"hours":null,"image":null,"price":"Count around €25 for lunch, more with wine","content":"Try the ''Assiette Epicière'' for a plate full of provençal specialities such as tapenade, ratatouille, with a salad and some ham.","geo":{"lat":43.94936389999999,"lon":4.807754599999953,"accuracy":"APPROXIMATE"},"activity":"eat","type":"landmark","id":1353,"country":"France","city":"Avignon","state":"Provence-Alpes-Côte d'Azur"}