{"id":14392,"type":"route","airline":"BA","airlineid":"airline_1355","sourceairport":"AAR","destinationairport":"AAL","stops":0,"equipment":"FRJ","schedule":[{"day":0,"utc":"00:06:00","flight":"BA133"},{"day":0,"utc":"05:53:00","flight":"BA915"},{"day":1,"utc":"04:28:00","flight":"BA823"},{"day":1,"utc":"03:50:00","flight":"BA412"},{"day":1,"utc":"22:27:00","flight":"BA094"},{"day":1,"utc":"22:49:00","flight":"BA849"},{"day":1,"utc":"18:44:00","flight":"BA128"},{"day":2,"utc":"17:34:00","flight":"BA641"},{"day":2,"utc":"12:47:00","flight":"BA276"},{"day":2,"utc":"22:12:00","flight":"BA801"},{"day":2,"utc":"10:33:00","flight":"BA271"},{"day":3,"utc":"16:59:00","flight":"BA949"},{"day":3,"utc":"16:25:00","flight":"BA224"},{"day":3,"utc":"18:31:00","flight":"BA895"},{"day":3,"utc":"02:09:00","flight":"BA171"},{"day":4,"utc":"18:23:00","flight":"BA970"},{"day":4,"utc":"15:56:00","flight":"BA333"},{"day":4,"utc":"16:06:00","flight":"BA596"},{"day":5,"utc":"08:43:00","flight":"BA354"},{"day":5,"utc":"17:17:00","flight":"BA038"},{"day":5,"utc":"09:26:00","flight":"BA316"},{"day":5,"utc":"17:23:00","flight":"BA739"},{"day":5,"utc":"06:38:00","flight":"BA837"},{"day":6,"utc":"15:59:00","flight":"BA139"}],"distance":99.89861063028253}