{"id":11218,"type":"route","airline":"AM","airlineid":"airline_321","sourceairport":"SFO","destinationairport":"SJD","stops":0,"equipment":"734","schedule":[{"day":0,"utc":"06:45:00","flight":"AM853"},{"day":0,"utc":"21:39:00","flight":"AM502"},{"day":0,"utc":"23:41:00","flight":"AM511"},{"day":0,"utc":"06:59:00","flight":"AM469"},{"day":0,"utc":"04:31:00","flight":"AM709"},{"day":1,"utc":"01:14:00","flight":"AM692"},{"day":1,"utc":"22:45:00","flight":"AM842"},{"day":2,"utc":"10:23:00","flight":"AM560"},{"day":2,"utc":"03:37:00","flight":"AM408"},{"day":2,"utc":"20:44:00","flight":"AM166"},{"day":2,"utc":"22:50:00","flight":"AM947"},{"day":3,"utc":"05:55:00","flight":"AM061"},{"day":3,"utc":"06:17:00","flight":"AM685"},{"day":3,"utc":"00:22:00","flight":"AM565"},{"day":4,"utc":"17:23:00","flight":"AM196"},{"day":4,"utc":"04:19:00","flight":"AM103"},{"day":4,"utc":"07:01:00","flight":"AM606"},{"day":4,"utc":"01:41:00","flight":"AM307"},{"day":4,"utc":"09:37:00","flight":"AM619"},{"day":5,"utc":"19:42:00","flight":"AM233"},{"day":5,"utc":"09:09:00","flight":"AM437"},{"day":6,"utc":"05:15:00","flight":"AM636"},{"day":6,"utc":"04:23:00","flight":"AM016"},{"day":6,"utc":"04:37:00","flight":"AM845"}],"distance":2010.8629996970228}