{"id":22505,"type":"route","airline":"DY","airlineid":"airline_3737","sourceairport":"LGW","destinationairport":"AAL","stops":0,"equipment":"73H","schedule":[{"day":0,"utc":"12:50:00","flight":"DY673"},{"day":0,"utc":"01:14:00","flight":"DY122"},{"day":0,"utc":"21:36:00","flight":"DY113"},{"day":1,"utc":"17:14:00","flight":"DY139"},{"day":1,"utc":"03:16:00","flight":"DY805"},{"day":2,"utc":"09:28:00","flight":"DY963"},{"day":2,"utc":"06:18:00","flight":"DY554"},{"day":3,"utc":"12:27:00","flight":"DY116"},{"day":4,"utc":"15:38:00","flight":"DY352"},{"day":5,"utc":"11:31:00","flight":"DY114"},{"day":5,"utc":"18:12:00","flight":"DY512"},{"day":6,"utc":"20:38:00","flight":"DY489"}],"distance":928.284226131001}