{"title":"Gillingham (Kent)","name":"Thai Won Mien","alt":null,"address":"59-61 High Street, ME7 1BJ","directions":null,"phone":"+44 1634 856128","tollfree":null,"email":null,"url":null,"hours":null,"image":null,"price":null,"content":"Really popular oriental restaurant with a mixture foods including noodles, duck and other oriental staples.","geo":{"lat":51.38753,"lon":0.54423,"accuracy":"ROOFTOP"},"activity":"eat","type":"landmark","id":10021,"country":"United Kingdom","city":"Gillingham","state":null}