{"title":"Inverness","name":"Inverness Castle","alt":null,"address":null,"directions":null,"phone":null,"tollfree":null,"email":null,"url":"http://www.castleuk.net/castle_lists_scotland/26/invernesscastle.htm","hours":null,"image":null,"price":null,"content":"At the end of the western pedestrian zone. It is a relatively new castle built in 1847 to replace a medieval castle blown up by the Jacobites. It houses the Sheriff Court and cannot be seen as a visitor (you at least ''should'' try to never see it from the inside).","geo":{"lat":57.476293,"lon":-4.225523,"accuracy":"ROOFTOP"},"activity":"see","type":"landmark","id":12231,"country":"United Kingdom","city":"Inverness","state":null}