{"id":10006,"type":"route","airline":"AF","airlineid":"airline_137","sourceairport":"TRI","destinationairport":"ATL","stops":0,"equipment":"CRJ","schedule":[{"day":0,"utc":"05:02:00","flight":"AF288"},{"day":0,"utc":"19:40:00","flight":"AF230"},{"day":0,"utc":"09:37:00","flight":"AF785"},{"day":0,"utc":"17:27:00","flight":"AF577"},{"day":1,"utc":"08:11:00","flight":"AF267"},{"day":1,"utc":"14:21:00","flight":"AF592"},{"day":1,"utc":"03:44:00","flight":"AF817"},{"day":1,"utc":"13:06:00","flight":"AF857"},{"day":1,"utc":"00:44:00","flight":"AF737"},{"day":2,"utc":"13:23:00","flight":"AF633"},{"day":3,"utc":"08:36:00","flight":"AF128"},{"day":4,"utc":"23:55:00","flight":"AF675"},{"day":5,"utc":"10:58:00","flight":"AF932"},{"day":5,"utc":"02:05:00","flight":"AF098"},{"day":6,"utc":"20:19:00","flight":"AF371"},{"day":6,"utc":"18:30:00","flight":"AF758"},{"day":6,"utc":"13:00:00","flight":"AF968"},{"day":6,"utc":"18:03:00","flight":"AF025"}],"distance":365.28208402314306}