{
  "name": "Kraig Hilll",
  "addresses": [
    {
      "type": "home",
      "address": "8393 Marcelle Springs",
      "city": "San Francisco",
      "country": "United States"
    }
  ],
  "driving_licence": "3933def3-e926-558c-9ede-28517ccb7dde",
  "passport": "698f967f-0732-5684-b510-e0fb906a3d8f",
  "preferred_email": "kraighilll@mivis.gq",
  "preferred_phone": "(322) 745-5495",
  "preferred_airline": "inventory.airline.airline_17841",
  "preferred_airport": "inventory.airport.airport_3469",
  "credit_cards": [
    {
      "type": "Visa",
      "number": "4463440403151269",
      "expiration": "2021-04"
    }
  ],
  "created": "2020-10-19",
  "updated": "2021-02-18"
}