{
  "name": "Johnnie Lind",
  "addresses": [
    {
      "type": "home",
      "address": "0444 Kuhlman Squares",
      "city": "Caufeca",
      "country": "Ascension Island"
    },
    {
      "type": "work",
      "address": "5701 Stark Passage",
      "city": "Caufeca",
      "country": "Ascension Island"
    }
  ],
  "driving_licence": "f98892f2-eb2a-5fd7-8478-8cf616868c4f",
  "passport": "a6474d66-c3bc-5c05-bf2b-ae8b21fe654e",
  "preferred_email": "johnnielind@upina.bn",
  "preferred_phone": "(581) 233-7023",
  "preferred_airline": "inventory.airline.airline_1411",
  "preferred_airport": null,
  "credit_cards": [
    {
      "type": "American Express",
      "number": "345924674656124",
      "expiration": "2022-02"
    }
  ],
  "created": "2020-06-02",
  "updated": "2021-02-19"
}