{"id":3587,"type":"route","airline":"9E","airlineid":"airline_3976","sourceairport":"JFK","destinationairport":"MSY","stops":0,"equipment":"CR9","schedule":[{"day":0,"utc":"14:01:00","flight":"9E022"},{"day":0,"utc":"13:25:00","flight":"9E586"},{"day":1,"utc":"21:17:00","flight":"9E211"},{"day":1,"utc":"20:27:00","flight":"9E719"},{"day":1,"utc":"05:49:00","flight":"9E717"},{"day":2,"utc":"09:46:00","flight":"9E150"},{"day":2,"utc":"12:29:00","flight":"9E517"},{"day":2,"utc":"07:05:00","flight":"9E943"},{"day":3,"utc":"15:04:00","flight":"9E112"},{"day":3,"utc":"09:25:00","flight":"9E584"},{"day":4,"utc":"03:20:00","flight":"9E469"},{"day":4,"utc":"06:04:00","flight":"9E292"},{"day":4,"utc":"06:17:00","flight":"9E291"},{"day":4,"utc":"16:42:00","flight":"9E322"},{"day":5,"utc":"03:10:00","flight":"9E182"},{"day":5,"utc":"19:59:00","flight":"9E114"},{"day":6,"utc":"17:41:00","flight":"9E532"},{"day":6,"utc":"17:53:00","flight":"9E700"},{"day":6,"utc":"23:58:00","flight":"9E344"},{"day":6,"utc":"05:40:00","flight":"9E318"}],"distance":1901.4875244407424}