{"title":"London/City of London","name":"International Petroleum Exchange","alt":null,"address":"St. Katherines Dock","directions":"tube: Tower Hill","phone":null,"tollfree":null,"email":null,"url":"https://www.theice.com","hours":null,"image":null,"price":null,"content":"One of the world's largest energy futures and options exchanges. The Brent Crude marker which represents an important benchmark for global oil prices is traded here. It also houses the European Climate Exchange, where emissions trading takes place.","geo":{"lat":51.5142,"lon":-0.1161,"accuracy":"ROOFTOP"},"activity":"see","type":"landmark","id":16069,"country":"United Kingdom","city":"London","state":null}