{"title":"Leamington Spa","name":"8 Clarendon Crescent","address":"8 Clarendon Crescent, Leamington Spa, Warwickshire","directions":"just a 3 minute walk off the Upper Parade","phone":"+44 1926 429840","tollfree":null,"email":null,"fax":null,"url":"http://www.8clarendoncrescent.co.uk/","checkin":null,"checkout":null,"price":"single £50; double £80","geo":{"lat":52.294098,"lon":-1.541348,"accuracy":"RANGE_INTERPOLATED"},"type":"hotel","id":15466,"country":"United Kingdom","city":"Royal Leamington Spa","state":null,"reviews":[{"content":"I highly recommend this hotel.they have an awesome beach w no waves perfect to float all day long.the service is awesome the drinks are the best ever(very expensive )but good.I think this is my new favorite place to go.they have lots of activities .the grounds are so well kept.can't wait to go back.","ratings":{"Service":5.0,"Cleanliness":5.0,"Overall":5.0,"Value":5.0,"Location":5.0,"Rooms":5.0},"author":"Timmothy Bechtelar","date":"2014-08-11 12:21:51 +0300"}],"public_likes":["Anastasia Collins","Mallie Ullrich","Zechariah Jerde III"],"vacancy":false,"description":"This is a lovely B&B where guests are warmly welcomed by Christine and David. Each room has an ensuite bathroom and the breakfasts will keep you going through the day.","alias":null,"pets_ok":true,"free_breakfast":false,"free_internet":true,"free_parking":false}