{"title":"Wales Coast Path","name":"Abersoch beach","alt":null,"address":null,"directions":null,"phone":null,"tollfree":null,"email":null,"url":"http://www.blueflag.org/menu/awarded-sites/2012/northern-hemisphere/wales/wales/abersoch","hours":null,"image":"https://en.wikivoyage.org/wiki/File:Abersoch Beach - geograph.org.uk - 62166.jpg","price":null,"content":"Blue Flag beach","geo":{"lat":52.823817,"lon":-4.498077,"accuracy":"RANGE_INTERPOLATED"},"activity":"do","type":"landmark","id":40044,"country":"United Kingdom","city":"Abersoch","state":null,"image_direct_url":"https://upload.wikimedia.org/wikipedia/commons/6/68/Abersoch_Beach_-_geograph.org.uk_-_62166.jpg"}