{"id":4657,"type":"route","airline":"AA","airlineid":"airline_24","sourceairport":"ABE","destinationairport":"PHL","stops":0,"equipment":"DH3","schedule":[{"day":0,"utc":"12:06:00","flight":"AA989"},{"day":0,"utc":"22:02:00","flight":"AA797"},{"day":0,"utc":"01:13:00","flight":"AA875"},{"day":0,"utc":"08:16:00","flight":"AA209"},{"day":1,"utc":"22:59:00","flight":"AA811"},{"day":1,"utc":"04:36:00","flight":"AA035"},{"day":1,"utc":"15:02:00","flight":"AA173"},{"day":1,"utc":"12:16:00","flight":"AA941"},{"day":1,"utc":"03:37:00","flight":"AA561"},{"day":2,"utc":"07:52:00","flight":"AA766"},{"day":2,"utc":"15:21:00","flight":"AA294"},{"day":2,"utc":"07:48:00","flight":"AA799"},{"day":2,"utc":"21:05:00","flight":"AA946"},{"day":2,"utc":"18:45:00","flight":"AA814"},{"day":3,"utc":"03:49:00","flight":"AA527"},{"day":3,"utc":"13:06:00","flight":"AA986"},{"day":3,"utc":"10:13:00","flight":"AA121"},{"day":4,"utc":"14:11:00","flight":"AA668"},{"day":4,"utc":"17:29:00","flight":"AA559"},{"day":4,"utc":"03:04:00","flight":"AA616"},{"day":5,"utc":"21:25:00","flight":"AA530"},{"day":5,"utc":"03:54:00","flight":"AA081"},{"day":6,"utc":"21:24:00","flight":"AA517"},{"day":6,"utc":"16:38:00","flight":"AA392"},{"day":6,"utc":"09:00:00","flight":"AA446"},{"day":6,"utc":"17:25:00","flight":"AA044"},{"day":6,"utc":"17:44:00","flight":"AA303"}],"distance":88.38639138545251}