{"title":"Gillingham (Kent)","name":"The Balmoral Guesthouse","address":"57-59 Balmoral Road, ME7 4NT","directions":null,"phone":"+44 1634 853 68","tollfree":null,"email":null,"fax":null,"url":"http://www.thebalmoral-guesthouse.co.uk","checkin":null,"checkout":null,"price":"Single room £32 per night","geo":{"lat":51.38624,"lon":0.55078,"accuracy":"RANGE_INTERPOLATED"},"type":"hotel","id":10026,"country":"United Kingdom","city":"Gillingham","state":null,"reviews":[],"public_likes":[],"vacancy":false,"description":"A recently modernised basic but cheap guesthouse across the road from Gillingham station. No meals, but many rooms have a fridge and hob for cooking.","alias":null,"pets_ok":true,"free_breakfast":true,"free_internet":true,"free_parking":false}