{"id":25117,"type":"route","airline":"FL","airlineid":"airline_1316","sourceairport":"HOU","destinationairport":"SAT","stops":1,"equipment":"735","schedule":[{"day":0,"utc":"02:56:00","flight":"FL186"},{"day":1,"utc":"16:22:00","flight":"FL244"},{"day":1,"utc":"01:53:00","flight":"FL444"},{"day":1,"utc":"16:33:00","flight":"FL966"},{"day":1,"utc":"02:08:00","flight":"FL958"},{"day":2,"utc":"01:44:00","flight":"FL535"},{"day":2,"utc":"21:14:00","flight":"FL625"},{"day":2,"utc":"18:13:00","flight":"FL884"},{"day":3,"utc":"08:29:00","flight":"FL079"},{"day":3,"utc":"20:45:00","flight":"FL362"},{"day":3,"utc":"23:53:00","flight":"FL797"},{"day":3,"utc":"04:51:00","flight":"FL502"},{"day":4,"utc":"23:10:00","flight":"FL757"},{"day":4,"utc":"00:52:00","flight":"FL933"},{"day":4,"utc":"07:29:00","flight":"FL315"},{"day":5,"utc":"02:44:00","flight":"FL312"},{"day":5,"utc":"23:32:00","flight":"FL282"},{"day":5,"utc":"08:23:00","flight":"FL548"},{"day":6,"utc":"11:55:00","flight":"FL018"},{"day":6,"utc":"02:57:00","flight":"FL828"}],"distance":308.7782133675415}