{"title":"Altrincham","name":"Altrincham Leisure Centre","alt":null,"address":"Oakfield Rd","directions":"Behind the railway station","phone":"+44 161 926-3255","tollfree":null,"email":null,"url":"http://www.traffordleisure.co.uk/centres/altrincham/information/","hours":null,"image":null,"price":null,"content":"Includes swimming pools, sports halls and gym.","geo":{"lat":53.38811,"lon":-2.34494,"accuracy":"APPROXIMATE"},"activity":"do","type":"landmark","id":562,"country":"United Kingdom","city":"Altrincham","state":null}