{"id":55761,"type":"route","airline":"UA","airlineid":"airline_5209","sourceairport":"ABJ","destinationairport":"OUA","stops":0,"equipment":"333","schedule":[{"day":0,"utc":"12:38:00","flight":"UA038"},{"day":1,"utc":"14:37:00","flight":"UA258"},{"day":1,"utc":"07:21:00","flight":"UA583"},{"day":2,"utc":"14:45:00","flight":"UA321"},{"day":2,"utc":"00:46:00","flight":"UA282"},{"day":3,"utc":"00:37:00","flight":"UA797"},{"day":3,"utc":"06:09:00","flight":"UA002"},{"day":3,"utc":"17:39:00","flight":"UA857"},{"day":3,"utc":"16:05:00","flight":"UA518"},{"day":3,"utc":"23:52:00","flight":"UA235"},{"day":4,"utc":"04:22:00","flight":"UA879"},{"day":5,"utc":"14:51:00","flight":"UA243"},{"day":6,"utc":"13:11:00","flight":"UA669"},{"day":6,"utc":"12:22:00","flight":"UA851"},{"day":6,"utc":"15:52:00","flight":"UA905"},{"day":6,"utc":"23:39:00","flight":"UA627"},{"day":6,"utc":"11:51:00","flight":"UA094"}],"distance":831.9293046691863}