{"id":52982,"type":"route","airline":"TN","airlineid":"airline_225","sourceairport":"PPT","destinationairport":"NRT","stops":0,"equipment":"343","schedule":[{"day":0,"utc":"02:25:00","flight":"TN910"},{"day":0,"utc":"16:35:00","flight":"TN148"},{"day":1,"utc":"04:05:00","flight":"TN083"},{"day":1,"utc":"09:00:00","flight":"TN292"},{"day":1,"utc":"08:24:00","flight":"TN919"},{"day":1,"utc":"09:54:00","flight":"TN190"},{"day":1,"utc":"23:52:00","flight":"TN121"},{"day":2,"utc":"15:04:00","flight":"TN891"},{"day":2,"utc":"07:24:00","flight":"TN354"},{"day":2,"utc":"17:24:00","flight":"TN540"},{"day":3,"utc":"10:14:00","flight":"TN303"},{"day":4,"utc":"16:19:00","flight":"TN862"},{"day":4,"utc":"18:12:00","flight":"TN857"},{"day":4,"utc":"14:53:00","flight":"TN041"},{"day":4,"utc":"23:13:00","flight":"TN285"},{"day":5,"utc":"04:09:00","flight":"TN406"},{"day":6,"utc":"22:06:00","flight":"TN168"},{"day":6,"utc":"21:32:00","flight":"TN990"},{"day":6,"utc":"20:20:00","flight":"TN314"}],"distance":9444.463830876743}