{"id":6773,"type":"route","airline":"AA","airlineid":"airline_24","sourceairport":"SFO","destinationairport":"JFK","stops":0,"equipment":"763 32B","schedule":[{"day":0,"utc":"17:55:00","flight":"AA624"},{"day":0,"utc":"20:06:00","flight":"AA333"},{"day":0,"utc":"07:49:00","flight":"AA232"},{"day":0,"utc":"17:26:00","flight":"AA262"},{"day":1,"utc":"15:05:00","flight":"AA811"},{"day":1,"utc":"16:57:00","flight":"AA508"},{"day":2,"utc":"14:35:00","flight":"AA513"},{"day":3,"utc":"05:30:00","flight":"AA132"},{"day":3,"utc":"18:14:00","flight":"AA037"},{"day":3,"utc":"23:03:00","flight":"AA099"},{"day":3,"utc":"01:38:00","flight":"AA187"},{"day":3,"utc":"18:30:00","flight":"AA589"},{"day":4,"utc":"23:58:00","flight":"AA458"},{"day":4,"utc":"02:17:00","flight":"AA209"},{"day":4,"utc":"00:10:00","flight":"AA764"},{"day":5,"utc":"22:38:00","flight":"AA392"},{"day":6,"utc":"11:14:00","flight":"AA943"},{"day":6,"utc":"09:16:00","flight":"AA255"},{"day":6,"utc":"00:33:00","flight":"AA339"}],"distance":4151.77720839701}