{"id":55765,"type":"route","airline":"UA","airlineid":"airline_5209","sourceairport":"ABQ","destinationairport":"ORD","stops":0,"equipment":"CR7 E70","schedule":[{"day":0,"utc":"10:34:00","flight":"UA271"},{"day":0,"utc":"08:06:00","flight":"UA105"},{"day":0,"utc":"17:27:00","flight":"UA026"},{"day":0,"utc":"12:46:00","flight":"UA526"},{"day":1,"utc":"10:19:00","flight":"UA318"},{"day":1,"utc":"23:20:00","flight":"UA928"},{"day":1,"utc":"17:48:00","flight":"UA320"},{"day":2,"utc":"10:30:00","flight":"UA727"},{"day":2,"utc":"10:49:00","flight":"UA971"},{"day":2,"utc":"09:46:00","flight":"UA436"},{"day":2,"utc":"22:54:00","flight":"UA736"},{"day":2,"utc":"01:37:00","flight":"UA348"},{"day":3,"utc":"12:19:00","flight":"UA545"},{"day":3,"utc":"06:26:00","flight":"UA724"},{"day":3,"utc":"22:32:00","flight":"UA595"},{"day":4,"utc":"05:45:00","flight":"UA677"},{"day":4,"utc":"20:01:00","flight":"UA843"},{"day":4,"utc":"08:33:00","flight":"UA387"},{"day":4,"utc":"14:40:00","flight":"UA570"},{"day":5,"utc":"03:23:00","flight":"UA238"},{"day":5,"utc":"00:07:00","flight":"UA629"},{"day":5,"utc":"02:27:00","flight":"UA444"},{"day":5,"utc":"13:37:00","flight":"UA892"},{"day":5,"utc":"15:35:00","flight":"UA998"},{"day":6,"utc":"20:50:00","flight":"UA252"},{"day":6,"utc":"14:20:00","flight":"UA434"},{"day":6,"utc":"14:45:00","flight":"UA277"},{"day":6,"utc":"06:51:00","flight":"UA389"}],"distance":1795.9270523433722}