{"title":"Paris/15th arrondissement","name":"Au Roi du café","alt":null,"address":"59 rue Lecourbe","directions":"Sèvres-Lecourbe","phone":"+33 1 47 43 48 50","tollfree":null,"email":null,"url":"http://www.paris-bistro.com/choisir/paris15/auroiducafe.html","hours":"Open 7 /7 de 6 AM to 2 AM","image":null,"price":null,"content":"Belle-Epoque decor, true bisto spirit","geo":{"lat":48.84371,"lon":2.306552,"accuracy":"RANGE_INTERPOLATED"},"activity":"eat","type":"landmark","id":21637,"country":"France","city":"Paris","state":"Île-de-France"}