{"id":52967,"type":"route","airline":"TN","airlineid":"airline_225","sourceairport":"AKL","destinationairport":"BNE","stops":0,"equipment":"73H","schedule":[{"day":0,"utc":"11:22:00","flight":"TN169"},{"day":0,"utc":"13:23:00","flight":"TN514"},{"day":0,"utc":"09:35:00","flight":"TN595"},{"day":0,"utc":"07:35:00","flight":"TN520"},{"day":1,"utc":"09:54:00","flight":"TN278"},{"day":1,"utc":"21:56:00","flight":"TN130"},{"day":2,"utc":"04:50:00","flight":"TN711"},{"day":3,"utc":"13:11:00","flight":"TN062"},{"day":3,"utc":"14:19:00","flight":"TN367"},{"day":3,"utc":"05:58:00","flight":"TN654"},{"day":3,"utc":"11:26:00","flight":"TN872"},{"day":4,"utc":"12:42:00","flight":"TN628"},{"day":4,"utc":"16:32:00","flight":"TN114"},{"day":4,"utc":"11:01:00","flight":"TN102"},{"day":5,"utc":"13:21:00","flight":"TN046"},{"day":6,"utc":"02:57:00","flight":"TN374"}],"distance":2295.404720493086}