{"id":10001,"type":"route","airline":"AF","airlineid":"airline_137","sourceairport":"TLV","destinationairport":"NCE","stops":0,"equipment":"320","schedule":[{"day":0,"utc":"21:24:00","flight":"AF248"},{"day":1,"utc":"13:36:00","flight":"AF517"},{"day":1,"utc":"21:35:00","flight":"AF279"},{"day":1,"utc":"00:54:00","flight":"AF753"},{"day":1,"utc":"15:29:00","flight":"AF079"},{"day":1,"utc":"06:16:00","flight":"AF756"},{"day":2,"utc":"03:39:00","flight":"AF499"},{"day":2,"utc":"08:49:00","flight":"AF158"},{"day":2,"utc":"06:01:00","flight":"AF337"},{"day":2,"utc":"11:48:00","flight":"AF436"},{"day":2,"utc":"09:35:00","flight":"AF660"},{"day":3,"utc":"12:55:00","flight":"AF692"},{"day":3,"utc":"19:38:00","flight":"AF815"},{"day":3,"utc":"12:33:00","flight":"AF455"},{"day":3,"utc":"19:45:00","flight":"AF926"},{"day":4,"utc":"10:36:00","flight":"AF133"},{"day":4,"utc":"07:46:00","flight":"AF999"},{"day":4,"utc":"15:42:00","flight":"AF703"},{"day":5,"utc":"05:40:00","flight":"AF656"},{"day":6,"utc":"16:21:00","flight":"AF185"},{"day":6,"utc":"00:56:00","flight":"AF110"},{"day":6,"utc":"06:07:00","flight":"AF783"},{"day":6,"utc":"04:54:00","flight":"AF108"},{"day":6,"utc":"12:07:00","flight":"AF673"}],"distance":2735.2013399811754}