{"title":"Paris/4th arrondissement","name":"Amorino","alt":null,"address":"47, rue Saint Louis en l’Ile","directions":null,"phone":"+33 1 42 78 07 75","tollfree":null,"email":"marais@amorino.fr","url":"http://amorino.fr","hours":null,"image":null,"price":null,"content":"The oldest of the many boutiques operated by this ''gelato'' (Italian ice cream) maker.","geo":{"lat":48.852048,"lon":2.355752,"accuracy":"ROOFTOP"},"activity":"eat","type":"landmark","id":21774,"country":"France","city":"Paris","state":"Île-de-France"}