{"id":62002,"type":"route","airline":"VX","airlineid":"airline_5331","sourceairport":"JFK","destinationairport":"SFO","stops":0,"equipment":"320","schedule":[{"day":0,"utc":"01:44:00","flight":"VX887"},{"day":0,"utc":"04:25:00","flight":"VX004"},{"day":0,"utc":"03:27:00","flight":"VX262"},{"day":1,"utc":"00:03:00","flight":"VX526"},{"day":1,"utc":"13:44:00","flight":"VX393"},{"day":2,"utc":"01:36:00","flight":"VX842"},{"day":2,"utc":"22:49:00","flight":"VX045"},{"day":3,"utc":"01:22:00","flight":"VX673"},{"day":3,"utc":"04:37:00","flight":"VX072"},{"day":3,"utc":"07:15:00","flight":"VX867"},{"day":3,"utc":"19:45:00","flight":"VX952"},{"day":3,"utc":"02:45:00","flight":"VX751"},{"day":4,"utc":"16:41:00","flight":"VX117"},{"day":5,"utc":"14:44:00","flight":"VX514"},{"day":5,"utc":"20:30:00","flight":"VX174"},{"day":5,"utc":"11:21:00","flight":"VX759"},{"day":6,"utc":"20:24:00","flight":"VX394"},{"day":6,"utc":"03:47:00","flight":"VX825"}],"distance":4151.77720839701}