{"id":52972,"type":"route","airline":"TN","airlineid":"airline_225","sourceairport":"CDG","destinationairport":"LAX","stops":0,"equipment":"343","schedule":[{"day":0,"utc":"19:18:00","flight":"TN037"},{"day":1,"utc":"13:34:00","flight":"TN580"},{"day":1,"utc":"03:07:00","flight":"TN631"},{"day":1,"utc":"07:14:00","flight":"TN421"},{"day":2,"utc":"19:43:00","flight":"TN695"},{"day":3,"utc":"21:09:00","flight":"TN977"},{"day":3,"utc":"01:30:00","flight":"TN296"},{"day":3,"utc":"08:42:00","flight":"TN514"},{"day":3,"utc":"02:57:00","flight":"TN339"},{"day":4,"utc":"06:31:00","flight":"TN607"},{"day":5,"utc":"11:44:00","flight":"TN511"},{"day":5,"utc":"15:06:00","flight":"TN016"},{"day":5,"utc":"00:50:00","flight":"TN659"},{"day":5,"utc":"20:20:00","flight":"TN788"},{"day":6,"utc":"19:08:00","flight":"TN775"},{"day":6,"utc":"14:15:00","flight":"TN945"},{"day":6,"utc":"09:50:00","flight":"TN605"},{"day":6,"utc":"04:06:00","flight":"TN454"},{"day":6,"utc":"23:26:00","flight":"TN719"}],"distance":9102.508107140527}