{"id":52970,"type":"route","airline":"TN","airlineid":"airline_225","sourceairport":"AKL","destinationairport":"SYD","stops":0,"equipment":"73H","schedule":[{"day":0,"utc":"15:15:00","flight":"TN679"},{"day":0,"utc":"17:14:00","flight":"TN700"},{"day":0,"utc":"12:13:00","flight":"TN471"},{"day":0,"utc":"06:14:00","flight":"TN312"},{"day":1,"utc":"04:53:00","flight":"TN940"},{"day":1,"utc":"15:27:00","flight":"TN853"},{"day":1,"utc":"03:26:00","flight":"TN503"},{"day":1,"utc":"15:02:00","flight":"TN905"},{"day":1,"utc":"09:47:00","flight":"TN837"},{"day":2,"utc":"21:07:00","flight":"TN785"},{"day":2,"utc":"09:49:00","flight":"TN851"},{"day":2,"utc":"05:20:00","flight":"TN571"},{"day":2,"utc":"08:22:00","flight":"TN307"},{"day":3,"utc":"08:43:00","flight":"TN347"},{"day":3,"utc":"08:22:00","flight":"TN030"},{"day":3,"utc":"08:47:00","flight":"TN066"},{"day":3,"utc":"19:03:00","flight":"TN999"},{"day":4,"utc":"13:29:00","flight":"TN210"},{"day":5,"utc":"15:07:00","flight":"TN618"},{"day":6,"utc":"10:55:00","flight":"TN448"},{"day":6,"utc":"19:28:00","flight":"TN637"},{"day":6,"utc":"23:40:00","flight":"TN170"},{"day":6,"utc":"06:34:00","flight":"TN835"},{"day":6,"utc":"04:47:00","flight":"TN713"}],"distance":2159.5308476268174}