{
  "name": "Marc Mills",
  "addresses": [
    {
      "type": "home",
      "address": "00684 Murray Plains",
      "city": "Pinuna",
      "country": "Syria"
    }
  ],
  "driving_licence": "af5d1641-0637-5cb9-961a-f24f3847caf2",
  "passport": "fbe2c719-26ef-5ca3-8448-038eb307b3c9",
  "preferred_email": "marcmills@wif.yt",
  "preferred_phone": "(980) 901-2544",
  "preferred_airline": "inventory.airline.airline_928",
  "preferred_airport": null,
  "credit_cards": [
    {
      "type": "American Express",
      "number": "341279851511624",
      "expiration": "2021-08"
    },
    {
      "type": "American Express",
      "number": "343899278307922",
      "expiration": "2021-05"
    }
  ],
  "created": "2020-10-29",
  "updated": "2021-02-18"
}