{"id":52980,"type":"route","airline":"TN","airlineid":"airline_225","sourceairport":"PPT","destinationairport":"AKL","stops":0,"equipment":"343 763","schedule":[{"day":0,"utc":"12:29:00","flight":"TN431"},{"day":0,"utc":"02:48:00","flight":"TN627"},{"day":1,"utc":"17:31:00","flight":"TN322"},{"day":1,"utc":"14:56:00","flight":"TN075"},{"day":2,"utc":"04:17:00","flight":"TN569"},{"day":2,"utc":"15:49:00","flight":"TN102"},{"day":2,"utc":"04:15:00","flight":"TN733"},{"day":3,"utc":"16:06:00","flight":"TN408"},{"day":3,"utc":"06:52:00","flight":"TN185"},{"day":4,"utc":"06:48:00","flight":"TN684"},{"day":4,"utc":"07:25:00","flight":"TN687"},{"day":4,"utc":"00:25:00","flight":"TN896"},{"day":4,"utc":"14:37:00","flight":"TN630"},{"day":5,"utc":"18:35:00","flight":"TN820"},{"day":5,"utc":"14:39:00","flight":"TN177"},{"day":5,"utc":"03:05:00","flight":"TN432"},{"day":5,"utc":"21:45:00","flight":"TN648"},{"day":6,"utc":"13:22:00","flight":"TN037"},{"day":6,"utc":"04:14:00","flight":"TN642"}],"distance":4092.821835541463}