{"id":10624,"type":"route","airline":"AI","airlineid":"airline_218","sourceairport":"SFO","destinationairport":"HKG","stops":0,"equipment":"77W","schedule":[{"day":0,"utc":"09:43:00","flight":"AI472"},{"day":1,"utc":"10:19:00","flight":"AI468"},{"day":1,"utc":"16:59:00","flight":"AI559"},{"day":1,"utc":"16:53:00","flight":"AI286"},{"day":1,"utc":"13:11:00","flight":"AI125"},{"day":1,"utc":"02:53:00","flight":"AI386"},{"day":2,"utc":"14:44:00","flight":"AI421"},{"day":2,"utc":"12:15:00","flight":"AI517"},{"day":2,"utc":"03:24:00","flight":"AI775"},{"day":2,"utc":"23:44:00","flight":"AI712"},{"day":3,"utc":"06:18:00","flight":"AI976"},{"day":3,"utc":"01:44:00","flight":"AI021"},{"day":3,"utc":"13:43:00","flight":"AI695"},{"day":3,"utc":"06:05:00","flight":"AI914"},{"day":3,"utc":"21:30:00","flight":"AI076"},{"day":4,"utc":"02:44:00","flight":"AI486"},{"day":4,"utc":"12:30:00","flight":"AI485"},{"day":4,"utc":"04:24:00","flight":"AI093"},{"day":5,"utc":"16:39:00","flight":"AI298"},{"day":5,"utc":"18:11:00","flight":"AI386"},{"day":6,"utc":"04:44:00","flight":"AI836"}],"distance":11128.182035009515}