{"id":52976,"type":"route","airline":"TN","airlineid":"airline_225","sourceairport":"MEL","destinationairport":"AKL","stops":0,"equipment":"73H","schedule":[{"day":0,"utc":"18:26:00","flight":"TN358"},{"day":0,"utc":"18:16:00","flight":"TN831"},{"day":0,"utc":"04:04:00","flight":"TN320"},{"day":0,"utc":"11:02:00","flight":"TN620"},{"day":1,"utc":"15:19:00","flight":"TN756"},{"day":1,"utc":"08:01:00","flight":"TN440"},{"day":1,"utc":"08:36:00","flight":"TN817"},{"day":2,"utc":"10:49:00","flight":"TN037"},{"day":3,"utc":"02:24:00","flight":"TN672"},{"day":3,"utc":"01:49:00","flight":"TN139"},{"day":3,"utc":"10:29:00","flight":"TN687"},{"day":3,"utc":"10:08:00","flight":"TN043"},{"day":4,"utc":"19:58:00","flight":"TN426"},{"day":4,"utc":"17:23:00","flight":"TN321"},{"day":5,"utc":"07:10:00","flight":"TN335"},{"day":5,"utc":"10:01:00","flight":"TN913"},{"day":5,"utc":"08:06:00","flight":"TN559"},{"day":6,"utc":"04:18:00","flight":"TN795"}],"distance":2637.3028974198487}