{"id":6772,"type":"route","airline":"AA","airlineid":"airline_24","sourceairport":"SFO","destinationairport":"HND","stops":0,"equipment":"787","schedule":[{"day":0,"utc":"06:29:00","flight":"AA130"},{"day":0,"utc":"16:58:00","flight":"AA217"},{"day":1,"utc":"07:03:00","flight":"AA209"},{"day":1,"utc":"04:52:00","flight":"AA783"},{"day":2,"utc":"16:53:00","flight":"AA021"},{"day":3,"utc":"13:57:00","flight":"AA784"},{"day":3,"utc":"11:20:00","flight":"AA617"},{"day":3,"utc":"02:47:00","flight":"AA123"},{"day":4,"utc":"08:10:00","flight":"AA743"},{"day":4,"utc":"19:20:00","flight":"AA308"},{"day":4,"utc":"01:21:00","flight":"AA820"},{"day":4,"utc":"09:14:00","flight":"AA356"},{"day":5,"utc":"23:14:00","flight":"AA058"},{"day":5,"utc":"18:15:00","flight":"AA351"},{"day":5,"utc":"16:01:00","flight":"AA537"},{"day":6,"utc":"23:35:00","flight":"AA791"},{"day":6,"utc":"02:12:00","flight":"AA059"},{"day":6,"utc":"21:28:00","flight":"AA901"}],"distance":8285.907817758638}