{"title":"Swansea Bay","name":"Aberdulais Falls and Tin Works","alt":null,"address":"Aberdulais, Neath, Neath Port Talbot, SA10 8EU","directions":null,"phone":"+44 1639 636674","tollfree":null,"email":"aberdulais@nationaltrust.org.uk","url":"http://www.nationaltrust.org.uk/aberdulais-tinworks-and-waterfall/","hours":null,"image":null,"price":null,"content":"One of the most famous waterfalls of Wales, the Aberdulais Falls can be found near the village of Aberdulais in the lower Neath Valley.  The waterfall area is now a National Trust property who operate a visitor centre. The waterfall exhibition features a working waterwheel.","geo":{"lat":51.680698,"lon":-3.77791,"accuracy":"APPROXIMATE"},"activity":"see","type":"landmark","id":28961,"country":"United Kingdom","city":"Aberdulais","state":null}