{"id":11216,"type":"route","airline":"AM","airlineid":"airline_321","sourceairport":"SFO","destinationairport":"MLM","stops":0,"equipment":"738","schedule":[{"day":0,"utc":"19:11:00","flight":"AM327"},{"day":1,"utc":"08:19:00","flight":"AM411"},{"day":1,"utc":"01:30:00","flight":"AM784"},{"day":2,"utc":"08:10:00","flight":"AM637"},{"day":2,"utc":"16:59:00","flight":"AM710"},{"day":2,"utc":"21:09:00","flight":"AM211"},{"day":2,"utc":"22:37:00","flight":"AM755"},{"day":3,"utc":"03:25:00","flight":"AM590"},{"day":3,"utc":"06:03:00","flight":"AM561"},{"day":3,"utc":"10:49:00","flight":"AM859"},{"day":3,"utc":"00:05:00","flight":"AM486"},{"day":4,"utc":"21:07:00","flight":"AM785"},{"day":4,"utc":"23:54:00","flight":"AM091"},{"day":4,"utc":"17:13:00","flight":"AM037"},{"day":4,"utc":"08:59:00","flight":"AM183"},{"day":4,"utc":"04:01:00","flight":"AM806"},{"day":5,"utc":"14:49:00","flight":"AM124"},{"day":5,"utc":"12:10:00","flight":"AM277"},{"day":5,"utc":"16:56:00","flight":"AM796"},{"day":5,"utc":"05:21:00","flight":"AM786"},{"day":6,"utc":"04:57:00","flight":"AM832"},{"day":6,"utc":"17:33:00","flight":"AM153"},{"day":6,"utc":"10:01:00","flight":"AM953"}],"distance":2856.355659261075}