{"id":271,"type":"route","airline":"3F","airlineid":"airline_16262","sourceairport":"CGA","destinationairport":"HYL","stops":0,"equipment":"DHP","schedule":[{"day":0,"utc":"22:43:00","flight":"3F403"},{"day":1,"utc":"01:48:00","flight":"3F883"},{"day":2,"utc":"05:43:00","flight":"3F418"},{"day":2,"utc":"22:24:00","flight":"3F778"},{"day":3,"utc":"04:44:00","flight":"3F332"},{"day":3,"utc":"14:20:00","flight":"3F405"},{"day":3,"utc":"11:01:00","flight":"3F055"},{"day":4,"utc":"12:35:00","flight":"3F314"},{"day":4,"utc":"21:03:00","flight":"3F613"},{"day":4,"utc":"09:12:00","flight":"3F010"},{"day":4,"utc":"22:15:00","flight":"3F054"},{"day":4,"utc":"21:54:00","flight":"3F502"},{"day":5,"utc":"18:01:00","flight":"3F853"},{"day":6,"utc":"09:35:00","flight":"3F109"},{"day":6,"utc":"10:06:00","flight":"3F098"}],"distance":31.613003135476145}