{"id":52981,"type":"route","airline":"TN","airlineid":"airline_225","sourceairport":"PPT","destinationairport":"LAX","stops":0,"equipment":"343","schedule":[{"day":0,"utc":"05:36:00","flight":"TN301"},{"day":0,"utc":"01:48:00","flight":"TN317"},{"day":1,"utc":"20:17:00","flight":"TN568"},{"day":1,"utc":"04:53:00","flight":"TN185"},{"day":1,"utc":"02:17:00","flight":"TN816"},{"day":2,"utc":"04:05:00","flight":"TN333"},{"day":2,"utc":"00:46:00","flight":"TN994"},{"day":2,"utc":"13:24:00","flight":"TN434"},{"day":2,"utc":"20:47:00","flight":"TN816"},{"day":3,"utc":"16:22:00","flight":"TN865"},{"day":3,"utc":"19:41:00","flight":"TN650"},{"day":3,"utc":"11:46:00","flight":"TN197"},{"day":3,"utc":"05:54:00","flight":"TN800"},{"day":4,"utc":"19:24:00","flight":"TN972"},{"day":4,"utc":"23:37:00","flight":"TN251"},{"day":4,"utc":"02:51:00","flight":"TN024"},{"day":5,"utc":"16:14:00","flight":"TN766"},{"day":5,"utc":"07:25:00","flight":"TN857"},{"day":6,"utc":"01:35:00","flight":"TN307"},{"day":6,"utc":"12:05:00","flight":"TN924"},{"day":6,"utc":"10:36:00","flight":"TN522"}],"distance":6611.933232532142}