{"id":59578,"type":"route","airline":"US","airlineid":"airline_5265","sourceairport":"LHR","destinationairport":"CLT","stops":0,"equipment":"333","schedule":[{"day":0,"utc":"04:17:00","flight":"US079"},{"day":1,"utc":"17:33:00","flight":"US848"},{"day":1,"utc":"04:42:00","flight":"US024"},{"day":2,"utc":"08:52:00","flight":"US384"},{"day":2,"utc":"02:54:00","flight":"US041"},{"day":2,"utc":"11:38:00","flight":"US544"},{"day":2,"utc":"01:58:00","flight":"US681"},{"day":3,"utc":"08:05:00","flight":"US489"},{"day":4,"utc":"05:47:00","flight":"US959"},{"day":5,"utc":"21:24:00","flight":"US695"},{"day":5,"utc":"02:36:00","flight":"US816"},{"day":5,"utc":"18:36:00","flight":"US027"},{"day":5,"utc":"17:54:00","flight":"US130"},{"day":6,"utc":"18:09:00","flight":"US119"},{"day":6,"utc":"06:11:00","flight":"US967"},{"day":6,"utc":"05:05:00","flight":"US972"},{"day":6,"utc":"09:32:00","flight":"US318"},{"day":6,"utc":"16:13:00","flight":"US616"}],"distance":6408.953757371207}