{"title":"Wales Coast Path","name":"Aberporth beach","alt":null,"address":null,"directions":null,"phone":null,"tollfree":null,"email":null,"url":"http://www.blueflag.org/menu/awarded-sites/2012/northern-hemisphere/wales/wales/aberporth","hours":null,"image":"https://en.wikivoyage.org/wiki/File:Aberporth Ceredigion Cymru Wales 08.JPG","price":null,"content":"Blue Flag beach","geo":{"lat":52.134331,"lon":-4.544975,"accuracy":"APPROXIMATE"},"activity":"do","type":"landmark","id":40061,"country":"United Kingdom","city":"Aberporth","state":null,"image_direct_url":"https://upload.wikimedia.org/wikipedia/commons/2/22/Aberporth_Ceredigion_Cymru_Wales_08.JPG"}