{"id":6769,"type":"route","airline":"AA","airlineid":"airline_24","sourceairport":"SFO","destinationairport":"CLT","stops":0,"equipment":"321","schedule":[{"day":0,"utc":"22:59:00","flight":"AA263"},{"day":0,"utc":"13:36:00","flight":"AA537"},{"day":1,"utc":"09:01:00","flight":"AA947"},{"day":1,"utc":"15:52:00","flight":"AA321"},{"day":1,"utc":"04:20:00","flight":"AA701"},{"day":1,"utc":"01:00:00","flight":"AA895"},{"day":1,"utc":"05:26:00","flight":"AA135"},{"day":2,"utc":"05:28:00","flight":"AA002"},{"day":3,"utc":"12:50:00","flight":"AA559"},{"day":3,"utc":"14:01:00","flight":"AA477"},{"day":3,"utc":"14:12:00","flight":"AA789"},{"day":3,"utc":"02:57:00","flight":"AA045"},{"day":3,"utc":"07:20:00","flight":"AA781"},{"day":4,"utc":"10:46:00","flight":"AA498"},{"day":4,"utc":"10:09:00","flight":"AA362"},{"day":4,"utc":"16:27:00","flight":"AA190"},{"day":4,"utc":"09:52:00","flight":"AA463"},{"day":4,"utc":"07:00:00","flight":"AA837"},{"day":5,"utc":"03:03:00","flight":"AA151"},{"day":5,"utc":"20:00:00","flight":"AA441"},{"day":5,"utc":"14:11:00","flight":"AA370"},{"day":6,"utc":"21:30:00","flight":"AA987"},{"day":6,"utc":"11:28:00","flight":"AA180"},{"day":6,"utc":"07:49:00","flight":"AA517"}],"distance":3686.958411455225}