{"id":14239,"type":"route","airline":"B6","airlineid":"airline_3029","sourceairport":"SFO","destinationairport":"AUS","stops":0,"equipment":"320","schedule":[{"day":0,"utc":"02:34:00","flight":"B6555"},{"day":1,"utc":"16:58:00","flight":"B6412"},{"day":1,"utc":"14:15:00","flight":"B6714"},{"day":1,"utc":"09:13:00","flight":"B6245"},{"day":2,"utc":"04:29:00","flight":"B6527"},{"day":2,"utc":"08:55:00","flight":"B6644"},{"day":2,"utc":"01:11:00","flight":"B6534"},{"day":2,"utc":"23:01:00","flight":"B6388"},{"day":2,"utc":"22:14:00","flight":"B6426"},{"day":3,"utc":"04:53:00","flight":"B6017"},{"day":3,"utc":"04:49:00","flight":"B6681"},{"day":3,"utc":"22:03:00","flight":"B6161"},{"day":3,"utc":"20:09:00","flight":"B6717"},{"day":3,"utc":"04:10:00","flight":"B6595"},{"day":4,"utc":"19:13:00","flight":"B6115"},{"day":4,"utc":"22:52:00","flight":"B6354"},{"day":4,"utc":"21:04:00","flight":"B6161"},{"day":5,"utc":"20:02:00","flight":"B6539"},{"day":5,"utc":"08:05:00","flight":"B6692"},{"day":6,"utc":"20:22:00","flight":"B6993"},{"day":6,"utc":"12:51:00","flight":"B6604"},{"day":6,"utc":"12:07:00","flight":"B6663"},{"day":6,"utc":"05:14:00","flight":"B6731"}],"distance":2416.0035377223094}