{"id":11675,"type":"route","airline":"AS","airlineid":"airline_439","sourceairport":"JFK","destinationairport":"SFO","stops":0,"equipment":"321 763","schedule":[{"day":0,"utc":"01:41:00","flight":"AS717"},{"day":0,"utc":"01:56:00","flight":"AS244"},{"day":0,"utc":"07:52:00","flight":"AS188"},{"day":0,"utc":"06:32:00","flight":"AS532"},{"day":0,"utc":"06:23:00","flight":"AS591"},{"day":1,"utc":"16:25:00","flight":"AS921"},{"day":2,"utc":"12:55:00","flight":"AS915"},{"day":2,"utc":"00:16:00","flight":"AS829"},{"day":2,"utc":"06:42:00","flight":"AS452"},{"day":3,"utc":"15:43:00","flight":"AS962"},{"day":3,"utc":"08:14:00","flight":"AS426"},{"day":4,"utc":"22:02:00","flight":"AS255"},{"day":4,"utc":"20:54:00","flight":"AS331"},{"day":4,"utc":"23:59:00","flight":"AS090"},{"day":4,"utc":"18:36:00","flight":"AS794"},{"day":4,"utc":"19:52:00","flight":"AS147"},{"day":5,"utc":"17:16:00","flight":"AS246"},{"day":5,"utc":"12:57:00","flight":"AS399"},{"day":6,"utc":"06:37:00","flight":"AS868"},{"day":6,"utc":"21:25:00","flight":"AS094"},{"day":6,"utc":"05:54:00","flight":"AS236"},{"day":6,"utc":"14:58:00","flight":"AS631"},{"day":6,"utc":"02:21:00","flight":"AS790"}],"distance":4151.77720839701}