{"id":10004,"type":"route","airline":"AF","airlineid":"airline_137","sourceairport":"TPE","destinationairport":"AMS","stops":0,"equipment":"777","schedule":[{"day":0,"utc":"13:22:00","flight":"AF545"},{"day":0,"utc":"01:21:00","flight":"AF350"},{"day":0,"utc":"19:38:00","flight":"AF805"},{"day":0,"utc":"19:47:00","flight":"AF290"},{"day":0,"utc":"15:44:00","flight":"AF173"},{"day":1,"utc":"11:59:00","flight":"AF659"},{"day":1,"utc":"00:51:00","flight":"AF258"},{"day":1,"utc":"09:21:00","flight":"AF312"},{"day":1,"utc":"00:41:00","flight":"AF667"},{"day":1,"utc":"03:16:00","flight":"AF495"},{"day":2,"utc":"03:58:00","flight":"AF855"},{"day":3,"utc":"05:28:00","flight":"AF229"},{"day":3,"utc":"10:06:00","flight":"AF299"},{"day":3,"utc":"11:57:00","flight":"AF821"},{"day":4,"utc":"10:28:00","flight":"AF665"},{"day":4,"utc":"22:25:00","flight":"AF373"},{"day":4,"utc":"12:22:00","flight":"AF363"},{"day":4,"utc":"12:05:00","flight":"AF109"},{"day":4,"utc":"15:08:00","flight":"AF352"},{"day":5,"utc":"05:08:00","flight":"AF048"},{"day":5,"utc":"23:21:00","flight":"AF901"},{"day":5,"utc":"08:22:00","flight":"AF103"},{"day":6,"utc":"02:32:00","flight":"AF250"}],"distance":9442.50092891188}