{"id":56915,"type":"route","airline":"UA","airlineid":"airline_5209","sourceairport":"JFK","destinationairport":"SFO","stops":0,"equipment":"757","schedule":[{"day":0,"utc":"16:29:00","flight":"UA389"},{"day":1,"utc":"00:24:00","flight":"UA688"},{"day":1,"utc":"04:58:00","flight":"UA876"},{"day":1,"utc":"12:09:00","flight":"UA550"},{"day":2,"utc":"23:39:00","flight":"UA087"},{"day":2,"utc":"02:10:00","flight":"UA967"},{"day":2,"utc":"18:51:00","flight":"UA878"},{"day":3,"utc":"12:58:00","flight":"UA028"},{"day":3,"utc":"06:16:00","flight":"UA000"},{"day":3,"utc":"02:04:00","flight":"UA675"},{"day":4,"utc":"19:25:00","flight":"UA542"},{"day":4,"utc":"11:40:00","flight":"UA970"},{"day":4,"utc":"15:51:00","flight":"UA504"},{"day":4,"utc":"23:35:00","flight":"UA003"},{"day":5,"utc":"02:25:00","flight":"UA708"},{"day":5,"utc":"22:50:00","flight":"UA039"},{"day":5,"utc":"08:09:00","flight":"UA381"},{"day":6,"utc":"15:45:00","flight":"UA349"},{"day":6,"utc":"14:38:00","flight":"UA781"}],"distance":4151.77720839701}