{"id":25231,"type":"route","airline":"FL","airlineid":"airline_1316","sourceairport":"MCO","destinationairport":"ORF","stops":1,"equipment":"717","schedule":[{"day":0,"utc":"16:35:00","flight":"FL719"},{"day":0,"utc":"01:53:00","flight":"FL224"},{"day":0,"utc":"22:48:00","flight":"FL171"},{"day":1,"utc":"13:23:00","flight":"FL338"},{"day":1,"utc":"01:12:00","flight":"FL910"},{"day":1,"utc":"13:34:00","flight":"FL858"},{"day":2,"utc":"11:06:00","flight":"FL599"},{"day":2,"utc":"23:04:00","flight":"FL742"},{"day":2,"utc":"15:53:00","flight":"FL298"},{"day":2,"utc":"04:16:00","flight":"FL896"},{"day":3,"utc":"12:37:00","flight":"FL566"},{"day":3,"utc":"11:52:00","flight":"FL117"},{"day":4,"utc":"01:20:00","flight":"FL234"},{"day":4,"utc":"04:59:00","flight":"FL501"},{"day":4,"utc":"00:18:00","flight":"FL762"},{"day":4,"utc":"23:45:00","flight":"FL819"},{"day":5,"utc":"15:29:00","flight":"FL646"},{"day":5,"utc":"06:56:00","flight":"FL078"},{"day":5,"utc":"01:41:00","flight":"FL104"},{"day":5,"utc":"00:18:00","flight":"FL589"},{"day":6,"utc":"20:38:00","flight":"FL578"}],"distance":1055.308218887071}