{"id":52977,"type":"route","airline":"TN","airlineid":"airline_225","sourceairport":"MOF","destinationairport":"KOE","stops":0,"equipment":"F50","schedule":[{"day":0,"utc":"06:38:00","flight":"TN309"},{"day":0,"utc":"07:02:00","flight":"TN994"},{"day":1,"utc":"23:15:00","flight":"TN001"},{"day":1,"utc":"03:18:00","flight":"TN443"},{"day":1,"utc":"10:58:00","flight":"TN376"},{"day":1,"utc":"23:19:00","flight":"TN225"},{"day":1,"utc":"16:19:00","flight":"TN490"},{"day":2,"utc":"08:28:00","flight":"TN609"},{"day":2,"utc":"04:40:00","flight":"TN459"},{"day":2,"utc":"21:09:00","flight":"TN209"},{"day":3,"utc":"08:57:00","flight":"TN999"},{"day":3,"utc":"11:50:00","flight":"TN389"},{"day":4,"utc":"09:33:00","flight":"TN865"},{"day":4,"utc":"19:10:00","flight":"TN596"},{"day":4,"utc":"07:06:00","flight":"TN104"},{"day":4,"utc":"08:11:00","flight":"TN147"},{"day":5,"utc":"04:16:00","flight":"TN787"},{"day":5,"utc":"02:14:00","flight":"TN031"},{"day":6,"utc":"09:28:00","flight":"TN554"},{"day":6,"utc":"01:14:00","flight":"TN236"},{"day":6,"utc":"13:13:00","flight":"TN824"}],"distance":231.80219500435726}