{"id":276,"type":"route","airline":"3F","airlineid":"airline_16262","sourceairport":"KTB","destinationairport":"HYL","stops":0,"equipment":"DHP","schedule":[{"day":0,"utc":"04:30:00","flight":"3F430"},{"day":0,"utc":"04:03:00","flight":"3F280"},{"day":0,"utc":"20:24:00","flight":"3F561"},{"day":0,"utc":"23:15:00","flight":"3F802"},{"day":0,"utc":"18:28:00","flight":"3F860"},{"day":1,"utc":"05:22:00","flight":"3F173"},{"day":2,"utc":"09:40:00","flight":"3F277"},{"day":3,"utc":"15:19:00","flight":"3F034"},{"day":3,"utc":"22:10:00","flight":"3F509"},{"day":3,"utc":"05:58:00","flight":"3F179"},{"day":4,"utc":"19:05:00","flight":"3F913"},{"day":5,"utc":"14:59:00","flight":"3F533"},{"day":5,"utc":"07:46:00","flight":"3F329"},{"day":5,"utc":"23:39:00","flight":"3F939"},{"day":6,"utc":"12:21:00","flight":"3F711"},{"day":6,"utc":"13:46:00","flight":"3F775"},{"day":6,"utc":"10:21:00","flight":"3F503"},{"day":6,"utc":"22:44:00","flight":"3F526"}],"distance":23.957943869396804}