{"id":55764,"type":"route","airline":"UA","airlineid":"airline_5209","sourceairport":"ABQ","destinationairport":"LAX","stops":0,"equipment":"CRJ","schedule":[{"day":0,"utc":"04:50:00","flight":"UA463"},{"day":0,"utc":"07:58:00","flight":"UA791"},{"day":1,"utc":"01:46:00","flight":"UA988"},{"day":1,"utc":"08:32:00","flight":"UA504"},{"day":2,"utc":"08:15:00","flight":"UA011"},{"day":2,"utc":"14:17:00","flight":"UA661"},{"day":2,"utc":"20:24:00","flight":"UA807"},{"day":3,"utc":"17:28:00","flight":"UA662"},{"day":3,"utc":"22:55:00","flight":"UA972"},{"day":4,"utc":"12:04:00","flight":"UA340"},{"day":4,"utc":"07:16:00","flight":"UA650"},{"day":4,"utc":"04:52:00","flight":"UA551"},{"day":5,"utc":"02:38:00","flight":"UA896"},{"day":5,"utc":"04:51:00","flight":"UA602"},{"day":5,"utc":"23:40:00","flight":"UA928"},{"day":6,"utc":"20:14:00","flight":"UA989"}],"distance":1087.561870812024}