{"id":10240,"type":"route","airline":"AH","airlineid":"airline_794","sourceairport":"ORY","destinationairport":"AAE","stops":0,"equipment":"736","schedule":[{"day":0,"utc":"21:27:00","flight":"AH265"},{"day":0,"utc":"00:43:00","flight":"AH809"},{"day":0,"utc":"18:53:00","flight":"AH785"},{"day":0,"utc":"06:54:00","flight":"AH631"},{"day":1,"utc":"19:33:00","flight":"AH917"},{"day":2,"utc":"11:39:00","flight":"AH681"},{"day":2,"utc":"03:44:00","flight":"AH777"},{"day":2,"utc":"07:57:00","flight":"AH388"},{"day":2,"utc":"07:19:00","flight":"AH024"},{"day":3,"utc":"21:09:00","flight":"AH787"},{"day":3,"utc":"15:02:00","flight":"AH034"},{"day":3,"utc":"17:38:00","flight":"AH312"},{"day":4,"utc":"02:19:00","flight":"AH930"},{"day":4,"utc":"06:54:00","flight":"AH212"},{"day":4,"utc":"11:00:00","flight":"AH135"},{"day":4,"utc":"07:15:00","flight":"AH919"},{"day":4,"utc":"02:55:00","flight":"AH893"},{"day":5,"utc":"13:14:00","flight":"AH719"},{"day":6,"utc":"13:17:00","flight":"AH130"},{"day":6,"utc":"02:34:00","flight":"AH000"},{"day":6,"utc":"20:34:00","flight":"AH381"}],"distance":1395.3690007167947}