{"id":52983,"type":"route","airline":"TN","airlineid":"airline_225","sourceairport":"SYD","destinationairport":"AKL","stops":0,"equipment":"73H","schedule":[{"day":0,"utc":"17:26:00","flight":"TN511"},{"day":0,"utc":"23:00:00","flight":"TN769"},{"day":0,"utc":"10:09:00","flight":"TN428"},{"day":1,"utc":"05:45:00","flight":"TN218"},{"day":1,"utc":"21:59:00","flight":"TN399"},{"day":2,"utc":"17:32:00","flight":"TN225"},{"day":2,"utc":"03:13:00","flight":"TN876"},{"day":2,"utc":"08:56:00","flight":"TN689"},{"day":2,"utc":"13:58:00","flight":"TN200"},{"day":3,"utc":"20:13:00","flight":"TN186"},{"day":3,"utc":"11:00:00","flight":"TN214"},{"day":3,"utc":"07:27:00","flight":"TN024"},{"day":4,"utc":"13:34:00","flight":"TN653"},{"day":4,"utc":"13:35:00","flight":"TN197"},{"day":5,"utc":"04:58:00","flight":"TN903"},{"day":5,"utc":"07:14:00","flight":"TN148"},{"day":5,"utc":"19:17:00","flight":"TN322"},{"day":5,"utc":"01:22:00","flight":"TN262"},{"day":5,"utc":"17:53:00","flight":"TN931"},{"day":6,"utc":"02:54:00","flight":"TN351"},{"day":6,"utc":"23:58:00","flight":"TN302"}],"distance":2159.5308476268174}