{"id":11979,"type":"route","airline":"AS","airlineid":"airline_439","sourceairport":"SFO","destinationairport":"DFW","stops":0,"equipment":"738 757 763","schedule":[{"day":0,"utc":"09:26:00","flight":"AS454"},{"day":1,"utc":"06:26:00","flight":"AS370"},{"day":1,"utc":"21:57:00","flight":"AS947"},{"day":1,"utc":"22:22:00","flight":"AS224"},{"day":1,"utc":"21:43:00","flight":"AS726"},{"day":1,"utc":"23:10:00","flight":"AS686"},{"day":2,"utc":"10:27:00","flight":"AS344"},{"day":2,"utc":"03:38:00","flight":"AS422"},{"day":2,"utc":"07:04:00","flight":"AS907"},{"day":2,"utc":"09:59:00","flight":"AS586"},{"day":3,"utc":"01:26:00","flight":"AS114"},{"day":3,"utc":"06:39:00","flight":"AS809"},{"day":4,"utc":"19:04:00","flight":"AS740"},{"day":4,"utc":"21:35:00","flight":"AS453"},{"day":4,"utc":"10:34:00","flight":"AS940"},{"day":4,"utc":"19:54:00","flight":"AS229"},{"day":5,"utc":"13:07:00","flight":"AS321"},{"day":5,"utc":"13:06:00","flight":"AS638"},{"day":5,"utc":"09:19:00","flight":"AS758"},{"day":5,"utc":"14:24:00","flight":"AS827"},{"day":6,"utc":"16:47:00","flight":"AS974"},{"day":6,"utc":"08:56:00","flight":"AS837"},{"day":6,"utc":"02:10:00","flight":"AS460"},{"day":6,"utc":"16:41:00","flight":"AS556"}],"distance":2351.9304268250853}