{"title":"Avignon","name":"Au Tout Petit","alt":null,"address":"4, rue d'Amphoux","directions":null,"phone":"+33 4 90 82 38 86","tollfree":null,"email":null,"url":null,"hours":null,"image":null,"price":"Three-course dinner menu is €24","content":"This restaurant is tiny and has a ''cuisine ré-créative'', taking traditional European dishes and giving them a little twist such  as red gazpacho with no tomatoes. The dishes can be a bit inventive, ask questions about them before you order.  Wine list is also great, reservations recommended for groups.","geo":{"lat":43.94751957388201,"lon":4.811409504545736,"accuracy":"RANGE_INTERPOLATED"},"activity":"eat","type":"landmark","id":1354,"country":"France","city":"Avignon","state":"Provence-Alpes-Côte d'Azur"}