{"id":11215,"type":"route","airline":"AM","airlineid":"airline_321","sourceairport":"SFO","destinationairport":"MEX","stops":0,"equipment":"737","schedule":[{"day":0,"utc":"22:51:00","flight":"AM562"},{"day":0,"utc":"18:10:00","flight":"AM665"},{"day":0,"utc":"23:56:00","flight":"AM429"},{"day":0,"utc":"15:48:00","flight":"AM738"},{"day":0,"utc":"00:55:00","flight":"AM320"},{"day":1,"utc":"05:25:00","flight":"AM282"},{"day":2,"utc":"06:58:00","flight":"AM351"},{"day":2,"utc":"03:22:00","flight":"AM596"},{"day":3,"utc":"02:43:00","flight":"AM838"},{"day":3,"utc":"01:36:00","flight":"AM738"},{"day":3,"utc":"11:30:00","flight":"AM840"},{"day":3,"utc":"12:33:00","flight":"AM119"},{"day":4,"utc":"21:28:00","flight":"AM983"},{"day":4,"utc":"10:12:00","flight":"AM344"},{"day":4,"utc":"10:36:00","flight":"AM558"},{"day":4,"utc":"08:16:00","flight":"AM726"},{"day":5,"utc":"16:22:00","flight":"AM099"},{"day":5,"utc":"12:42:00","flight":"AM774"},{"day":5,"utc":"06:20:00","flight":"AM300"},{"day":6,"utc":"21:27:00","flight":"AM380"},{"day":6,"utc":"21:39:00","flight":"AM926"},{"day":6,"utc":"13:09:00","flight":"AM384"},{"day":6,"utc":"05:34:00","flight":"AM614"},{"day":6,"utc":"17:46:00","flight":"AM733"}],"distance":3028.410749810075}