{"title":"Abbeville","name":"Chez Mel","alt":null,"address":"63-65 rue Saint-Vulfran","directions":null,"phone":"+33 3 22 19 48 64","tollfree":null,"email":null,"url":null,"hours":null,"image":null,"price":null,"content":"With an old style setting and musical accompaniment, this is a hearty and family-friendly crêpe restaurant. It is also a tea room in the afternoon.","geo":{"lat":50.104437,"lon":1.829432,"accuracy":"RANGE_INTERPOLATED"},"activity":"eat","type":"landmark","id":33,"country":"France","city":"Abbeville","state":"Picardie"}