{
  "name": "Verdie Jaskolski",
  "addresses": [
    {
      "type": "home",
      "address": "3803 Reinger Overpass",
      "city": "Austin",
      "country": "United States"
    },
    {
      "type": "work",
      "address": "2652 Oren Extensions",
      "city": "Austin",
      "country": "United States"
    }
  ],
  "driving_licence": "ffabae21-dc26-5740-ae4e-176688395e9b",
  "passport": "0ec13791-91f0-5b9f-9c60-00b119b26ae0",
  "preferred_email": "verdiejaskolski@diren.kp",
  "preferred_phone": "(424) 558-8680",
  "preferred_airline": "inventory.airline.airline_1316",
  "preferred_airport": "inventory.airport.airport_3673",
  "credit_cards": [
    {
      "type": "Mastercard",
      "number": "5144935401449080",
      "expiration": "2021-04"
    }
  ],
  "created": "2020-07-16",
  "updated": "2021-02-18"
}